# https://github.com/mikedh/trimesh
v 20.20000000 -4.10000000 0.00000000
v 18.20600000 -4.10000000 0.00000000
v 18.20221913 -4.46062784 0.00000000
v 18.18956411 -4.51439098 0.00000000
v 18.16840674 -4.60174712 0.00000000
v 18.13869329 -4.72085611 0.00000000
v 18.10037004 -4.86987779 0.00000000
v 18.05338326 -5.04697199 0.00000000
v 17.99767923 -5.25029855 0.00000000
v 17.93320420 -5.47801731 0.00000000
v 17.85990447 -5.72828812 0.00000000
v 17.77772630 -5.99927081 0.00000000
v 17.68661596 -6.28912522 0.00000000
v 17.58651972 -6.59601119 0.00000000
v 17.47738387 -6.91808856 0.00000000
v 17.35915466 -7.25351716 0.00000000
v 17.23177838 -7.60045685 0.00000000
v 17.09520130 -7.95706745 0.00000000
v 16.94936968 -8.32150881 0.00000000
v 16.79422981 -8.69194077 0.00000000
v 16.62972795 -9.06652316 0.00000000
v 16.45581038 -9.44341583 0.00000000
v 16.27242337 -9.82077861 0.00000000
v 16.07951319 -10.19677134 0.00000000
v 15.87702612 -10.56955387 0.00000000
v 15.66490843 -10.93728603 0.00000000
v 15.44310638 -11.29812766 0.00000000
v 15.17695691 -11.70283093 0.00000000
v 14.90020973 -12.08612386 0.00000000
v 14.61469156 -12.44842285 0.00000000
v 14.32222914 -12.79014427 0.00000000
v 14.02464919 -13.11170451 0.00000000
v 13.72377844 -13.41351996 0.00000000
v 13.42144362 -13.69600702 0.00000000
v 13.11947147 -13.95958205 0.00000000
v 12.81968870 -14.20466145 0.00000000
v 12.52392204 -14.43166162 0.00000000
v 12.23399824 -14.64099892 0.00000000
v 11.95174400 -14.83308976 0.00000000
v 11.67898607 -15.00835051 0.00000000
v 11.41755118 -15.16719757 0.00000000
v 11.16926604 -15.31004732 0.00000000
v 10.93595740 -15.43731615 0.00000000
v 10.71945197 -15.54942044 0.00000000
v 10.52157649 -15.64677658 0.00000000
v 10.34415769 -15.72980095 0.00000000
v 10.18902230 -15.79890996 0.00000000
v 10.05799704 -15.85451997 0.00000000
v 9.95290864 -15.89704738 0.00000000
v 9.87558383 -15.92690858 0.00000000
v 9.82784935 -15.94451995 0.00000000
v 9.81153191 -15.95029787 0.00000000
v 9.81153191 -18.53872340 0.00000000
v 2.50000000 -18.53900000 0.00000000
v 2.50000000 -16.65000000 0.00000000
v -2.50000000 -16.65000000 0.00000000
v -2.50000000 -18.53900000 0.00000000
v -10.68600000 -18.53872340 0.00000000
v -10.68600000 -15.95029787 0.00000000
v -10.96016827 -15.72590796 0.00000000
v -11.22085098 -15.50574908 0.00000000
v -11.46900180 -15.28935111 0.00000000
v -11.70557438 -15.07624394 0.00000000
v -11.93152238 -14.86595745 0.00000000
v -12.14779947 -14.65802153 0.00000000
v -12.35535929 -14.45196607 0.00000000
v -12.55515552 -14.24732095 0.00000000
v -12.74814182 -14.04361605 0.00000000
v -12.93527183 -13.84038128 0.00000000
v -13.11749923 -13.63714650 0.00000000
v -13.29577766 -13.43344161 0.00000000
v -13.47106080 -13.22879649 0.00000000
v -13.64430231 -13.02274102 0.00000000
v -13.81645583 -12.81480511 0.00000000
v -13.98847504 -12.60451862 0.00000000
v -14.16131358 -12.39141145 0.00000000
v -14.33592513 -12.17501347 0.00000000
v -14.51326334 -11.95485459 0.00000000
v -14.69428187 -11.73046468 0.00000000
v -14.87993439 -11.50137363 0.00000000
v -15.07117454 -11.26711133 0.00000000
v -15.26895599 -11.02720765 0.00000000
v -15.47423241 -10.78119250 0.00000000
v -15.68795745 -10.52859574 0.00000000
v -15.90770442 -10.27466476 0.00000000
v -16.11416732 -10.03240604 0.00000000
v -16.30816547 -9.80039581 0.00000000
v -16.49051823 -9.57721029 0.00000000
v -16.66204494 -9.36142570 0.00000000
v -16.82356493 -9.15161828 0.00000000
v -16.97589755 -8.94636425 0.00000000
v -17.11986214 -8.74423984 0.00000000
v -17.25627804 -8.54382127 0.00000000
v -17.38596460 -8.34368477 0.00000000
v -17.50974115 -8.14240656 0.00000000
v -17.62842703 -7.93856287 0.00000000
v -17.74284160 -7.73072993 0.00000000
v -17.85380418 -7.51748396 0.00000000
v -17.96213413 -7.29740119 0.00000000
v -18.06865078 -7.06905785 0.00000000
v -18.17417347 -6.83103015 0.00000000
v -18.27952155 -6.58189433 0.00000000
v -18.38551436 -6.32022662 0.00000000
v -18.49297123 -6.04460323 0.00000000
v -18.60271152 -5.75360040 0.00000000
v -18.71555456 -5.44579435 0.00000000
v -18.83231970 -5.11976131 0.00000000
v -18.95382627 -4.77407750 0.00000000
v -19.08100000 -4.10000000 0.00000000
v -21.07500000 -4.10000000 0.00000000
v -21.07500000 4.10000000 0.00000000
v -19.08100000 4.10000000 0.00000000
v -19.07285019 4.50496855 0.00000000
v -19.04878259 4.58598487 0.00000000
v -19.00878484 4.71723623 0.00000000
v -18.95295096 4.89563332 0.00000000
v -18.88137498 5.11808681 0.00000000
v -18.79415091 5.38150738 0.00000000
v -18.69137279 5.68280571 0.00000000
v -18.57313463 6.01889247 0.00000000
v -18.43953046 6.38667836 0.00000000
v -18.29065430 6.78307404 0.00000000
v -18.12660017 7.20499020 0.00000000
v -17.94746209 7.64933752 0.00000000
v -17.75333409 8.11302667 0.00000000
v -17.54431020 8.59296833 0.00000000
v -17.32048443 9.08607319 0.00000000
v -17.08195080 9.58925192 0.00000000
v -16.82880334 10.09941520 0.00000000
v -16.56113608 10.61347372 0.00000000
v -16.27904303 11.12833814 0.00000000
v -15.98261821 11.64091915 0.00000000
v -15.67195566 12.14812743 0.00000000
v -15.34714939 12.64687365 0.00000000
v -15.00829343 13.13406851 0.00000000
v -14.65548179 13.60662267 0.00000000
v -14.28880851 14.06144681 0.00000000
v -13.94148154 14.44195935 0.00000000
v -13.55720361 14.80299574 0.00000000
v -13.14032662 15.14489178 0.00000000
v -12.69520250 15.46798325 0.00000000
v -12.22618315 15.77260596 0.00000000
v -11.73762049 16.05909569 0.00000000
v -11.23386643 16.32778826 0.00000000
v -10.71927288 16.57901944 0.00000000
v -10.19819176 16.81312504 0.00000000
v -9.67497498 17.03044085 0.00000000
v -9.15397445 17.23130267 0.00000000
v -8.63954208 17.41604630 0.00000000
v -8.13602980 17.58500752 0.00000000
v -7.64778950 17.73852214 0.00000000
v -7.17917311 17.87692596 0.00000000
v -6.73453253 18.00055476 0.00000000
v -6.31821968 18.10974434 0.00000000
v -5.93458647 18.20483050 0.00000000
v -5.58798482 18.28614904 0.00000000
v -5.28276664 18.35403574 0.00000000
v -5.02328383 18.40882642 0.00000000
v -4.81388832 18.45085685 0.00000000
v -4.65893202 18.48046284 0.00000000
v -4.56276683 18.49798019 0.00000000
v -4.10000000 18.50400000 0.00000000
v -4.10000000 20.00800000 0.00000000
v 4.10000000 20.00800000 0.00000000
v 4.10000000 18.50400000 0.00000000
v 3.71601085 18.50221121 0.00000000
v 3.79153132 18.49684967 0.00000000
v 3.91419750 18.48651836 0.00000000
v 4.08139020 18.47007556 0.00000000
v 4.29049021 18.44637957 0.00000000
v 4.53887833 18.41428869 0.00000000
v 4.82393533 18.37266122 0.00000000
v 5.14304203 18.32035543 0.00000000
v 5.49357921 18.25622964 0.00000000
v 5.87292766 18.17914213 0.00000000
v 6.27846818 18.08795120 0.00000000
v 6.70758156 17.98151514 0.00000000
v 7.15764860 17.85869225 0.00000000
v 7.62605008 17.71834082 0.00000000
v 8.11016681 17.55931915 0.00000000
v 8.60737957 17.38048553 0.00000000
v 9.11506915 17.18069825 0.00000000
v 9.63061636 16.95881562 0.00000000
v 10.15140198 16.71369592 0.00000000
v 10.67480681 16.44419745 0.00000000
v 11.19821164 16.14917850 0.00000000
v 11.71899726 15.82749737 0.00000000
v 12.23454446 15.47801235 0.00000000
v 12.74223405 15.09958174 0.00000000
v 13.23944681 14.69106383 0.00000000
v 13.74233004 14.21766123 0.00000000
v 14.21080092 13.72318408 0.00000000
v 14.64604146 13.21107095 0.00000000
v 15.04923364 12.68476037 0.00000000
v 15.42155949 12.14769089 0.00000000
v 15.76420099 11.60330107 0.00000000
v 16.07834015 11.05502945 0.00000000
v 16.36515896 10.50631458 0.00000000
v 16.62583944 9.96059500 0.00000000
v 16.86156357 9.42130928 0.00000000
v 17.07351337 8.89189594 0.00000000
v 17.26287083 8.37579356 0.00000000
v 17.43081795 7.87644066 0.00000000
v 17.57853674 7.39727580 0.00000000
v 17.70720919 6.94173753 0.00000000
v 17.81801731 6.51326440 0.00000000
v 17.91214310 6.11529495 0.00000000
v 17.99076855 5.75126774 0.00000000
v 18.05507567 5.42462131 0.00000000
v 18.10624647 5.13879421 0.00000000
v 18.14546293 4.89722499 0.00000000
v 18.17390707 4.70335220 0.00000000
v 18.19276088 4.56061438 0.00000000
v 18.20320637 4.47245009 0.00000000
v 18.20600000 4.10000000 0.00000000
v 20.20000000 4.10000000 0.00000000
v -7.30300000 -11.43900000 0.00000000
v -9.45300000 -11.43900000 0.00000000
v -9.45300000 -15.88900000 0.00000000
v -7.30300000 -15.88900000 0.00000000
v 9.45300000 -15.88900000 0.00000000
v 9.45300000 -11.43900000 0.00000000
v 7.30300000 -11.43900000 0.00000000
v 7.30300000 -15.88900000 0.00000000
v 12.95961702 8.56978723 0.00000000
v 12.95961702 13.08204255 0.00000000
v 7.60787234 13.08204255 0.00000000
v 7.60787234 8.56978723 0.00000000
v 20.20000000 -4.10000000 1.00000000
v 18.20600000 -4.10000000 1.00000000
v 18.20221913 -4.46062784 1.00000000
v 18.18956411 -4.51439098 1.00000000
v 18.16840674 -4.60174712 1.00000000
v 18.13869329 -4.72085611 1.00000000
v 18.10037004 -4.86987779 1.00000000
v 18.05338326 -5.04697199 1.00000000
v 17.99767923 -5.25029855 1.00000000
v 17.93320420 -5.47801731 1.00000000
v 17.85990447 -5.72828812 1.00000000
v 17.77772630 -5.99927081 1.00000000
v 17.68661596 -6.28912522 1.00000000
v 17.58651972 -6.59601119 1.00000000
v 17.47738387 -6.91808856 1.00000000
v 17.35915466 -7.25351716 1.00000000
v 17.23177838 -7.60045685 1.00000000
v 17.09520130 -7.95706745 1.00000000
v 16.94936968 -8.32150881 1.00000000
v 16.79422981 -8.69194077 1.00000000
v 16.62972795 -9.06652316 1.00000000
v 16.45581038 -9.44341583 1.00000000
v 16.27242337 -9.82077861 1.00000000
v 16.07951319 -10.19677134 1.00000000
v 15.87702612 -10.56955387 1.00000000
v 15.66490843 -10.93728603 1.00000000
v 15.44310638 -11.29812766 1.00000000
v 15.17695691 -11.70283093 1.00000000
v 14.90020973 -12.08612386 1.00000000
v 14.61469156 -12.44842285 1.00000000
v 14.32222914 -12.79014427 1.00000000
v 14.02464919 -13.11170451 1.00000000
v 13.72377844 -13.41351996 1.00000000
v 13.42144362 -13.69600702 1.00000000
v 13.11947147 -13.95958205 1.00000000
v 12.81968870 -14.20466145 1.00000000
v 12.52392204 -14.43166162 1.00000000
v 12.23399824 -14.64099892 1.00000000
v 11.95174400 -14.83308976 1.00000000
v 11.67898607 -15.00835051 1.00000000
v 11.41755118 -15.16719757 1.00000000
v 11.16926604 -15.31004732 1.00000000
v 10.93595740 -15.43731615 1.00000000
v 10.71945197 -15.54942044 1.00000000
v 10.52157649 -15.64677658 1.00000000
v 10.34415769 -15.72980095 1.00000000
v 10.18902230 -15.79890996 1.00000000
v 10.05799704 -15.85451997 1.00000000
v 9.95290864 -15.89704738 1.00000000
v 9.87558383 -15.92690858 1.00000000
v 9.82784935 -15.94451995 1.00000000
v 9.81153191 -15.95029787 1.00000000
v 9.81153191 -18.53872340 1.00000000
v 2.50000000 -18.53900000 1.00000000
v 2.50000000 -16.65000000 1.00000000
v -2.50000000 -16.65000000 1.00000000
v -2.50000000 -18.53900000 1.00000000
v -10.68600000 -18.53872340 1.00000000
v -10.68600000 -15.95029787 1.00000000
v -10.96016827 -15.72590796 1.00000000
v -11.22085098 -15.50574908 1.00000000
v -11.46900180 -15.28935111 1.00000000
v -11.70557438 -15.07624394 1.00000000
v -11.93152238 -14.86595745 1.00000000
v -12.14779947 -14.65802153 1.00000000
v -12.35535929 -14.45196607 1.00000000
v -12.55515552 -14.24732095 1.00000000
v -12.74814182 -14.04361605 1.00000000
v -12.93527183 -13.84038128 1.00000000
v -13.11749923 -13.63714650 1.00000000
v -13.29577766 -13.43344161 1.00000000
v -13.47106080 -13.22879649 1.00000000
v -13.64430231 -13.02274102 1.00000000
v -13.81645583 -12.81480511 1.00000000
v -13.98847504 -12.60451862 1.00000000
v -14.16131358 -12.39141145 1.00000000
v -14.33592513 -12.17501347 1.00000000
v -14.51326334 -11.95485459 1.00000000
v -14.69428187 -11.73046468 1.00000000
v -14.87993439 -11.50137363 1.00000000
v -15.07117454 -11.26711133 1.00000000
v -15.26895599 -11.02720765 1.00000000
v -15.47423241 -10.78119250 1.00000000
v -15.68795745 -10.52859574 1.00000000
v -15.90770442 -10.27466476 1.00000000
v -16.11416732 -10.03240604 1.00000000
v -16.30816547 -9.80039581 1.00000000
v -16.49051823 -9.57721029 1.00000000
v -16.66204494 -9.36142570 1.00000000
v -16.82356493 -9.15161828 1.00000000
v -16.97589755 -8.94636425 1.00000000
v -17.11986214 -8.74423984 1.00000000
v -17.25627804 -8.54382127 1.00000000
v -17.38596460 -8.34368477 1.00000000
v -17.50974115 -8.14240656 1.00000000
v -17.62842703 -7.93856287 1.00000000
v -17.74284160 -7.73072993 1.00000000
v -17.85380418 -7.51748396 1.00000000
v -17.96213413 -7.29740119 1.00000000
v -18.06865078 -7.06905785 1.00000000
v -18.17417347 -6.83103015 1.00000000
v -18.27952155 -6.58189433 1.00000000
v -18.38551436 -6.32022662 1.00000000
v -18.49297123 -6.04460323 1.00000000
v -18.60271152 -5.75360040 1.00000000
v -18.71555456 -5.44579435 1.00000000
v -18.83231970 -5.11976131 1.00000000
v -18.95382627 -4.77407750 1.00000000
v -19.08100000 -4.10000000 1.00000000
v -21.07500000 -4.10000000 1.00000000
v -21.07500000 4.10000000 1.00000000
v -19.08100000 4.10000000 1.00000000
v -19.07285019 4.50496855 1.00000000
v -19.04878259 4.58598487 1.00000000
v -19.00878484 4.71723623 1.00000000
v -18.95295096 4.89563332 1.00000000
v -18.88137498 5.11808681 1.00000000
v -18.79415091 5.38150738 1.00000000
v -18.69137279 5.68280571 1.00000000
v -18.57313463 6.01889247 1.00000000
v -18.43953046 6.38667836 1.00000000
v -18.29065430 6.78307404 1.00000000
v -18.12660017 7.20499020 1.00000000
v -17.94746209 7.64933752 1.00000000
v -17.75333409 8.11302667 1.00000000
v -17.54431020 8.59296833 1.00000000
v -17.32048443 9.08607319 1.00000000
v -17.08195080 9.58925192 1.00000000
v -16.82880334 10.09941520 1.00000000
v -16.56113608 10.61347372 1.00000000
v -16.27904303 11.12833814 1.00000000
v -15.98261821 11.64091915 1.00000000
v -15.67195566 12.14812743 1.00000000
v -15.34714939 12.64687365 1.00000000
v -15.00829343 13.13406851 1.00000000
v -14.65548179 13.60662267 1.00000000
v -14.28880851 14.06144681 1.00000000
v -13.94148154 14.44195935 1.00000000
v -13.55720361 14.80299574 1.00000000
v -13.14032662 15.14489178 1.00000000
v -12.69520250 15.46798325 1.00000000
v -12.22618315 15.77260596 1.00000000
v -11.73762049 16.05909569 1.00000000
v -11.23386643 16.32778826 1.00000000
v -10.71927288 16.57901944 1.00000000
v -10.19819176 16.81312504 1.00000000
v -9.67497498 17.03044085 1.00000000
v -9.15397445 17.23130267 1.00000000
v -8.63954208 17.41604630 1.00000000
v -8.13602980 17.58500752 1.00000000
v -7.64778950 17.73852214 1.00000000
v -7.17917311 17.87692596 1.00000000
v -6.73453253 18.00055476 1.00000000
v -6.31821968 18.10974434 1.00000000
v -5.93458647 18.20483050 1.00000000
v -5.58798482 18.28614904 1.00000000
v -5.28276664 18.35403574 1.00000000
v -5.02328383 18.40882642 1.00000000
v -4.81388832 18.45085685 1.00000000
v -4.65893202 18.48046284 1.00000000
v -4.56276683 18.49798019 1.00000000
v -4.10000000 18.50400000 1.00000000
v -4.10000000 20.00800000 1.00000000
v 4.10000000 20.00800000 1.00000000
v 4.10000000 18.50400000 1.00000000
v 3.71601085 18.50221121 1.00000000
v 3.79153132 18.49684967 1.00000000
v 3.91419750 18.48651836 1.00000000
v 4.08139020 18.47007556 1.00000000
v 4.29049021 18.44637957 1.00000000
v 4.53887833 18.41428869 1.00000000
v 4.82393533 18.37266122 1.00000000
v 5.14304203 18.32035543 1.00000000
v 5.49357921 18.25622964 1.00000000
v 5.87292766 18.17914213 1.00000000
v 6.27846818 18.08795120 1.00000000
v 6.70758156 17.98151514 1.00000000
v 7.15764860 17.85869225 1.00000000
v 7.62605008 17.71834082 1.00000000
v 8.11016681 17.55931915 1.00000000
v 8.60737957 17.38048553 1.00000000
v 9.11506915 17.18069825 1.00000000
v 9.63061636 16.95881562 1.00000000
v 10.15140198 16.71369592 1.00000000
v 10.67480681 16.44419745 1.00000000
v 11.19821164 16.14917850 1.00000000
v 11.71899726 15.82749737 1.00000000
v 12.23454446 15.47801235 1.00000000
v 12.74223405 15.09958174 1.00000000
v 13.23944681 14.69106383 1.00000000
v 13.74233004 14.21766123 1.00000000
v 14.21080092 13.72318408 1.00000000
v 14.64604146 13.21107095 1.00000000
v 15.04923364 12.68476037 1.00000000
v 15.42155949 12.14769089 1.00000000
v 15.76420099 11.60330107 1.00000000
v 16.07834015 11.05502945 1.00000000
v 16.36515896 10.50631458 1.00000000
v 16.62583944 9.96059500 1.00000000
v 16.86156357 9.42130928 1.00000000
v 17.07351337 8.89189594 1.00000000
v 17.26287083 8.37579356 1.00000000
v 17.43081795 7.87644066 1.00000000
v 17.57853674 7.39727580 1.00000000
v 17.70720919 6.94173753 1.00000000
v 17.81801731 6.51326440 1.00000000
v 17.91214310 6.11529495 1.00000000
v 17.99076855 5.75126774 1.00000000
v 18.05507567 5.42462131 1.00000000
v 18.10624647 5.13879421 1.00000000
v 18.14546293 4.89722499 1.00000000
v 18.17390707 4.70335220 1.00000000
v 18.19276088 4.56061438 1.00000000
v 18.20320637 4.47245009 1.00000000
v 18.20600000 4.10000000 1.00000000
v 20.20000000 4.10000000 1.00000000
v -7.30300000 -11.43900000 1.00000000
v -9.45300000 -11.43900000 1.00000000
v -9.45300000 -15.88900000 1.00000000
v -7.30300000 -15.88900000 1.00000000
v 9.45300000 -15.88900000 1.00000000
v 9.45300000 -11.43900000 1.00000000
v 7.30300000 -11.43900000 1.00000000
v 7.30300000 -15.88900000 1.00000000
v 12.95961702 8.56978723 1.00000000
v 12.95961702 13.08204255 1.00000000
v 7.60787234 13.08204255 1.00000000
v 7.60787234 8.56978723 1.00000000
v -16.97589684 -8.94636440 0.00000000
v -16.66204453 -9.36142540 0.00000000
v -16.82356453 -9.15161800 0.00000000
v -16.49051857 -9.57721043 0.00000000
v -16.30816460 -9.80039597 0.00000000
v -16.11416817 -10.03240585 0.00000000
v -12.74814224 -14.04361629 0.00000000
v -12.93527222 -13.84038162 0.00000000
v -12.14779949 -14.65802193 0.00000000
v -12.35535908 -14.45196629 0.00000000
v -12.55515575 -14.24732113 0.00000000
v -11.46900177 -15.28935146 0.00000000
v -11.70557404 -15.07624435 0.00000000
v -10.96016788 -15.72590828 0.00000000
v -11.22085094 -15.50574875 0.00000000
v -11.93152237 -14.86595726 0.00000000
v -11.30918598 -13.79963970 0.00000000
v -11.10685730 -13.99416447 0.00000000
v -10.89517307 -14.19117641 0.00000000
v -14.69428158 -11.73046494 0.00000000
v -14.87993431 -11.50137329 0.00000000
v -13.98847485 -12.60451889 0.00000000
v -13.47106075 -13.22879696 0.00000000
v -13.81645584 -12.81480503 0.00000000
v -13.64430237 -13.02274132 0.00000000
v -14.51326370 -11.95485497 0.00000000
v -14.33592510 -12.17501354 0.00000000
v -14.16131401 -12.39141178 0.00000000
v -13.40171432 -11.42185307 0.00000000
v -15.47423267 -10.78119278 0.00000000
v -15.68795776 -10.52859592 0.00000000
v -15.90770435 -10.27466488 0.00000000
v -15.26895618 -11.02720737 0.00000000
v -15.07117462 -11.26711178 0.00000000
v -15.38321114 -9.03586674 0.00000000
v -14.78055286 -9.74334526 0.00000000
v -14.77187443 -9.75348759 0.00000000
v -15.19719696 -9.25832748 0.00000000
v -14.99733162 -9.49284554 0.00000000
v -14.34757614 -10.25840378 0.00000000
v -14.34304428 -10.26386738 0.00000000
v -14.14526272 -10.50377083 0.00000000
v -14.14159203 -10.50824642 0.00000000
v -13.95035172 -10.74250889 0.00000000
v -13.94763470 -10.74584961 0.00000000
v -13.76198196 -10.97494030 0.00000000
v -13.76030636 -10.97701359 0.00000000
v -13.57873344 -11.20209026 0.00000000
v -14.55814934 -10.00608444 0.00000000
v -14.55285263 -10.01238823 0.00000000
v -13.29577732 -13.43344116 0.00000000
v -13.11749935 -13.63714695 0.00000000
v -12.38855267 -12.64795876 0.00000000
v -12.21923828 -12.84142113 0.00000000
v -12.04711819 -13.03338337 0.00000000
v -12.72287464 -12.25398159 0.00000000
v -12.88987541 -12.05226898 0.00000000
v -13.22836590 -11.63668633 0.00000000
v -13.05805969 -11.84667110 0.00000000
v -12.55609512 -12.45235062 0.00000000
v -11.87113667 -13.22451019 0.00000000
v -11.50326920 -13.60696316 0.00000000
v -11.69021797 -13.41547680 0.00000000
v -14.69428158 -11.73046494 3.06999993
v -14.67589855 -11.75325203 3.06999993
v -14.87993431 -11.50137329 3.06999993
v -14.89630604 -11.48131847 3.06999993
v -13.73222733 -11.01181984 3.06999993
v -13.95035172 -10.74250889 3.06999993
v -13.94763470 -10.74584961 3.06999993
v -13.95254898 -10.73981762 3.06999993
v -13.76198196 -10.97494030 3.06999993
v -21.07500076 -4.09999990 0.00000000
v -18.60271072 -5.75360060 0.00000000
v -18.71555519 -5.44579458 0.00000000
v -18.83231926 -5.11976147 0.00000000
v -18.95382690 -4.77407742 0.00000000
v -19.08099937 -4.09999990 0.00000000
v -17.38596535 -8.34368515 0.00000000
v -17.25627899 -8.54382133 0.00000000
v -17.74284172 -7.73073006 0.00000000
v -17.62842751 -7.93856287 0.00000000
v -17.50974083 -8.14240646 0.00000000
v -17.85380363 -7.51748419 0.00000000
v -17.96213341 -7.29740143 0.00000000
v -18.17417336 -6.83103037 0.00000000
v -18.27952194 -6.58189440 0.00000000
v -18.06865120 -7.06905794 0.00000000
v -17.11986160 -8.74423981 0.00000000
v -16.25661659 -7.87984657 0.00000000
v -16.37120247 -7.70301580 0.00000000
v -16.13503647 -8.05846786 0.00000000
v -16.00529099 -8.24063110 0.00000000
v -16.58414650 -7.34722042 0.00000000
v -16.68482590 -7.16433573 0.00000000
v -16.97628593 -6.57219744 0.00000000
v -16.78309631 -6.97548389 0.00000000
v -16.87994576 -6.77872419 0.00000000
v -16.47998428 -7.52611971 0.00000000
v -18.38551521 -6.32022667 0.00000000
v -18.49297142 -6.04460335 0.00000000
v -17.37251282 -5.61493397 0.00000000
v -17.27033997 -5.87700319 0.00000000
v -17.47794342 -5.33535719 0.00000000
v -17.58733559 -5.03696585 0.00000000
v -17.70139313 -4.71849251 0.00000000
v -17.79151726 -4.46208954 0.00000000
v -17.07295227 -6.35414696 0.00000000
v -17.17072296 -6.12292719 0.00000000
v -19.87500000 -2.90000010 0.00000000
v -19.08099937 -2.90000010 0.00000000
v -18.96253777 -2.90586162 0.00000000
v -18.84523010 -2.92338920 0.00000000
v -18.73022842 -2.95241141 0.00000000
v -18.51159477 -3.04369664 0.00000000
v -18.61865234 -2.99264503 0.00000000
v -21.07500076 0.00000000 0.00000000
v -17.90180206 -3.87752867 0.00000000
v -18.01833534 -3.54255462 0.00000000
v -17.96849632 -3.65018296 0.00000000
v -17.92952538 -3.76220584 0.00000000
v -18.22769547 -3.25627494 0.00000000
v -18.41009712 -3.10506773 0.00000000
v -18.31515503 -3.17615867 0.00000000
v -18.14857292 -3.34463382 0.00000000
v -18.07855797 -3.44037223 0.00000000
v -15.71686745 -8.62201595 0.00000000
v -15.86625290 -8.42797089 0.00000000
v -15.55615520 -8.82419586 0.00000000
v -17.62842751 -7.93856287 3.06999993
v -17.68037987 -7.84419346 3.06999993
v -17.50974083 -8.14240646 3.06999993
v -17.50556755 -8.14919376 3.06999993
v -16.58414650 -7.34722042 3.06999993
v -16.58472252 -7.34617472 3.06999993
v -16.40457344 -7.64874935 3.06999993
v -16.47998428 -7.52611971 3.06999993
v -10.68599987 -18.53872299 0.00000000
v -9.48600006 -17.33876419 0.00000000
v -10.68599987 -15.95029831 0.00000000
v -9.48600006 -15.95029831 0.00000000
v -9.49179554 -15.83249950 0.00000000
v -9.50912762 -15.71583939 0.00000000
v -9.53782749 -15.60144329 0.00000000
v -9.83848286 -15.10075951 0.00000000
v -9.92597198 -15.02166557 0.00000000
v -9.62811565 -15.38383389 0.00000000
v -9.68883228 -15.28272247 0.00000000
v -9.57761860 -15.49041748 0.00000000
v -9.75918102 -15.18805981 0.00000000
v -10.67302704 -14.39128780 0.00000000
v -10.43932152 -14.59508896 0.00000000
v -10.19297218 -14.80314255 0.00000000
v -3.70000005 -17.33895874 0.00000000
v -3.70000005 -16.64999962 0.00000000
v -2.50000000 -18.53899956 0.00000000
v -2.50000000 -16.64999962 0.00000000
v -2.50000000 -15.44999981 0.00000000
v -3.70000005 -12.39999962 0.00000000
v -3.68101645 -12.02567768 0.00000000
v -3.62426066 -11.65519524 0.00000000
v -3.53031516 -11.29235649 0.00000000
v -3.40014386 -10.94088364 0.00000000
v -3.23508239 -10.60438251 0.00000000
v -3.03682470 -10.28630733 0.00000000
v -2.50000000 -12.39999962 0.00000000
v -2.48717332 -12.14707947 0.00000000
v -2.44882488 -11.89675331 0.00000000
v -2.38534808 -11.65159225 0.00000000
v -2.29739451 -11.41411018 0.00000000
v -2.18586659 -11.18674469 0.00000000
v -2.05190849 -10.97182941 0.00000000
v -1.89689529 -10.77156925 0.00000000
v -2.80740499 -9.98992157 0.00000000
v -2.54917765 -9.71826649 0.00000000
v -2.26479220 -9.47412968 0.00000000
v -1.95716679 -9.26001644 0.00000000
v -1.72241735 -10.58801842 0.00000000
v -1.53026497 -10.42306042 0.00000000
v -1.32240999 -10.27838898 0.00000000
v -1.10098541 -10.15548897 0.00000000
v -1.62945831 -9.07812309 0.00000000
v -1.28502941 -8.93031693 0.00000000
v -0.86826313 -10.05561924 0.00000000
v -0.62663132 -9.97980690 0.00000000
v -0.92741436 -8.81811428 0.00000000
v -0.56028277 -8.74266720 0.00000000
v -16.97589684 -8.94636440 6.76999998
v -16.66204453 -9.36142540 6.76999998
v -16.82356453 -9.15161800 6.76999998
v -16.49051857 -9.57721043 6.76999998
v -16.30816460 -9.80039597 6.76999998
v -16.11416817 -10.03240585 6.76999998
v -12.74814224 -14.04361629 6.76999998
v -12.93527222 -13.84038162 6.76999998
v -12.14779949 -14.65802193 6.76999998
v -12.35535908 -14.45196629 6.76999998
v -12.55515575 -14.24732113 6.76999998
v -11.46900177 -15.28935146 6.76999998
v -11.70557404 -15.07624435 6.76999998
v -10.96016788 -15.72590828 6.76999998
v -11.22085094 -15.50574875 6.76999998
v -11.93152237 -14.86595726 6.76999998
v -11.30918598 -13.79963970 6.76999998
v -11.10685730 -13.99416447 6.76999998
v -10.89517307 -14.19117641 6.76999998
v -14.67589855 -11.75325203 6.76999998
v -14.89630604 -11.48131847 6.76999998
v -13.98847485 -12.60451889 6.76999998
v -13.47106075 -13.22879696 6.76999998
v -13.81645584 -12.81480503 6.76999998
v -13.64430237 -13.02274132 6.76999998
v -14.51326370 -11.95485497 6.76999998
v -14.33592510 -12.17501354 6.76999998
v -14.16131401 -12.39141178 6.76999998
v -13.40171432 -11.42185307 6.76999998
v -15.47423267 -10.78119278 6.76999998
v -15.68795776 -10.52859592 6.76999998
v -15.90770435 -10.27466488 6.76999998
v -15.26895618 -11.02720737 6.76999998
v -15.07117462 -11.26711178 6.76999998
v -15.38321114 -9.03586674 6.76999998
v -14.78055286 -9.74334526 6.76999998
v -14.77187443 -9.75348759 6.76999998
v -15.19719696 -9.25832748 6.76999998
v -14.99733162 -9.49284554 6.76999998
v -14.09401798 -10.85096836 6.76999998
v -14.34757614 -10.25840378 6.76999998
v -14.34304428 -10.26386738 6.76999998
v -14.14526272 -10.50377083 6.76999998
v -14.14159203 -10.50824642 6.76999998
v -13.96637726 -11.19578934 6.76999998
v -13.73222733 -11.01181984 6.76999998
v -13.95254898 -10.73981762 6.76999998
v -13.57873344 -11.20209026 6.76999998
v -14.55814934 -10.00608444 6.76999998
v -14.55285263 -10.01238823 6.76999998
v -13.29577732 -13.43344116 6.76999998
v -13.11749935 -13.63714695 6.76999998
v -12.38855267 -12.64795876 6.76999998
v -12.21923828 -12.84142113 6.76999998
v -12.04711819 -13.03338337 6.76999998
v -12.72287464 -12.25398159 6.76999998
v -12.88987541 -12.05226898 6.76999998
v -13.22836590 -11.63668633 6.76999998
v -13.05805969 -11.84667110 6.76999998
v -12.55609512 -12.45235062 6.76999998
v -11.87113667 -13.22451019 6.76999998
v -11.50326920 -13.60696316 6.76999998
v -11.69021797 -13.41547680 6.76999998
v -21.07500076 -4.09999990 6.76999998
v -18.60271072 -5.75360060 6.76999998
v -18.71555519 -5.44579458 6.76999998
v -18.83231926 -5.11976147 6.76999998
v -18.95382690 -4.77407742 6.76999998
v -19.08099937 -4.09999990 6.76999998
v -17.38596535 -8.34368515 6.76999998
v -17.25627899 -8.54382133 6.76999998
v -17.74284172 -7.73073006 6.76999998
v -17.68037987 -7.84419346 6.76999998
v -17.50556755 -8.14919376 6.76999998
v -17.85380363 -7.51748419 6.76999998
v -17.96213341 -7.29740143 6.76999998
v -18.17417336 -6.83103037 6.76999998
v -18.27952194 -6.58189440 6.76999998
v -18.06865120 -7.06905794 6.76999998
v -17.11986160 -8.74423981 6.76999998
v -16.25661659 -7.87984657 6.76999998
v -16.37120247 -7.70301580 6.76999998
v -16.13503647 -8.05846786 6.76999998
v -16.00529099 -8.24063110 6.76999998
v -16.58472252 -7.34617472 6.76999998
v -16.68482590 -7.16433573 6.76999998
v -16.97628593 -6.57219744 6.76999998
v -16.78309631 -6.97548389 6.76999998
v -16.87994576 -6.77872419 6.76999998
v -16.40457344 -7.64874935 6.76999998
v -18.38551521 -6.32022667 6.76999998
v -18.49297142 -6.04460335 6.76999998
v -17.37251282 -5.61493397 6.76999998
v -17.27033997 -5.87700319 6.76999998
v -17.47794342 -5.33535719 6.76999998
v -17.58733559 -5.03696585 6.76999998
v -17.70139313 -4.71849251 6.76999998
v -17.79151726 -4.46208954 6.76999998
v -17.07295227 -6.35414696 6.76999998
v -17.17072296 -6.12292719 6.76999998
v -19.87500000 -2.90000010 6.76999998
v -19.08099937 -2.90000010 6.76999998
v -18.96253777 -2.90586162 6.76999998
v -18.84523010 -2.92338920 6.76999998
v -18.73022842 -2.95241141 6.76999998
v -18.51159477 -3.04369664 6.76999998
v -18.61865234 -2.99264503 6.76999998
v -21.07500076 0.00000000 6.76999998
v -17.90180206 -3.87752867 6.76999998
v -18.01833534 -3.54255462 6.76999998
v -17.96849632 -3.65018296 6.76999998
v -17.92952538 -3.76220584 6.76999998
v -18.22769547 -3.25627494 6.76999998
v -18.41009712 -3.10506773 6.76999998
v -18.31515503 -3.17615867 6.76999998
v -18.14857292 -3.34463382 6.76999998
v -18.07855797 -3.44037223 6.76999998
v -15.71686745 -8.62201595 6.76999998
v -15.86625290 -8.42797089 6.76999998
v -15.55615520 -8.82419586 6.76999998
v -10.68599987 -18.53872299 6.76999998
v -9.48600006 -17.33876419 6.76999998
v -10.68599987 -15.95029831 6.76999998
v -9.48600006 -15.95029831 6.76999998
v -9.49179554 -15.83249950 6.76999998
v -9.50912762 -15.71583939 6.76999998
v -9.53782749 -15.60144329 6.76999998
v -9.83848286 -15.10075951 6.76999998
v -9.92597198 -15.02166557 6.76999998
v -9.62811565 -15.38383389 6.76999998
v -9.68883228 -15.28272247 6.76999998
v -9.57761860 -15.49041748 6.76999998
v -9.75918102 -15.18805981 6.76999998
v -10.67302704 -14.39128780 6.76999998
v -10.43932152 -14.59508896 6.76999998
v -10.19297218 -14.80314255 6.76999998
v -3.70000005 -17.33895874 6.76999998
v -3.70000005 -16.64999962 6.76999998
v -2.50000000 -18.53899956 6.76999998
v -2.50000000 -16.64999962 6.76999998
v -2.50000000 -15.44999981 6.76999998
v -3.70000005 -12.39999962 6.76999998
v -3.68101645 -12.02567768 6.76999998
v -3.62426066 -11.65519524 6.76999998
v -3.53031516 -11.29235649 6.76999998
v -3.40014386 -10.94088364 6.76999998
v -3.23508239 -10.60438251 6.76999998
v -3.03682470 -10.28630733 6.76999998
v -2.50000000 -12.39999962 6.76999998
v -2.48717332 -12.14707947 6.76999998
v -2.44882488 -11.89675331 6.76999998
v -2.38534808 -11.65159225 6.76999998
v -2.29739451 -11.41411018 6.76999998
v -2.18586659 -11.18674469 6.76999998
v -2.05190849 -10.97182941 6.76999998
v -1.89689529 -10.77156925 6.76999998
v -2.80740499 -9.98992157 6.76999998
v -2.54917765 -9.71826649 6.76999998
v -2.26479220 -9.47412968 6.76999998
v -1.95716679 -9.26001644 6.76999998
v -1.72241735 -10.58801842 6.76999998
v -1.53026497 -10.42306042 6.76999998
v -1.32240999 -10.27838898 6.76999998
v -1.10098541 -10.15548897 6.76999998
v -1.62945831 -9.07812309 6.76999998
v -1.28502941 -8.93031693 6.76999998
v -0.86826313 -10.05561924 6.76999998
v -0.62663132 -9.97980690 6.76999998
v -0.92741436 -8.81811428 6.76999998
v -0.56028277 -8.74266720 6.76999998
v -19.87500000 2.90000010 0.00000000
v -19.08099937 2.90000010 0.00000000
v -18.96488190 2.90563130 0.00000000
v -18.84985352 2.92247248 0.00000000
v -18.73699379 2.95036554 0.00000000
v -18.62736320 2.98904848 0.00000000
v -18.52198982 3.03815842 0.00000000
v -21.07500076 4.09999990 0.00000000
v -19.08099937 4.09999990 0.00000000
v -19.07284927 4.50496864 0.00000000
v -19.04878235 4.58598471 0.00000000
v -19.00878525 4.71723604 0.00000000
v -18.95295143 4.89563322 0.00000000
v -18.88137436 5.11808681 0.00000000
v -18.79415131 5.38150740 0.00000000
v -18.42186356 3.09723425 0.00000000
v -18.32792282 3.16572189 0.00000000
v -18.24105072 3.24297810 0.00000000
v -18.16206360 3.32827783 0.00000000
v -18.09169960 3.42082071 0.00000000
v -18.03062057 3.51973820 0.00000000
v -17.97940063 3.62410164 0.00000000
v -17.93852043 3.73293185 0.00000000
v -17.90836143 3.84520698 0.00000000
v -17.88920975 3.95987368 0.00000000
v -17.88124275 4.07585526 0.00000000
v -17.87639809 4.31657791 0.00000000
v -17.86221695 4.36311436 0.00000000
v -17.80916023 4.53263903 0.00000000
v -17.74060440 4.74570227 0.00000000
v -17.65667152 4.99918699 0.00000000
v -17.55748177 5.28996468 0.00000000
v -18.69137192 5.68280554 0.00000000
v -18.57313538 6.01889229 0.00000000
v -18.43953133 6.38667822 0.00000000
v -17.44316673 5.61489868 0.00000000
v -17.31386375 5.97084761 0.00000000
v -18.29065514 6.78307390 0.00000000
v -18.12660027 7.20499039 0.00000000
v -17.94746208 7.64933729 0.00000000
v -17.16971207 6.35466290 0.00000000
v -17.01086426 6.76318932 0.00000000
v -16.83748055 7.19326448 0.00000000
v -16.64973068 7.64171743 0.00000000
v -17.75333405 8.11302662 0.00000000
v -17.54430962 8.59296799 0.00000000
v -17.32048416 9.08607292 0.00000000
v -16.44780159 8.10536861 0.00000000
v -16.23189354 8.58102894 0.00000000
v -16.00222969 9.06549740 0.00000000
v -17.08195114 9.58925152 0.00000000
v -16.82880402 10.09941483 0.00000000
v -15.75905418 9.55556488 0.00000000
v -15.50264263 10.04800606 0.00000000
v -16.56113625 10.61347389 0.00000000
v -16.27904320 11.12833786 0.00000000
v -15.98261833 11.64091873 0.00000000
v -15.23330593 10.53958893 0.00000000
v -14.95139790 11.02706623 0.00000000
v -14.65732765 11.50718594 0.00000000
v -15.67195606 12.14812756 0.00000000
v -15.34714985 12.64687347 0.00000000
v -14.35156631 11.97668839 0.00000000
v -14.03466415 12.43231964 0.00000000
v -15.00829315 13.13406849 0.00000000
v -14.65548134 13.60662270 0.00000000
v -13.70726395 12.87083721 0.00000000
v -13.37769604 13.27963543 0.00000000
v -14.28880882 14.06144714 0.00000000
v -13.94148159 14.44195938 0.00000000
v -13.55720329 14.80299568 0.00000000
v -13.08624077 13.59893799 0.00000000
v -12.76498604 13.90076256 0.00000000
v -13.14032650 15.14489174 0.00000000
v -12.40675259 14.19456291 0.00000000
v -12.01548386 14.47856331 0.00000000
v -11.59553909 14.75131321 0.00000000
v -11.15150642 15.01169109 0.00000000
v -12.69520283 15.46798325 0.00000000
v -12.22618294 15.77260590 0.00000000
v -11.73762035 16.05909538 0.00000000
v -11.23386669 16.32778740 0.00000000
v -14.68688583 11.45892715 3.06999993
v -14.65732765 11.50718594 3.06999993
v -15.63147259 12.21028996 3.06999993
v -15.43961048 12.50489902 3.06999993
v -14.49625492 11.75451565 3.06999993
v -11.83413410 14.59634781 3.06999993
v -11.59553909 14.75131321 3.06999993
v -11.53732777 14.78544807 3.06999993
v -12.58460522 15.53981495 3.06999993
v -12.28972530 15.73133564 3.06999993
v -10.68808746 15.25886917 0.00000000
v -10.21002483 15.49226570 0.00000000
v -9.72206306 15.71149158 0.00000000
v -10.71927261 16.57901955 0.00000000
v -10.19819164 16.81312561 0.00000000
v -9.67497540 17.03044128 0.00000000
v -9.22892189 15.91631603 0.00000000
v -8.73529148 16.10662651 0.00000000
v -8.24582767 16.28240204 0.00000000
v -9.15397453 17.23130226 0.00000000
v -8.63954163 17.41604614 0.00000000
v -7.76514864 16.44370079 0.00000000
v -8.13603020 17.58500671 0.00000000
v -7.29784441 16.59063339 0.00000000
v -6.84847355 16.72335243 0.00000000
v -6.42156935 16.84205055 0.00000000
v -6.02164125 16.94694328 0.00000000
v -5.65318060 17.03826904 0.00000000
v -7.64778948 17.73852158 0.00000000
v -7.17917299 17.87692642 0.00000000
v -6.73453236 18.00055504 0.00000000
v -6.31821966 18.10974503 0.00000000
v -5.93458652 18.20483017 0.00000000
v -5.32065821 17.11628342 0.00000000
v -5.02853155 17.18125916 0.00000000
v -4.78124046 17.23347473 0.00000000
v -4.58320570 17.27322578 0.00000000
v -4.44623566 17.29939461 0.00000000
v -4.08439112 17.30410194 0.00000000
v -3.96782541 17.31130219 0.00000000
v -3.85251164 17.32979774 0.00000000
v -3.73954177 17.35941696 0.00000000
v -3.62998629 17.39987755 0.00000000
v -3.52488256 17.45079613 0.00000000
v -3.42522621 17.51169014 0.00000000
v -3.33196139 17.58198166 0.00000000
v -5.58798504 18.28614998 0.00000000
v -5.28276682 18.35403633 0.00000000
v -5.02328396 18.40882683 0.00000000
v -4.81388855 18.45085716 0.00000000
v -4.65893221 18.48046303 0.00000000
v -4.56276703 18.49798012 0.00000000
v -4.09999990 18.50399971 0.00000000
v -3.24597120 17.66100883 0.00000000
v -3.16807032 17.74802017 0.00000000
v -3.09899640 17.84218979 0.00000000
v -3.03940392 17.94263077 0.00000000
v -4.09999990 20.00799942 0.00000000
v -2.98985720 18.04838753 0.00000000
v -2.95082545 18.15846062 0.00000000
v -2.92267847 18.27180481 0.00000000
v -2.90568304 18.38735008 0.00000000
v -2.90000010 18.50399971 0.00000000
v -2.90000010 18.80800056 0.00000000
v -19.87500000 2.90000010 6.76999998
v -19.08099937 2.90000010 6.76999998
v -18.96488190 2.90563130 6.76999998
v -18.84985352 2.92247248 6.76999998
v -18.73699379 2.95036554 6.76999998
v -18.62736320 2.98904848 6.76999998
v -18.52198982 3.03815842 6.76999998
v -21.07500076 4.09999990 6.76999998
v -19.08099937 4.09999990 6.76999998
v -19.07284927 4.50496864 6.76999998
v -19.04878235 4.58598471 6.76999998
v -19.00878525 4.71723604 6.76999998
v -18.95295143 4.89563322 6.76999998
v -18.88137436 5.11808681 6.76999998
v -18.79415131 5.38150740 6.76999998
v -18.42186356 3.09723425 6.76999998
v -18.32792282 3.16572189 6.76999998
v -18.24105072 3.24297810 6.76999998
v -18.16206360 3.32827783 6.76999998
v -18.09169960 3.42082071 6.76999998
v -18.03062057 3.51973820 6.76999998
v -17.97940063 3.62410164 6.76999998
v -17.93852043 3.73293185 6.76999998
v -17.90836143 3.84520698 6.76999998
v -17.88920975 3.95987368 6.76999998
v -17.88124275 4.07585526 6.76999998
v -17.87639809 4.31657791 6.76999998
v -17.86221695 4.36311436 6.76999998
v -17.80916023 4.53263903 6.76999998
v -17.74060440 4.74570227 6.76999998
v -17.65667152 4.99918699 6.76999998
v -17.55748177 5.28996468 6.76999998
v -18.69137192 5.68280554 6.76999998
v -18.57313538 6.01889229 6.76999998
v -18.43953133 6.38667822 6.76999998
v -17.44316673 5.61489868 6.76999998
v -17.31386375 5.97084761 6.76999998
v -18.29065514 6.78307390 6.76999998
v -18.12660027 7.20499039 6.76999998
v -17.94746208 7.64933729 6.76999998
v -17.16971207 6.35466290 6.76999998
v -17.01086426 6.76318932 6.76999998
v -16.83748055 7.19326448 6.76999998
v -16.64973068 7.64171743 6.76999998
v -17.75333405 8.11302662 6.76999998
v -17.54430962 8.59296799 6.76999998
v -17.32048416 9.08607292 6.76999998
v -16.44780159 8.10536861 6.76999998
v -16.23189354 8.58102894 6.76999998
v -16.00222969 9.06549740 6.76999998
v -17.08195114 9.58925152 6.76999998
v -16.82880402 10.09941483 6.76999998
v -15.75905418 9.55556488 6.76999998
v -15.50264263 10.04800606 6.76999998
v -16.56113625 10.61347389 6.76999998
v -16.27904320 11.12833786 6.76999998
v -15.98261833 11.64091873 6.76999998
v -15.23330593 10.53958893 6.76999998
v -14.95139790 11.02706623 6.76999998
v -14.68688583 11.45892715 6.76999998
v -15.67195606 12.14812756 6.76999998
v -15.63147259 12.21028996 6.76999998
v -15.43961048 12.50489902 6.76999998
v -15.34714985 12.64687347 6.76999998
v -14.49625492 11.75451565 6.76999998
v -14.35156631 11.97668839 6.76999998
v -14.03466415 12.43231964 6.76999998
v -15.00829315 13.13406849 6.76999998
v -14.65548134 13.60662270 6.76999998
v -13.70726395 12.87083721 6.76999998
v -13.37769604 13.27963543 6.76999998
v -14.28880882 14.06144714 6.76999998
v -13.94148159 14.44195938 6.76999998
v -13.55720329 14.80299568 6.76999998
v -13.08624077 13.59893799 6.76999998
v -12.76498604 13.90076256 6.76999998
v -13.14032650 15.14489174 6.76999998
v -12.40675259 14.19456291 6.76999998
v -12.01548386 14.47856331 6.76999998
v -11.83413410 14.59634781 6.76999998
v -11.53732777 14.78544807 6.76999998
v -11.15150642 15.01169109 6.76999998
v -12.69520283 15.46798325 6.76999998
v -12.58460522 15.53981495 6.76999998
v -12.28972530 15.73133564 6.76999998
v -12.22618294 15.77260590 6.76999998
v -11.73762035 16.05909538 6.76999998
v -11.23386669 16.32778740 6.76999998
v -10.68808746 15.25886917 6.76999998
v -10.21002483 15.49226570 6.76999998
v -9.72206306 15.71149158 6.76999998
v -10.71927261 16.57901955 6.76999998
v -10.19819164 16.81312561 6.76999998
v -9.67497540 17.03044128 6.76999998
v -9.22892189 15.91631603 6.76999998
v -8.73529148 16.10662651 6.76999998
v -8.24582767 16.28240204 6.76999998
v -9.15397453 17.23130226 6.76999998
v -8.63954163 17.41604614 6.76999998
v -7.76514864 16.44370079 6.76999998
v -8.13603020 17.58500671 6.76999998
v -7.29784441 16.59063339 6.76999998
v -6.84847355 16.72335243 6.76999998
v -6.42156935 16.84205055 6.76999998
v -6.02164125 16.94694328 6.76999998
v -5.65318060 17.03826904 6.76999998
v -7.64778948 17.73852158 6.76999998
v -7.17917299 17.87692642 6.76999998
v -6.73453236 18.00055504 6.76999998
v -6.31821966 18.10974503 6.76999998
v -5.93458652 18.20483017 6.76999998
v -5.32065821 17.11628342 6.76999998
v -5.02853155 17.18125916 6.76999998
v -4.78124046 17.23347473 6.76999998
v -4.58320570 17.27322578 6.76999998
v -4.44623566 17.29939461 6.76999998
v -4.08439112 17.30410194 6.76999998
v -3.96782541 17.31130219 6.76999998
v -3.85251164 17.32979774 6.76999998
v -3.73954177 17.35941696 6.76999998
v -3.62998629 17.39987755 6.76999998
v -3.52488256 17.45079613 6.76999998
v -3.42522621 17.51169014 6.76999998
v -3.33196139 17.58198166 6.76999998
v -5.58798504 18.28614998 6.76999998
v -5.28276682 18.35403633 6.76999998
v -5.02328396 18.40882683 6.76999998
v -4.81388855 18.45085716 6.76999998
v -4.65893221 18.48046303 6.76999998
v -4.56276703 18.49798012 6.76999998
v -4.09999990 18.50399971 6.76999998
v -3.24597120 17.66100883 6.76999998
v -3.16807032 17.74802017 6.76999998
v -3.09899640 17.84218979 6.76999998
v -3.03940392 17.94263077 6.76999998
v -4.09999990 20.00799942 6.76999998
v -2.98985720 18.04838753 6.76999998
v -2.95082545 18.15846062 6.76999998
v -2.92267847 18.27180481 6.76999998
v -2.90568304 18.38735008 6.76999998
v -2.90000010 18.50399971 6.76999998
v -2.90000010 18.80800056 6.76999998
v 2.50000000 -18.53899956 0.00000000
v 2.50000000 -16.64999962 0.00000000
v 3.70000005 -17.33895493 0.00000000
v 3.70000005 -16.64999962 0.00000000
v 2.50000000 -15.44999981 0.00000000
v -0.37856945 -9.92882919 0.00000000
v -0.12662292 -9.90320873 0.00000000
v 0.12662292 -9.90320873 0.00000000
v 0.37856945 -9.92882919 0.00000000
v 0.62663132 -9.97980690 0.00000000
v 1.10098541 -10.15548897 0.00000000
v 1.32240999 -10.27838898 0.00000000
v 1.89689529 -10.77156925 0.00000000
v 2.05190849 -10.97182941 0.00000000
v 1.53026497 -10.42306042 0.00000000
v 1.72241735 -10.58801842 0.00000000
v 0.86826313 -10.05561924 0.00000000
v 1.28502941 -8.93031693 0.00000000
v 1.62945831 -9.07812309 0.00000000
v 1.95716679 -9.26001644 0.00000000
v 2.50000000 -12.39999962 0.00000000
v 2.48717332 -12.14707947 0.00000000
v 2.44882488 -11.89675331 0.00000000
v 2.38534808 -11.65159225 0.00000000
v 2.29739451 -11.41411018 0.00000000
v 3.70000005 -12.39999962 0.00000000
v 3.68101645 -12.02567768 0.00000000
v 3.62426066 -11.65519524 0.00000000
v 2.18586659 -11.18674469 0.00000000
v 3.40014386 -10.94088364 0.00000000
v 3.03682470 -10.28630733 0.00000000
v 3.23508239 -10.60438251 0.00000000
v 2.54917765 -9.71826649 0.00000000
v 2.26479220 -9.47412968 0.00000000
v 2.80740499 -9.98992157 0.00000000
v 3.53031516 -11.29235649 0.00000000
v 8.61153221 -17.33876801 0.00000000
v 9.81153202 -18.53872299 0.00000000
v 8.61153221 -15.95029831 0.00000000
v 8.61690331 -15.83688450 0.00000000
v 8.63296986 -15.72448730 0.00000000
v 8.65958691 -15.61411095 0.00000000
v 8.69651604 -15.50674438 0.00000000
v 8.74342728 -15.40334892 0.00000000
v 8.79990101 -15.30484962 0.00000000
v 8.86543179 -15.21212864 0.00000000
v 8.93943119 -15.12601566 0.00000000
v 9.02123833 -15.04728222 0.00000000
v 9.11012077 -14.97663307 0.00000000
v 9.82784939 -15.94452000 0.00000000
v 9.81153202 -15.95029831 0.00000000
v 9.87558365 -15.92690849 0.00000000
v 9.20528221 -14.91470051 0.00000000
v 9.30587101 -14.86203861 0.00000000
v 9.41098690 -14.81911945 0.00000000
v 9.41987705 -14.81597233 0.00000000
v 9.45172787 -14.80422115 0.00000000
v 9.51165295 -14.78107834 0.00000000
v 9.59847260 -14.74594402 0.00000000
v 9.71041584 -14.69843292 0.00000000
v 9.84565258 -14.63818836 0.00000000
v -0.18740192 -8.70474911 0.00000000
v 0.18740192 -8.70474911 0.00000000
v 0.56028277 -8.74266720 0.00000000
v 0.92741436 -8.81811428 0.00000000
v 9.95290852 -15.89704704 0.00000000
v 10.05799675 -15.85451984 0.00000000
v 10.18902206 -15.79891014 0.00000000
v 10.34415722 -15.72980118 0.00000000
v 10.52157688 -15.64677620 0.00000000
v 10.71945190 -15.54942036 0.00000000
v 10.93595695 -15.43731594 0.00000000
v 11.16926575 -15.31004715 0.00000000
v 10.00233936 -14.56486607 0.00000000
v 10.17863083 -14.47812939 0.00000000
v 10.37267971 -14.37765312 0.00000000
v 10.58264446 -14.26311779 0.00000000
v 10.80668926 -14.13421440 0.00000000
v 11.04298401 -13.99064350 0.00000000
v 11.41755104 -15.16719723 0.00000000
v 11.67898655 -15.00835037 0.00000000
v 11.28970718 -13.83211040 0.00000000
v 11.95174408 -14.83308983 0.00000000
v 12.23399830 -14.64099884 0.00000000
v 12.52392197 -14.43166161 0.00000000
v 12.81968880 -14.20466137 0.00000000
v 13.11947155 -13.95958233 0.00000000
v 11.54505253 -13.65833282 0.00000000
v 11.80722427 -13.46903419 0.00000000
v 12.07444572 -13.26394272 0.00000000
v 12.34495926 -13.04279041 0.00000000
v 12.61703300 -12.80531311 0.00000000
v 12.88895702 -12.55123997 0.00000000
v 13.42144394 -13.69600677 0.00000000
v 13.72377872 -13.41351986 0.00000000
v 13.15905571 -12.28029346 0.00000000
v 13.42568016 -11.99218273 0.00000000
v 13.68721676 -11.68659592 0.00000000
v 14.02464962 -13.11170483 0.00000000
v 14.32222939 -12.79014397 0.00000000
v 13.94208241 -11.36319256 0.00000000
v 14.61469173 -12.44842243 0.00000000
v 14.90020943 -12.08612347 0.00000000
v 14.18872547 -11.02159405 0.00000000
v 14.43040562 -10.65409851 0.00000000
v 14.63381863 -10.32317352 0.00000000
v 14.82987976 -9.98327637 0.00000000
v 15.01828861 -9.63641357 0.00000000
v 15.17695713 -11.70283127 0.00000000
v 15.44310665 -11.29812813 0.00000000
v 15.66490841 -10.93728638 0.00000000
v 15.87702656 -10.56955433 0.00000000
v 16.07951355 -10.19677162 0.00000000
v 15.19880962 -9.28456688 0.00000000
v 15.37125683 -8.92971420 0.00000000
v 16.27242279 -9.82077885 0.00000000
v 16.45581055 -9.44341564 0.00000000
v 16.62972832 -9.06652355 0.00000000
v 13.80187511 -11.54110432 3.06999993
v 13.94208241 -11.36319256 3.06999993
v 14.73005867 -12.30203152 3.06999993
v 14.90020943 -12.08612347 3.06999993
v 14.94428730 -12.02507687 3.06999993
v 14.01452732 -11.26285648 3.06999993
v 15.53548145 -8.57382870 0.00000000
v 15.69136524 -8.21887016 0.00000000
v 15.83881760 -7.86679411 0.00000000
v 15.97776985 -7.51954412 0.00000000
v 16.10817337 -7.17905521 0.00000000
v 16.22999001 -6.84725523 0.00000000
v 16.79422951 -8.69194031 0.00000000
v 16.94936943 -8.32150841 0.00000000
v 17.09520149 -7.95706749 0.00000000
v 16.34320259 -6.52606249 0.00000000
v 17.23177910 -7.60045671 0.00000000
v 17.35915375 -7.25351715 0.00000000
v 17.47738457 -6.91808844 0.00000000
v 17.58651924 -6.59601116 0.00000000
v 16.44779587 -6.21738911 0.00000000
v 16.54376984 -5.92314100 0.00000000
v 16.63113022 -5.64521694 0.00000000
v 16.70988846 -5.38551044 0.00000000
v 16.78006363 -5.14591074 0.00000000
v 16.84167671 -4.92830133 0.00000000
v 16.89475250 -4.73456192 0.00000000
v 16.93932533 -4.56656742 0.00000000
v 16.97542763 -4.42618752 0.00000000
v 17.00309372 -4.31528139 0.00000000
v 17.00370407 -4.31276417 0.00000000
v 17.00606537 -4.08741951 0.00000000
v 17.68661690 -6.28912544 0.00000000
v 17.77772713 -5.99927092 0.00000000
v 17.85990524 -5.72828817 0.00000000
v 17.93320465 -5.47801733 0.00000000
v 17.99767876 -5.25029850 0.00000000
v 18.05338287 -5.04697180 0.00000000
v 18.10037041 -4.86987782 0.00000000
v 18.13869286 -4.72085619 0.00000000
v 18.16840744 -4.60174704 0.00000000
v 18.18956375 -4.51439095 0.00000000
v 18.20221901 -4.46062803 0.00000000
v 18.20599937 -4.09999990 0.00000000
v 20.20000076 -4.09999990 0.00000000
v 17.01299286 -3.97064781 0.00000000
v 17.03125381 -3.85510516 0.00000000
v 17.06068039 -3.74188972 0.00000000
v 17.10099030 -3.63207698 0.00000000
v 17.15179825 -3.52671075 0.00000000
v 17.21262550 -3.42679238 0.00000000
v 17.28289223 -3.33327103 0.00000000
v 17.36193085 -3.24703574 0.00000000
v 17.44898987 -3.16890550 0.00000000
v 17.54324341 -3.09962320 0.00000000
v 17.64379501 -3.03984690 0.00000000
v 17.74968719 -2.99014473 0.00000000
v 17.85991669 -2.95098901 0.00000000
v 17.97343445 -2.92275190 0.00000000
v 18.08916283 -2.90570140 0.00000000
v 18.20599937 -2.90000010 0.00000000
v 19.00000000 -2.90000010 0.00000000
v 20.20000076 0.00000000 0.00000000
v 15.86072159 -7.81205463 3.06999993
v 15.97776985 -7.51954412 3.06999993
v 15.99056339 -7.48614025 3.06999993
v 16.94936943 -8.32150841 3.06999993
v 16.94468880 -8.33268547 3.06999993
v 17.07518578 -8.00708580 3.06999993
v 2.50000000 -18.53899956 6.76999998
v 2.50000000 -16.64999962 6.76999998
v 3.70000005 -17.33895493 6.76999998
v 3.70000005 -16.64999962 6.76999998
v 2.50000000 -15.44999981 6.76999998
v -0.37856945 -9.92882919 6.76999998
v -0.12662292 -9.90320873 6.76999998
v 0.12662292 -9.90320873 6.76999998
v 0.37856945 -9.92882919 6.76999998
v 0.62663132 -9.97980690 6.76999998
v 1.10098541 -10.15548897 6.76999998
v 1.32240999 -10.27838898 6.76999998
v 1.89689529 -10.77156925 6.76999998
v 2.05190849 -10.97182941 6.76999998
v 1.53026497 -10.42306042 6.76999998
v 1.72241735 -10.58801842 6.76999998
v 0.86826313 -10.05561924 6.76999998
v 1.28502941 -8.93031693 6.76999998
v 1.62945831 -9.07812309 6.76999998
v 1.95716679 -9.26001644 6.76999998
v 2.50000000 -12.39999962 6.76999998
v 2.48717332 -12.14707947 6.76999998
v 2.44882488 -11.89675331 6.76999998
v 2.38534808 -11.65159225 6.76999998
v 2.29739451 -11.41411018 6.76999998
v 3.70000005 -12.39999962 6.76999998
v 3.68101645 -12.02567768 6.76999998
v 3.62426066 -11.65519524 6.76999998
v 2.18586659 -11.18674469 6.76999998
v 3.40014386 -10.94088364 6.76999998
v 3.03682470 -10.28630733 6.76999998
v 3.23508239 -10.60438251 6.76999998
v 2.54917765 -9.71826649 6.76999998
v 2.26479220 -9.47412968 6.76999998
v 2.80740499 -9.98992157 6.76999998
v 3.53031516 -11.29235649 6.76999998
v 8.61153221 -17.33876801 6.76999998
v 9.81153202 -18.53872299 6.76999998
v 8.61153221 -15.95029831 6.76999998
v 8.61690331 -15.83688450 6.76999998
v 8.63296986 -15.72448730 6.76999998
v 8.65958691 -15.61411095 6.76999998
v 8.69651604 -15.50674438 6.76999998
v 8.74342728 -15.40334892 6.76999998
v 8.79990101 -15.30484962 6.76999998
v 8.86543179 -15.21212864 6.76999998
v 8.93943119 -15.12601566 6.76999998
v 9.02123833 -15.04728222 6.76999998
v 9.11012077 -14.97663307 6.76999998
v 9.82784939 -15.94452000 6.76999998
v 9.81153202 -15.95029831 6.76999998
v 9.87558365 -15.92690849 6.76999998
v 9.20528221 -14.91470051 6.76999998
v 9.30587101 -14.86203861 6.76999998
v 9.41098690 -14.81911945 6.76999998
v 9.41987705 -14.81597233 6.76999998
v 9.45172787 -14.80422115 6.76999998
v 9.51165295 -14.78107834 6.76999998
v 9.59847260 -14.74594402 6.76999998
v 9.71041584 -14.69843292 6.76999998
v 9.84565258 -14.63818836 6.76999998
v -0.18740192 -8.70474911 6.76999998
v 0.18740192 -8.70474911 6.76999998
v 0.56028277 -8.74266720 6.76999998
v 0.92741436 -8.81811428 6.76999998
v 9.95290852 -15.89704704 6.76999998
v 10.05799675 -15.85451984 6.76999998
v 10.18902206 -15.79891014 6.76999998
v 10.34415722 -15.72980118 6.76999998
v 10.52157688 -15.64677620 6.76999998
v 10.71945190 -15.54942036 6.76999998
v 10.93595695 -15.43731594 6.76999998
v 11.16926575 -15.31004715 6.76999998
v 10.00233936 -14.56486607 6.76999998
v 10.17863083 -14.47812939 6.76999998
v 10.37267971 -14.37765312 6.76999998
v 10.58264446 -14.26311779 6.76999998
v 10.80668926 -14.13421440 6.76999998
v 11.04298401 -13.99064350 6.76999998
v 11.41755104 -15.16719723 6.76999998
v 11.67898655 -15.00835037 6.76999998
v 11.28970718 -13.83211040 6.76999998
v 11.95174408 -14.83308983 6.76999998
v 12.23399830 -14.64099884 6.76999998
v 12.52392197 -14.43166161 6.76999998
v 12.81968880 -14.20466137 6.76999998
v 13.11947155 -13.95958233 6.76999998
v 11.54505253 -13.65833282 6.76999998
v 11.80722427 -13.46903419 6.76999998
v 12.07444572 -13.26394272 6.76999998
v 12.34495926 -13.04279041 6.76999998
v 12.61703300 -12.80531311 6.76999998
v 12.88895702 -12.55123997 6.76999998
v 13.42144394 -13.69600677 6.76999998
v 13.72377872 -13.41351986 6.76999998
v 13.15905571 -12.28029346 6.76999998
v 13.42568016 -11.99218273 6.76999998
v 13.68721676 -11.68659592 6.76999998
v 14.02464962 -13.11170483 6.76999998
v 14.32222939 -12.79014397 6.76999998
v 13.80187511 -11.54110432 6.76999998
v 14.61469173 -12.44842243 6.76999998
v 14.73005867 -12.30203152 6.76999998
v 14.94428730 -12.02507687 6.76999998
v 14.01452732 -11.26285648 6.76999998
v 14.18872547 -11.02159405 6.76999998
v 14.43040562 -10.65409851 6.76999998
v 14.63381863 -10.32317352 6.76999998
v 14.82987976 -9.98327637 6.76999998
v 15.01828861 -9.63641357 6.76999998
v 15.17695713 -11.70283127 6.76999998
v 15.44310665 -11.29812813 6.76999998
v 15.66490841 -10.93728638 6.76999998
v 15.87702656 -10.56955433 6.76999998
v 16.07951355 -10.19677162 6.76999998
v 15.19880962 -9.28456688 6.76999998
v 15.37125683 -8.92971420 6.76999998
v 16.27242279 -9.82077885 6.76999998
v 16.45581055 -9.44341564 6.76999998
v 16.62972832 -9.06652355 6.76999998
v 15.53548145 -8.57382870 6.76999998
v 15.69136524 -8.21887016 6.76999998
v 15.83881760 -7.86679411 6.76999998
v 15.86072159 -7.81205463 6.76999998
v 15.99056339 -7.48614025 6.76999998
v 16.10817337 -7.17905521 6.76999998
v 16.22999001 -6.84725523 6.76999998
v 16.79422951 -8.69194031 6.76999998
v 16.94468880 -8.33268547 6.76999998
v 17.07518578 -8.00708580 6.76999998
v 17.09520149 -7.95706749 6.76999998
v 16.34320259 -6.52606249 6.76999998
v 17.23177910 -7.60045671 6.76999998
v 17.35915375 -7.25351715 6.76999998
v 17.47738457 -6.91808844 6.76999998
v 17.58651924 -6.59601116 6.76999998
v 16.44779587 -6.21738911 6.76999998
v 16.54376984 -5.92314100 6.76999998
v 16.63113022 -5.64521694 6.76999998
v 16.70988846 -5.38551044 6.76999998
v 16.78006363 -5.14591074 6.76999998
v 16.84167671 -4.92830133 6.76999998
v 16.89475250 -4.73456192 6.76999998
v 16.93932533 -4.56656742 6.76999998
v 16.97542763 -4.42618752 6.76999998
v 17.00309372 -4.31528139 6.76999998
v 17.00370407 -4.31276417 6.76999998
v 17.00606537 -4.08741951 6.76999998
v 17.68661690 -6.28912544 6.76999998
v 17.77772713 -5.99927092 6.76999998
v 17.85990524 -5.72828817 6.76999998
v 17.93320465 -5.47801733 6.76999998
v 17.99767876 -5.25029850 6.76999998
v 18.05338287 -5.04697180 6.76999998
v 18.10037041 -4.86987782 6.76999998
v 18.13869286 -4.72085619 6.76999998
v 18.16840744 -4.60174704 6.76999998
v 18.18956375 -4.51439095 6.76999998
v 18.20221901 -4.46062803 6.76999998
v 18.20599937 -4.09999990 6.76999998
v 20.20000076 -4.09999990 6.76999998
v 17.01299286 -3.97064781 6.76999998
v 17.03125381 -3.85510516 6.76999998
v 17.06068039 -3.74188972 6.76999998
v 17.10099030 -3.63207698 6.76999998
v 17.15179825 -3.52671075 6.76999998
v 17.21262550 -3.42679238 6.76999998
v 17.28289223 -3.33327103 6.76999998
v 17.36193085 -3.24703574 6.76999998
v 17.44898987 -3.16890550 6.76999998
v 17.54324341 -3.09962320 6.76999998
v 17.64379501 -3.03984690 6.76999998
v 17.74968719 -2.99014473 6.76999998
v 17.85991669 -2.95098901 6.76999998
v 17.97343445 -2.92275190 6.76999998
v 18.08916283 -2.90570140 6.76999998
v 18.20599937 -2.90000010 6.76999998
v 19.00000000 -2.90000010 6.76999998
v 20.20000076 0.00000000 6.76999998
v 2.97619510 17.55739784 0.00000000
v 3.07310534 17.48896217 0.00000000
v 3.17629933 17.43043137 0.00000000
v 3.28476882 17.38237572 0.00000000
v 3.39745331 17.34526634 0.00000000
v 3.51325130 17.31946564 0.00000000
v 3.63103127 17.30522346 0.00000000
v 3.69868207 17.30042076 0.00000000
v 3.80511212 17.29145813 0.00000000
v 3.95509696 17.27670670 0.00000000
v 4.14604044 17.25506783 0.00000000
v 4.37528849 17.22545052 0.00000000
v 4.64016867 17.18676949 0.00000000
v 2.73227835 17.81499100 0.00000000
v 2.61640763 18.02171898 0.00000000
v 2.57433581 18.13264656 0.00000000
v 2.66922712 17.91548729 0.00000000
v 2.54342318 18.24718666 0.00000000
v 2.52397156 18.36421776 0.00000000
v 2.51617122 18.48259926 0.00000000
v 2.52009845 18.60117149 0.00000000
v 2.53571463 18.71877670 0.00000000
v 2.80494475 17.72121239 0.00000000
v 2.88651609 17.63506699 0.00000000
v 2.55669212 18.80800056 0.00000000
v 3.71601081 18.50221062 0.00000000
v 3.79153132 18.49684906 0.00000000
v 3.91419744 18.48651886 0.00000000
v 4.08139038 18.47007561 0.00000000
v 4.29049015 18.44637871 0.00000000
v 4.09999990 18.50399971 0.00000000
v 4.53887844 18.41428947 0.00000000
v 4.09999990 20.00799942 0.00000000
v 4.93800211 17.13795090 0.00000000
v 5.26610374 17.07792854 0.00000000
v 6.00235891 16.92007446 0.00000000
v 5.62178564 17.00565147 0.00000000
v 6.40513229 16.82017136 0.00000000
v 6.82741690 16.70492935 0.00000000
v 7.26652575 16.57335663 0.00000000
v 4.82393551 18.37266159 0.00000000
v 5.14304209 18.32035637 0.00000000
v 5.87292767 18.17914200 0.00000000
v 5.49357939 18.25622940 0.00000000
v 6.27846813 18.08795166 0.00000000
v 6.70758152 17.98151588 0.00000000
v 7.15764856 17.85869217 0.00000000
v 8.18450546 16.25732231 0.00000000
v 7.71977901 16.42447281 0.00000000
v 8.11016655 17.55931854 0.00000000
v 8.65804768 16.07097435 0.00000000
v 9.13776779 15.86451054 0.00000000
v 9.62105274 15.63704109 0.00000000
v 8.60737991 17.38048553 0.00000000
v 9.11506939 17.18069839 0.00000000
v 9.63061619 16.95881653 0.00000000
v 7.62605000 17.71833992 0.00000000
v 17.54212570 3.10036516 0.00000000
v 17.21137238 3.42864561 0.00000000
v 17.28160667 3.33482122 0.00000000
v 17.09994507 3.63455057 0.00000000
v 17.05981636 3.74466681 0.00000000
v 17.15062523 3.52887416 0.00000000
v 17.36066055 3.24829555 0.00000000
v 17.44777679 3.16989446 0.00000000
v 17.03061867 3.85817242 0.00000000
v 17.01263428 3.97398496 0.00000000
v 17.00603294 4.09099960 0.00000000
v 16.95950317 4.71397161 0.00000000
v 16.92331314 4.93690014 0.00000000
v 16.87567902 5.20297194 0.00000000
v 16.81549454 5.50867796 0.00000000
v 17.00373840 4.39712763 0.00000000
v 17.00204086 4.41144514 0.00000000
v 16.98536682 4.53767681 0.00000000
v 17.74885941 2.99048543 0.00000000
v 17.64280510 3.04037142 0.00000000
v 17.85927391 2.95118284 0.00000000
v 17.97299576 2.92283869 0.00000000
v 18.08893967 2.90572333 0.00000000
v 18.20599937 2.90000010 0.00000000
v 19.00000000 2.90000010 0.00000000
v 18.20599937 4.09999990 0.00000000
v 18.20320702 4.47245026 0.00000000
v 18.19276047 4.56061459 0.00000000
v 18.17390633 4.70335197 0.00000000
v 18.14546204 4.89722490 0.00000000
v 18.10624695 5.13879442 0.00000000
v 18.05507660 5.42462111 0.00000000
v 20.20000076 4.09999990 0.00000000
v 16.28856468 7.50835037 0.00000000
v 16.74166489 5.85049915 0.00000000
v 16.54876900 6.62837791 0.00000000
v 16.65311050 6.22490931 0.00000000
v 16.42759514 7.05737066 0.00000000
v 17.57853699 7.39727592 0.00000000
v 17.43081856 7.87644053 0.00000000
v 15.95297241 8.46213436 0.00000000
v 16.13068199 7.97778225 0.00000000
v 15.75449944 8.95788574 0.00000000
v 15.53435516 9.46152782 0.00000000
v 15.29166985 9.96957684 0.00000000
v 17.26287079 8.37579346 0.00000000
v 17.07351303 8.89189625 0.00000000
v 16.86156273 9.42130947 0.00000000
v 16.62583923 9.96059513 0.00000000
v 17.91214371 6.11529493 0.00000000
v 17.99076843 5.75126791 0.00000000
v 17.81801796 6.51326418 0.00000000
v 17.70720863 6.94173765 0.00000000
v 10.58804321 15.11560631 0.00000000
v 11.06672478 14.81993198 0.00000000
v 12.44638538 13.78956985 0.00000000
v 11.53894424 14.49981785 0.00000000
v 12.00234413 14.15440083 0.00000000
v 13.71195221 12.45714474 0.00000000
v 15.02560616 10.47858334 0.00000000
v 14.42017746 11.48591709 0.00000000
v 14.73536587 10.98514366 0.00000000
v 14.07928944 11.97763920 0.00000000
v 12.89480877 13.36743450 0.00000000
v 13.31739902 12.92138481 0.00000000
v 12.74223423 15.09958172 0.00000000
v 13.74232960 14.21766090 0.00000000
v 13.23944664 14.69106388 0.00000000
v 14.21080112 13.72318363 0.00000000
v 14.64604187 13.21107101 0.00000000
v 10.10532284 15.38769245 0.00000000
v 10.15140152 16.71369553 0.00000000
v 10.67480659 16.44419670 0.00000000
v 11.19821167 16.14917755 0.00000000
v 11.71899700 15.82749748 0.00000000
v 12.23454475 15.47801208 0.00000000
v 16.07834053 11.05502987 0.00000000
v 15.42155933 12.14769077 0.00000000
v 15.04923344 12.68476009 0.00000000
v 15.76420116 11.60330105 0.00000000
v 16.36515808 10.50631428 0.00000000
v 11.65110016 14.41621685 3.06999993
v 11.53894424 14.49981785 3.06999993
v 11.36448956 14.61807919 3.06999993
v 14.53703785 11.30024815 3.06999993
v 14.42017746 11.48591709 3.06999993
v 14.34487152 11.59454441 3.06999993
v 12.11200905 15.56107807 3.06999993
v 12.23454475 15.47801208 3.06999993
v 12.39687347 15.35701275 3.06999993
v 15.42155933 12.14769077 3.06999993
v 15.48298264 12.05010128 3.06999993
v 15.28718567 12.34152031 3.06999993
v 2.97619510 17.55739784 6.76999998
v 3.07310534 17.48896217 6.76999998
v 3.17629933 17.43043137 6.76999998
v 3.28476882 17.38237572 6.76999998
v 3.39745331 17.34526634 6.76999998
v 3.51325130 17.31946564 6.76999998
v 3.63103127 17.30522346 6.76999998
v 3.69868207 17.30042076 6.76999998
v 3.80511212 17.29145813 6.76999998
v 3.95509696 17.27670670 6.76999998
v 4.14604044 17.25506783 6.76999998
v 4.37528849 17.22545052 6.76999998
v 4.64016867 17.18676949 6.76999998
v 2.73227835 17.81499100 6.76999998
v 2.61640763 18.02171898 6.76999998
v 2.57433581 18.13264656 6.76999998
v 2.66922712 17.91548729 6.76999998
v 2.54342318 18.24718666 6.76999998
v 2.52397156 18.36421776 6.76999998
v 2.51617122 18.48259926 6.76999998
v 2.52009845 18.60117149 6.76999998
v 2.53571463 18.71877670 6.76999998
v 2.80494475 17.72121239 6.76999998
v 2.88651609 17.63506699 6.76999998
v 2.55669212 18.80800056 6.76999998
v 3.71601081 18.50221062 6.76999998
v 3.79153132 18.49684906 6.76999998
v 3.91419744 18.48651886 6.76999998
v 4.08139038 18.47007561 6.76999998
v 4.29049015 18.44637871 6.76999998
v 4.09999990 18.50399971 6.76999998
v 4.53887844 18.41428947 6.76999998
v 4.09999990 20.00799942 6.76999998
v 4.93800211 17.13795090 6.76999998
v 5.26610374 17.07792854 6.76999998
v 6.00235891 16.92007446 6.76999998
v 5.62178564 17.00565147 6.76999998
v 6.40513229 16.82017136 6.76999998
v 6.82741690 16.70492935 6.76999998
v 7.26652575 16.57335663 6.76999998
v 4.82393551 18.37266159 6.76999998
v 5.14304209 18.32035637 6.76999998
v 5.87292767 18.17914200 6.76999998
v 5.49357939 18.25622940 6.76999998
v 6.27846813 18.08795166 6.76999998
v 6.70758152 17.98151588 6.76999998
v 7.15764856 17.85869217 6.76999998
v 8.18450546 16.25732231 6.76999998
v 7.71977901 16.42447281 6.76999998
v 8.11016655 17.55931854 6.76999998
v 8.65804768 16.07097435 6.76999998
v 9.13776779 15.86451054 6.76999998
v 9.62105274 15.63704109 6.76999998
v 8.60737991 17.38048553 6.76999998
v 9.11506939 17.18069839 6.76999998
v 9.63061619 16.95881653 6.76999998
v 7.62605000 17.71833992 6.76999998
v 17.54212570 3.10036516 6.76999998
v 17.21137238 3.42864561 6.76999998
v 17.28160667 3.33482122 6.76999998
v 17.09994507 3.63455057 6.76999998
v 17.05981636 3.74466681 6.76999998
v 17.15062523 3.52887416 6.76999998
v 17.36066055 3.24829555 6.76999998
v 17.44777679 3.16989446 6.76999998
v 17.03061867 3.85817242 6.76999998
v 17.01263428 3.97398496 6.76999998
v 17.00603294 4.09099960 6.76999998
v 16.95950317 4.71397161 6.76999998
v 16.92331314 4.93690014 6.76999998
v 16.87567902 5.20297194 6.76999998
v 16.81549454 5.50867796 6.76999998
v 17.00373840 4.39712763 6.76999998
v 17.00204086 4.41144514 6.76999998
v 16.98536682 4.53767681 6.76999998
v 17.74885941 2.99048543 6.76999998
v 17.64280510 3.04037142 6.76999998
v 17.85927391 2.95118284 6.76999998
v 17.97299576 2.92283869 6.76999998
v 18.08893967 2.90572333 6.76999998
v 18.20599937 2.90000010 6.76999998
v 19.00000000 2.90000010 6.76999998
v 18.20599937 4.09999990 6.76999998
v 18.20320702 4.47245026 6.76999998
v 18.19276047 4.56061459 6.76999998
v 18.17390633 4.70335197 6.76999998
v 18.14546204 4.89722490 6.76999998
v 18.10624695 5.13879442 6.76999998
v 18.05507660 5.42462111 6.76999998
v 20.20000076 4.09999990 6.76999998
v 16.28856468 7.50835037 6.76999998
v 16.74166489 5.85049915 6.76999998
v 16.54876900 6.62837791 6.76999998
v 16.65311050 6.22490931 6.76999998
v 16.42759514 7.05737066 6.76999998
v 17.57853699 7.39727592 6.76999998
v 17.43081856 7.87644053 6.76999998
v 15.95297241 8.46213436 6.76999998
v 16.13068199 7.97778225 6.76999998
v 15.75449944 8.95788574 6.76999998
v 15.53435516 9.46152782 6.76999998
v 15.29166985 9.96957684 6.76999998
v 17.26287079 8.37579346 6.76999998
v 17.07351303 8.89189625 6.76999998
v 16.86156273 9.42130947 6.76999998
v 16.62583923 9.96059513 6.76999998
v 17.91214371 6.11529493 6.76999998
v 17.99076843 5.75126791 6.76999998
v 17.81801796 6.51326418 6.76999998
v 17.70720863 6.94173765 6.76999998
v 10.58804321 15.11560631 6.76999998
v 11.06672478 14.81993198 6.76999998
v 12.44638538 13.78956985 6.76999998
v 11.65110016 14.41621685 6.76999998
v 11.36448956 14.61807919 6.76999998
v 12.00234413 14.15440083 6.76999998
v 13.71195221 12.45714474 6.76999998
v 15.02560616 10.47858334 6.76999998
v 14.53703785 11.30024815 6.76999998
v 14.73536587 10.98514366 6.76999998
v 14.34487152 11.59454441 6.76999998
v 14.07928944 11.97763920 6.76999998
v 12.89480877 13.36743450 6.76999998
v 13.31739902 12.92138481 6.76999998
v 12.74223423 15.09958172 6.76999998
v 13.74232960 14.21766090 6.76999998
v 13.23944664 14.69106388 6.76999998
v 14.21080112 13.72318363 6.76999998
v 14.64604187 13.21107101 6.76999998
v 10.10532284 15.38769245 6.76999998
v 10.15140152 16.71369553 6.76999998
v 10.67480659 16.44419670 6.76999998
v 11.19821167 16.14917755 6.76999998
v 11.71899700 15.82749748 6.76999998
v 12.11200905 15.56107807 6.76999998
v 12.39687347 15.35701275 6.76999998
v 16.07834053 11.05502987 6.76999998
v 15.48298264 12.05010128 6.76999998
v 15.28718567 12.34152031 6.76999998
v 15.04923344 12.68476009 6.76999998
v 15.76420116 11.60330105 6.76999998
v 16.36515808 10.50631428 6.76999998
v -18.38551436 -6.32022662 1.00000000
v -18.47137378 -6.10000000 1.00000000
v -15.90000000 -6.10000000 1.00000000
v -15.90000000 -3.50000000 1.00000000
v -20.50000000 -3.50000000 1.00000000
v -20.50000000 -4.10000000 1.00000000
v -21.07500000 -4.10000000 1.00000000
v -21.07500000 0.00000000 1.00000000
v -21.07500000 4.10000000 1.00000000
v -20.50000000 4.10000000 1.00000000
v -20.50000000 3.50000000 1.00000000
v -15.90000000 3.50000000 1.00000000
v -15.90000000 6.10000000 1.00000000
v -18.54367101 6.10000000 1.00000000
v -18.43953046 6.38667836 1.00000000
v -18.32185480 6.70000000 1.00000000
v -15.90000000 6.70000000 1.00000000
v -15.90000000 9.30000000 1.00000000
v -17.21907168 9.30000000 1.00000000
v -17.08195080 9.58925192 1.00000000
v -16.92775490 9.90000000 1.00000000
v -15.90000000 9.90000000 1.00000000
v -15.90000000 11.77580712 1.00000000
v -15.67195566 12.14812743 1.00000000
v -15.34714939 12.64687365 1.00000000
v -15.03198891 13.10000000 1.00000000
v -10.70000000 13.10000000 1.00000000
v -10.70000000 15.70000000 1.00000000
v -12.33797258 15.70000000 1.00000000
v -12.22618315 15.77260596 1.00000000
v -11.73762049 16.05909569 1.00000000
v -11.28596481 16.30000000 1.00000000
v -10.70000000 16.30000000 1.00000000
v -10.70000000 16.58767815 1.00000000
v -10.19819176 16.81312504 1.00000000
v -10.10000000 16.85390856 1.00000000
v -10.10000000 16.30000000 1.00000000
v -5.50000000 16.30000000 1.00000000
v -5.50000000 18.30571864 1.00000000
v -5.28276664 18.35403574 1.00000000
v -5.02328383 18.40882642 1.00000000
v -4.90000000 18.43357228 1.00000000
v -4.90000000 16.30000000 1.00000000
v -0.30000000 16.30000000 1.00000000
v -0.30000000 18.90000000 1.00000000
v -4.10000000 18.90000000 1.00000000
v -4.10000000 19.50000000 1.00000000
v -0.30000000 19.50000000 1.00000000
v -0.30000000 20.00800000 1.00000000
v 0.30000000 20.00800000 1.00000000
v 0.30000000 19.50000000 1.00000000
v 4.10000000 19.50000000 1.00000000
v 4.10000000 18.90000000 1.00000000
v 0.30000000 18.90000000 1.00000000
v 0.30000000 16.30000000 1.00000000
v 4.90000000 16.30000000 1.00000000
v 4.90000000 18.36019322 1.00000000
v 5.14304203 18.32035543 1.00000000
v 5.49357921 18.25622964 1.00000000
v 5.50000000 18.25492487 1.00000000
v 5.50000000 16.30000000 1.00000000
v 10.10000000 16.30000000 1.00000000
v 10.10000000 16.73788944 1.00000000
v 10.15140198 16.71369592 1.00000000
v 10.67480681 16.44419745 1.00000000
v 10.70000000 16.42999722 1.00000000
v 10.70000000 16.30000000 1.00000000
v 10.93063322 16.30000000 1.00000000
v 11.19821164 16.14917850 1.00000000
v 11.71899726 15.82749737 1.00000000
v 11.90707660 15.70000000 1.00000000
v 10.70000000 15.70000000 1.00000000
v 10.70000000 13.18200000 1.00000000
v 10.10000000 13.18200000 1.00000000
v 10.10000000 15.70000000 1.00000000
v 5.50000000 15.70000000 1.00000000
v 5.50000000 13.10000000 1.00000000
v 7.50800000 13.10000000 1.00000000
v 7.50800000 12.50000000 1.00000000
v 5.50000000 12.50000000 1.00000000
v 5.50000000 9.90000000 1.00000000
v 7.50800000 9.90000000 1.00000000
v 7.50800000 9.30000000 1.00000000
v 5.50000000 9.30000000 1.00000000
v 5.50000000 7.27100000 1.00000000
v 4.90000000 7.27100000 1.00000000
v 4.90000000 9.30000000 1.00000000
v 0.30000000 9.30000000 1.00000000
v 0.30000000 6.70000000 1.00000000
v 1.66600000 6.70000000 1.00000000
v 1.66600000 6.10000000 1.00000000
v 0.30000000 6.10000000 1.00000000
v 0.30000000 3.50000000 1.00000000
v 1.66600000 3.50000000 1.00000000
v 1.66600000 2.90000000 1.00000000
v 0.30000000 2.90000000 1.00000000
v 0.30000000 0.30000000 1.00000000
v 1.66600000 0.30000000 1.00000000
v 1.66600000 -0.30000000 1.00000000
v 0.30000000 -0.30000000 1.00000000
v 0.30000000 -2.90000000 1.00000000
v 1.66600000 -2.90000000 1.00000000
v 1.66600000 -3.50000000 1.00000000
v 0.30000000 -3.50000000 1.00000000
v 0.30000000 -6.10000000 1.00000000
v 1.66600000 -6.10000000 1.00000000
v 1.66600000 -6.70000000 1.00000000
v 0.30000000 -6.70000000 1.00000000
v 0.30000000 -7.17000000 1.00000000
v -0.30000000 -7.17000000 1.00000000
v -0.30000000 -6.70000000 1.00000000
v -1.66600000 -6.70000000 1.00000000
v -1.66600000 -6.10000000 1.00000000
v -0.30000000 -6.10000000 1.00000000
v -0.30000000 -3.50000000 1.00000000
v -1.66600000 -3.50000000 1.00000000
v -1.66600000 -2.90000000 1.00000000
v -0.30000000 -2.90000000 1.00000000
v -0.30000000 -0.30000000 1.00000000
v -1.66600000 -0.30000000 1.00000000
v -1.66600000 0.30000000 1.00000000
v -0.30000000 0.30000000 1.00000000
v -0.30000000 2.90000000 1.00000000
v -1.66600000 2.90000000 1.00000000
v -1.66600000 3.50000000 1.00000000
v -0.30000000 3.50000000 1.00000000
v -0.30000000 6.10000000 1.00000000
v -1.66600000 6.10000000 1.00000000
v -1.66600000 6.70000000 1.00000000
v -0.30000000 6.70000000 1.00000000
v -0.30000000 9.30000000 1.00000000
v -4.90000000 9.30000000 1.00000000
v -4.90000000 7.27100000 1.00000000
v -5.50000000 7.27100000 1.00000000
v -5.50000000 9.30000000 1.00000000
v -10.10000000 9.30000000 1.00000000
v -10.10000000 7.27100000 1.00000000
v -10.70000000 7.27100000 1.00000000
v -10.70000000 9.30000000 1.00000000
v -15.30000000 9.30000000 1.00000000
v -15.30000000 6.70000000 1.00000000
v -10.89100000 6.70000000 1.00000000
v -10.89100000 6.10000000 1.00000000
v -15.30000000 6.10000000 1.00000000
v -15.30000000 3.50000000 1.00000000
v -10.89100000 3.50000000 1.00000000
v -10.89100000 2.90000000 1.00000000
v -15.30000000 2.90000000 1.00000000
v -15.30000000 0.30000000 1.00000000
v -10.89100000 0.30000000 1.00000000
v -10.89100000 -0.30000000 1.00000000
v -15.30000000 -0.30000000 1.00000000
v -15.30000000 -2.90000000 1.00000000
v -10.89100000 -2.90000000 1.00000000
v -10.89100000 -3.50000000 1.00000000
v -15.30000000 -3.50000000 1.00000000
v -15.30000000 -6.10000000 1.00000000
v -10.89100000 -6.10000000 1.00000000
v -10.89100000 -6.70000000 1.00000000
v -15.30000000 -6.70000000 1.00000000
v -15.30000000 -7.17000000 1.00000000
v -15.90000000 -7.17000000 1.00000000
v -15.90000000 -6.70000000 1.00000000
v -18.22958010 -6.70000000 1.00000000
v -18.27952155 -6.58189433 1.00000000
v -20.50000000 -2.90000000 1.00000000
v -15.90000000 -2.90000000 1.00000000
v -15.90000000 -0.30000000 1.00000000
v -20.50000000 -0.30000000 1.00000000
v 4.90000000 13.10000000 1.00000000
v 4.90000000 15.70000000 1.00000000
v 0.30000000 15.70000000 1.00000000
v 0.30000000 13.10000000 1.00000000
v -0.30000000 13.10000000 1.00000000
v -0.30000000 15.70000000 1.00000000
v -4.90000000 15.70000000 1.00000000
v -4.90000000 13.10000000 1.00000000
v 4.90000000 9.90000000 1.00000000
v 4.90000000 12.50000000 1.00000000
v 0.30000000 12.50000000 1.00000000
v 0.30000000 9.90000000 1.00000000
v -0.30000000 9.90000000 1.00000000
v -0.30000000 12.50000000 1.00000000
v -4.90000000 12.50000000 1.00000000
v -4.90000000 9.90000000 1.00000000
v -20.50000000 2.90000000 1.00000000
v -20.50000000 0.30000000 1.00000000
v -15.90000000 0.30000000 1.00000000
v -15.90000000 2.90000000 1.00000000
v -15.30000000 12.50000000 1.00000000
v -15.30000000 9.90000000 1.00000000
v -10.70000000 9.90000000 1.00000000
v -10.70000000 12.50000000 1.00000000
v -10.10000000 15.70000000 1.00000000
v -10.10000000 13.10000000 1.00000000
v -5.50000000 13.10000000 1.00000000
v -5.50000000 15.70000000 1.00000000
v -10.10000000 12.50000000 1.00000000
v -10.10000000 9.90000000 1.00000000
v -5.50000000 9.90000000 1.00000000
v -5.50000000 12.50000000 1.00000000
v -18.38551436 -6.32022662 1.50000000
v -18.47137378 -6.10000000 1.50000000
v -15.90000000 -6.10000000 1.50000000
v -15.90000000 -3.50000000 1.50000000
v -20.50000000 -3.50000000 1.50000000
v -20.50000000 -4.10000000 1.50000000
v -21.07500000 -4.10000000 1.50000000
v -21.07500000 0.00000000 1.50000000
v -21.07500000 4.10000000 1.50000000
v -20.50000000 4.10000000 1.50000000
v -20.50000000 3.50000000 1.50000000
v -15.90000000 3.50000000 1.50000000
v -15.90000000 6.10000000 1.50000000
v -18.54367101 6.10000000 1.50000000
v -18.43953046 6.38667836 1.50000000
v -18.32185480 6.70000000 1.50000000
v -15.90000000 6.70000000 1.50000000
v -15.90000000 9.30000000 1.50000000
v -17.21907168 9.30000000 1.50000000
v -17.08195080 9.58925192 1.50000000
v -16.92775490 9.90000000 1.50000000
v -15.90000000 9.90000000 1.50000000
v -15.90000000 11.77580712 1.50000000
v -15.67195566 12.14812743 1.50000000
v -15.34714939 12.64687365 1.50000000
v -15.03198891 13.10000000 1.50000000
v -10.70000000 13.10000000 1.50000000
v -10.70000000 15.70000000 1.50000000
v -12.33797258 15.70000000 1.50000000
v -12.22618315 15.77260596 1.50000000
v -11.73762049 16.05909569 1.50000000
v -11.28596481 16.30000000 1.50000000
v -10.70000000 16.30000000 1.50000000
v -10.70000000 16.58767815 1.50000000
v -10.19819176 16.81312504 1.50000000
v -10.10000000 16.85390856 1.50000000
v -10.10000000 16.30000000 1.50000000
v -5.50000000 16.30000000 1.50000000
v -5.50000000 18.30571864 1.50000000
v -5.28276664 18.35403574 1.50000000
v -5.02328383 18.40882642 1.50000000
v -4.90000000 18.43357228 1.50000000
v -4.90000000 16.30000000 1.50000000
v -0.30000000 16.30000000 1.50000000
v -0.30000000 18.90000000 1.50000000
v -4.10000000 18.90000000 1.50000000
v -4.10000000 19.50000000 1.50000000
v -0.30000000 19.50000000 1.50000000
v -0.30000000 20.00800000 1.50000000
v 0.30000000 20.00800000 1.50000000
v 0.30000000 19.50000000 1.50000000
v 4.10000000 19.50000000 1.50000000
v 4.10000000 18.90000000 1.50000000
v 0.30000000 18.90000000 1.50000000
v 0.30000000 16.30000000 1.50000000
v 4.90000000 16.30000000 1.50000000
v 4.90000000 18.36019322 1.50000000
v 5.14304203 18.32035543 1.50000000
v 5.49357921 18.25622964 1.50000000
v 5.50000000 18.25492487 1.50000000
v 5.50000000 16.30000000 1.50000000
v 10.10000000 16.30000000 1.50000000
v 10.10000000 16.73788944 1.50000000
v 10.15140198 16.71369592 1.50000000
v 10.67480681 16.44419745 1.50000000
v 10.70000000 16.42999722 1.50000000
v 10.70000000 16.30000000 1.50000000
v 10.93063322 16.30000000 1.50000000
v 11.19821164 16.14917850 1.50000000
v 11.71899726 15.82749737 1.50000000
v 11.90707660 15.70000000 1.50000000
v 10.70000000 15.70000000 1.50000000
v 10.70000000 13.18200000 1.50000000
v 10.10000000 13.18200000 1.50000000
v 10.10000000 15.70000000 1.50000000
v 5.50000000 15.70000000 1.50000000
v 5.50000000 13.10000000 1.50000000
v 7.50800000 13.10000000 1.50000000
v 7.50800000 12.50000000 1.50000000
v 5.50000000 12.50000000 1.50000000
v 5.50000000 9.90000000 1.50000000
v 7.50800000 9.90000000 1.50000000
v 7.50800000 9.30000000 1.50000000
v 5.50000000 9.30000000 1.50000000
v 5.50000000 7.27100000 1.50000000
v 4.90000000 7.27100000 1.50000000
v 4.90000000 9.30000000 1.50000000
v 0.30000000 9.30000000 1.50000000
v 0.30000000 6.70000000 1.50000000
v 1.66600000 6.70000000 1.50000000
v 1.66600000 6.10000000 1.50000000
v 0.30000000 6.10000000 1.50000000
v 0.30000000 3.50000000 1.50000000
v 1.66600000 3.50000000 1.50000000
v 1.66600000 2.90000000 1.50000000
v 0.30000000 2.90000000 1.50000000
v 0.30000000 0.30000000 1.50000000
v 1.66600000 0.30000000 1.50000000
v 1.66600000 -0.30000000 1.50000000
v 0.30000000 -0.30000000 1.50000000
v 0.30000000 -2.90000000 1.50000000
v 1.66600000 -2.90000000 1.50000000
v 1.66600000 -3.50000000 1.50000000
v 0.30000000 -3.50000000 1.50000000
v 0.30000000 -6.10000000 1.50000000
v 1.66600000 -6.10000000 1.50000000
v 1.66600000 -6.70000000 1.50000000
v 0.30000000 -6.70000000 1.50000000
v 0.30000000 -7.17000000 1.50000000
v -0.30000000 -7.17000000 1.50000000
v -0.30000000 -6.70000000 1.50000000
v -1.66600000 -6.70000000 1.50000000
v -1.66600000 -6.10000000 1.50000000
v -0.30000000 -6.10000000 1.50000000
v -0.30000000 -3.50000000 1.50000000
v -1.66600000 -3.50000000 1.50000000
v -1.66600000 -2.90000000 1.50000000
v -0.30000000 -2.90000000 1.50000000
v -0.30000000 -0.30000000 1.50000000
v -1.66600000 -0.30000000 1.50000000
v -1.66600000 0.30000000 1.50000000
v -0.30000000 0.30000000 1.50000000
v -0.30000000 2.90000000 1.50000000
v -1.66600000 2.90000000 1.50000000
v -1.66600000 3.50000000 1.50000000
v -0.30000000 3.50000000 1.50000000
v -0.30000000 6.10000000 1.50000000
v -1.66600000 6.10000000 1.50000000
v -1.66600000 6.70000000 1.50000000
v -0.30000000 6.70000000 1.50000000
v -0.30000000 9.30000000 1.50000000
v -4.90000000 9.30000000 1.50000000
v -4.90000000 7.27100000 1.50000000
v -5.50000000 7.27100000 1.50000000
v -5.50000000 9.30000000 1.50000000
v -10.10000000 9.30000000 1.50000000
v -10.10000000 7.27100000 1.50000000
v -10.70000000 7.27100000 1.50000000
v -10.70000000 9.30000000 1.50000000
v -15.30000000 9.30000000 1.50000000
v -15.30000000 6.70000000 1.50000000
v -10.89100000 6.70000000 1.50000000
v -10.89100000 6.10000000 1.50000000
v -15.30000000 6.10000000 1.50000000
v -15.30000000 3.50000000 1.50000000
v -10.89100000 3.50000000 1.50000000
v -10.89100000 2.90000000 1.50000000
v -15.30000000 2.90000000 1.50000000
v -15.30000000 0.30000000 1.50000000
v -10.89100000 0.30000000 1.50000000
v -10.89100000 -0.30000000 1.50000000
v -15.30000000 -0.30000000 1.50000000
v -15.30000000 -2.90000000 1.50000000
v -10.89100000 -2.90000000 1.50000000
v -10.89100000 -3.50000000 1.50000000
v -15.30000000 -3.50000000 1.50000000
v -15.30000000 -6.10000000 1.50000000
v -10.89100000 -6.10000000 1.50000000
v -10.89100000 -6.70000000 1.50000000
v -15.30000000 -6.70000000 1.50000000
v -15.30000000 -7.17000000 1.50000000
v -15.90000000 -7.17000000 1.50000000
v -15.90000000 -6.70000000 1.50000000
v -18.22958010 -6.70000000 1.50000000
v -18.27952155 -6.58189433 1.50000000
v -20.50000000 -2.90000000 1.50000000
v -15.90000000 -2.90000000 1.50000000
v -15.90000000 -0.30000000 1.50000000
v -20.50000000 -0.30000000 1.50000000
v 4.90000000 13.10000000 1.50000000
v 4.90000000 15.70000000 1.50000000
v 0.30000000 15.70000000 1.50000000
v 0.30000000 13.10000000 1.50000000
v -0.30000000 13.10000000 1.50000000
v -0.30000000 15.70000000 1.50000000
v -4.90000000 15.70000000 1.50000000
v -4.90000000 13.10000000 1.50000000
v 4.90000000 9.90000000 1.50000000
v 4.90000000 12.50000000 1.50000000
v 0.30000000 12.50000000 1.50000000
v 0.30000000 9.90000000 1.50000000
v -0.30000000 9.90000000 1.50000000
v -0.30000000 12.50000000 1.50000000
v -4.90000000 12.50000000 1.50000000
v -4.90000000 9.90000000 1.50000000
v -20.50000000 2.90000000 1.50000000
v -20.50000000 0.30000000 1.50000000
v -15.90000000 0.30000000 1.50000000
v -15.90000000 2.90000000 1.50000000
v -15.30000000 12.50000000 1.50000000
v -15.30000000 9.90000000 1.50000000
v -10.70000000 9.90000000 1.50000000
v -10.70000000 12.50000000 1.50000000
v -10.10000000 15.70000000 1.50000000
v -10.10000000 13.10000000 1.50000000
v -5.50000000 13.10000000 1.50000000
v -5.50000000 15.70000000 1.50000000
v -10.10000000 12.50000000 1.50000000
v -10.10000000 9.90000000 1.50000000
v -5.50000000 9.90000000 1.50000000
v -5.50000000 12.50000000 1.50000000
v 15.17731961 12.50000000 1.00000000
v 13.06000000 12.50000000 1.00000000
v 13.06000000 13.10000000 1.00000000
v 14.73112988 13.10000000 1.00000000
v 15.04923364 12.68476037 1.00000000
v 15.17731961 12.50000000 1.50000000
v 13.06000000 12.50000000 1.50000000
v 13.06000000 13.10000000 1.50000000
v 14.73112988 13.10000000 1.50000000
v 15.04923364 12.68476037 1.50000000
v 15.42155949 12.14769089 1.00000000
v 15.76420099 11.60330107 1.00000000
v 15.90000000 11.36628909 1.00000000
v 15.90000000 10.00000000 1.00000000
v 15.30000000 10.00000000 1.00000000
v 15.30000000 12.32303701 1.00000000
v 15.42155949 12.14769089 1.50000000
v 15.76420099 11.60330107 1.50000000
v 15.90000000 11.36628909 1.50000000
v 15.90000000 10.00000000 1.50000000
v 15.30000000 10.00000000 1.50000000
v 15.30000000 12.32303701 1.50000000
v 20.20000000 3.50000000 1.00000000
v 20.20000000 2.90000000 1.00000000
v 15.90000000 2.90000000 1.00000000
v 15.90000000 0.30000000 1.00000000
v 20.20000000 0.30000000 1.00000000
v 20.20000000 0.00000000 1.00000000
v 20.20000000 -0.30000000 1.00000000
v 15.90000000 -0.30000000 1.00000000
v 15.90000000 -2.90000000 1.00000000
v 20.20000000 -2.90000000 1.00000000
v 20.20000000 -3.50000000 1.00000000
v 15.90000000 -3.50000000 1.00000000
v 15.90000000 -6.10000000 1.00000000
v 17.74606395 -6.10000000 1.00000000
v 17.68661596 -6.28912522 1.00000000
v 17.58651972 -6.59601119 1.00000000
v 17.55128313 -6.70000000 1.00000000
v 15.90000000 -6.70000000 1.00000000
v 15.90000000 -7.17000000 1.00000000
v 15.30000000 -7.17000000 1.00000000
v 15.30000000 -6.70000000 1.00000000
v 10.89100000 -6.70000000 1.00000000
v 10.89100000 -6.10000000 1.00000000
v 15.30000000 -6.10000000 1.00000000
v 15.30000000 -3.50000000 1.00000000
v 10.89100000 -3.50000000 1.00000000
v 10.89100000 -2.90000000 1.00000000
v 15.30000000 -2.90000000 1.00000000
v 15.30000000 -0.30000000 1.00000000
v 10.89100000 -0.30000000 1.00000000
v 10.89100000 0.30000000 1.00000000
v 15.30000000 0.30000000 1.00000000
v 15.30000000 2.90000000 1.00000000
v 10.89100000 2.90000000 1.00000000
v 10.89100000 3.50000000 1.00000000
v 15.30000000 3.50000000 1.00000000
v 15.30000000 6.00000000 1.00000000
v 15.90000000 6.00000000 1.00000000
v 15.90000000 3.50000000 1.00000000
v 20.20000000 3.50000000 1.50000000
v 20.20000000 2.90000000 1.50000000
v 15.90000000 2.90000000 1.50000000
v 15.90000000 0.30000000 1.50000000
v 20.20000000 0.30000000 1.50000000
v 20.20000000 0.00000000 1.50000000
v 20.20000000 -0.30000000 1.50000000
v 15.90000000 -0.30000000 1.50000000
v 15.90000000 -2.90000000 1.50000000
v 20.20000000 -2.90000000 1.50000000
v 20.20000000 -3.50000000 1.50000000
v 15.90000000 -3.50000000 1.50000000
v 15.90000000 -6.10000000 1.50000000
v 17.74606395 -6.10000000 1.50000000
v 17.68661596 -6.28912522 1.50000000
v 17.58651972 -6.59601119 1.50000000
v 17.55128313 -6.70000000 1.50000000
v 15.90000000 -6.70000000 1.50000000
v 15.90000000 -7.17000000 1.50000000
v 15.30000000 -7.17000000 1.50000000
v 15.30000000 -6.70000000 1.50000000
v 10.89100000 -6.70000000 1.50000000
v 10.89100000 -6.10000000 1.50000000
v 15.30000000 -6.10000000 1.50000000
v 15.30000000 -3.50000000 1.50000000
v 10.89100000 -3.50000000 1.50000000
v 10.89100000 -2.90000000 1.50000000
v 15.30000000 -2.90000000 1.50000000
v 15.30000000 -0.30000000 1.50000000
v 10.89100000 -0.30000000 1.50000000
v 10.89100000 0.30000000 1.50000000
v 15.30000000 0.30000000 1.50000000
v 15.30000000 2.90000000 1.50000000
v 10.89100000 2.90000000 1.50000000
v 10.89100000 3.50000000 1.50000000
v 15.30000000 3.50000000 1.50000000
v 15.30000000 6.00000000 1.50000000
v 15.90000000 6.00000000 1.50000000
v 15.90000000 3.50000000 1.50000000
v 10.89100000 6.70000000 1.00000000
v 13.36000000 6.70000000 1.00000000
v 13.36000000 6.10000000 1.00000000
v 10.89100000 6.10000000 1.00000000
v 10.89100000 6.70000000 1.50000000
v 13.36000000 6.70000000 1.50000000
v 13.36000000 6.10000000 1.50000000
v 10.89100000 6.10000000 1.50000000
v 13.06000000 9.90000000 1.00000000
v 13.36000000 9.90000000 1.00000000
v 13.36000000 9.30000000 1.00000000
v 13.06000000 9.30000000 1.00000000
v 13.06000000 9.90000000 1.50000000
v 13.36000000 9.90000000 1.50000000
v 13.36000000 9.30000000 1.50000000
v 13.06000000 9.30000000 1.50000000
v 10.10000000 8.47000000 1.00000000
v 10.70000000 8.47000000 1.00000000
v 10.70000000 7.27100000 1.00000000
v 10.10000000 7.27100000 1.00000000
v 10.10000000 8.47000000 1.50000000
v 10.70000000 8.47000000 1.50000000
v 10.70000000 7.27100000 1.50000000
v 10.10000000 7.27100000 1.50000000
v 15.90000000 10.00000000 1.00000000
v 15.90000000 9.90000000 1.00000000
v 16.65232578 9.90000000 1.00000000
v 16.86156357 9.42130928 1.00000000
v 16.91012955 9.30000000 1.00000000
v 15.90000000 9.30000000 1.00000000
v 15.90000000 6.70000000 1.00000000
v 17.76972532 6.70000000 1.00000000
v 17.81801731 6.51326440 1.00000000
v 17.91214310 6.11529495 1.00000000
v 17.91544662 6.10000000 1.00000000
v 15.90000000 6.10000000 1.00000000
v 15.90000000 6.00000000 1.00000000
v 15.30000000 6.00000000 1.00000000
v 15.30000000 6.10000000 1.00000000
v 13.36000000 6.10000000 1.00000000
v 13.36000000 6.70000000 1.00000000
v 15.30000000 6.70000000 1.00000000
v 15.30000000 9.30000000 1.00000000
v 13.36000000 9.30000000 1.00000000
v 13.36000000 9.90000000 1.00000000
v 15.30000000 9.90000000 1.00000000
v 15.30000000 10.00000000 1.00000000
v 15.90000000 10.00000000 6.77000000
v 15.90000000 9.90000000 6.77000000
v 16.65232578 9.90000000 6.77000000
v 16.86156357 9.42130928 6.77000000
v 16.91012955 9.30000000 6.77000000
v 15.90000000 9.30000000 6.77000000
v 15.90000000 6.70000000 6.77000000
v 17.76972532 6.70000000 6.77000000
v 17.81801731 6.51326440 6.77000000
v 17.91214310 6.11529495 6.77000000
v 17.91544662 6.10000000 6.77000000
v 15.90000000 6.10000000 6.77000000
v 15.90000000 6.00000000 6.77000000
v 15.30000000 6.00000000 6.77000000
v 15.30000000 6.10000000 6.77000000
v 13.36000000 6.10000000 6.77000000
v 13.36000000 6.70000000 6.77000000
v 15.30000000 6.70000000 6.77000000
v 15.30000000 9.30000000 6.77000000
v 13.36000000 9.30000000 6.77000000
v 13.36000000 9.90000000 6.77000000
v 15.30000000 9.90000000 6.77000000
v 15.30000000 10.00000000 6.77000000
v -8.85000000 4.80000000 1.00000000
v -8.85000000 6.25000000 1.00000000
v -9.70700000 6.25000000 1.00000000
v -9.70700000 -6.08600000 1.00000000
v -7.99300000 -6.08600000 1.00000000
v -7.99300000 -7.17100000 1.00000000
v -10.79100000 -7.17100000 1.00000000
v -10.79100000 7.13600000 1.00000000
v -7.85300000 7.13600000 1.00000000
v -7.85300000 4.80000000 1.00000000
v -8.85000000 4.80000000 5.60000000
v -8.85000000 6.25000000 5.60000000
v -9.70700000 6.25000000 5.60000000
v -9.70700000 -6.08600000 5.60000000
v -7.99300000 -6.08600000 5.60000000
v -7.99300000 -7.17100000 5.60000000
v -10.79100000 -7.17100000 5.60000000
v -10.79100000 7.13600000 5.60000000
v -7.85300000 7.13600000 5.60000000
v -7.85300000 4.80000000 5.60000000
v 3.35000000 4.80000000 1.00000000
v 3.35000000 6.25000000 1.00000000
v 2.85100000 6.25000000 1.00000000
v 2.85100000 -6.08600000 1.00000000
v 4.56500000 -6.08600000 1.00000000
v 4.56500000 -7.17100000 1.00000000
v 1.76600000 -7.17100000 1.00000000
v 1.76600000 7.17100000 1.00000000
v 4.15000000 7.17100000 1.00000000
v 4.15000000 4.80000000 1.00000000
v 3.35000000 4.80000000 5.60000000
v 3.35000000 6.25000000 5.60000000
v 2.85100000 6.25000000 5.60000000
v 2.85100000 -6.08600000 5.60000000
v 4.56500000 -6.08600000 5.60000000
v 4.56500000 -7.17100000 5.60000000
v 1.76600000 -7.17100000 5.60000000
v 1.76600000 7.17100000 5.60000000
v 4.15000000 7.17100000 5.60000000
v 4.15000000 4.80000000 5.60000000
v -4.53000000 -6.05100000 1.00000000
v -2.85100000 -6.05100000 1.00000000
v -2.85100000 6.25000000 1.00000000
v -3.65000000 6.25000000 1.00000000
v -3.65000000 4.80000000 1.00000000
v -4.67000000 4.80000000 1.00000000
v -4.67000000 7.17100000 1.00000000
v -1.76600000 7.17100000 1.00000000
v -1.76600000 -7.13600000 1.00000000
v -4.53000000 -7.13600000 1.00000000
v -4.53000000 -6.05100000 5.60000000
v -2.85100000 -6.05100000 5.60000000
v -2.85100000 6.25000000 5.60000000
v -3.65000000 6.25000000 5.60000000
v -3.65000000 4.80000000 5.60000000
v -4.67000000 4.80000000 5.60000000
v -4.67000000 7.17100000 5.60000000
v -1.76600000 7.17100000 5.60000000
v -1.76600000 -7.13600000 5.60000000
v -4.53000000 -7.13600000 5.60000000
v 8.02800000 -6.05100000 1.00000000
v 9.70700000 -6.05100000 1.00000000
v 9.70700000 6.25000000 1.00000000
v 8.85000000 6.25000000 1.00000000
v 8.85000000 4.80000000 1.00000000
v 7.85300000 4.80000000 1.00000000
v 7.85300000 7.17100000 1.00000000
v 10.79100000 7.17100000 1.00000000
v 10.79100000 -7.13600000 1.00000000
v 8.02800000 -7.13600000 1.00000000
v 8.02800000 -6.05100000 5.60000000
v 9.70700000 -6.05100000 5.60000000
v 9.70700000 6.25000000 5.60000000
v 8.85000000 6.25000000 5.60000000
v 8.85000000 4.80000000 5.60000000
v 7.85300000 4.80000000 5.60000000
v 7.85300000 7.17100000 5.60000000
v 10.79100000 7.17100000 5.60000000
v 10.79100000 -7.13600000 5.60000000
v 8.02800000 -7.13600000 5.60000000
v 3.90000000 4.20000000 1.00000000
v 3.90000000 11.20000000 1.00000000
v 3.90000000 10.53000000 13.59000000
v 3.90000000 8.90600000 13.59000000
v 3.90000000 8.55600000 13.04596052
v 3.90000000 8.58369609 12.98728313
v 3.90000000 8.60752858 12.92693314
v 3.90000000 8.62739713 12.86516461
v 3.90000000 8.64321809 12.80223762
v 3.90000000 8.65492486 12.73841708
v 3.90000000 8.66246814 12.67397169
v 3.90000000 8.66581619 12.60917276
v 3.90000000 8.66495489 12.54429312
v 3.90000000 8.65988789 12.47960591
v 3.90000000 8.65063652 12.41538347
v 3.90000000 8.63723971 12.35189619
v 3.90000000 8.61975388 12.28941135
v 3.90000000 8.59825264 12.22819202
v 3.90000000 8.57282651 12.16849594
v 3.90000000 8.54358255 12.11057444
v 3.90000000 8.51064387 12.05467137
v 3.90000000 8.47414914 12.00102210
v 3.90000000 8.43425202 11.94985249
v 3.90000000 8.39112047 11.90137797
v 3.90000000 8.34493608 11.85580262
v 3.90000000 8.29589330 11.81331832
v 3.90000000 8.24419860 11.77410394
v 3.90000000 8.19006962 11.73832457
v 3.90000000 8.13373425 11.70613085
v 3.90000000 8.07542967 11.67765832
v 3.90000000 8.01540134 11.65302684
v 3.90000000 7.95390200 11.63234012
v 3.90000000 7.89119055 11.61568526
v 3.90000000 7.82753103 11.60313237
v 3.90000000 7.76319145 11.59473430
v 3.90000000 7.69844268 11.59052640
v 3.90000000 7.63355732 11.59052640
v 3.90000000 7.56880855 11.59473430
v 3.90000000 7.50446897 11.60313237
v 3.90000000 7.44080945 11.61568526
v 3.90000000 7.37809800 11.63234012
v 3.90000000 7.31659866 11.65302684
v 3.90000000 7.25657033 11.67765832
v 3.90000000 7.19826575 11.70613085
v 3.90000000 7.14193038 11.73832457
v 3.90000000 7.08780140 11.77410394
v 3.90000000 7.03610670 11.81331832
v 3.90000000 6.98706392 11.85580262
v 3.90000000 6.94087953 11.90137797
v 3.90000000 6.89774798 11.94985249
v 3.90000000 6.85785086 12.00102210
v 3.90000000 6.82135613 12.05467137
v 3.90000000 6.78841745 12.11057444
v 3.90000000 6.75917349 12.16849594
v 3.90000000 6.73374736 12.22819202
v 3.90000000 6.71224612 12.28941135
v 3.90000000 6.69476029 12.35189619
v 3.90000000 6.68136348 12.41538347
v 3.90000000 6.67211211 12.47960591
v 3.90000000 6.66704511 12.54429312
v 3.90000000 6.66618381 12.60917276
v 3.90000000 6.66953186 12.67397169
v 3.90000000 6.67707514 12.73841708
v 3.90000000 6.68878191 12.80223762
v 3.90000000 6.70460287 12.86516461
v 3.90000000 6.72447142 12.92693314
v 3.90000000 6.74830391 12.98728313
v 3.90000000 6.77600000 13.04596052
v 3.90000000 6.42600000 13.59000000
v 3.90000000 4.80000000 13.59000000
v 5.40000000 4.20000000 1.00000000
v 5.40000000 11.20000000 1.00000000
v 5.40000000 10.53000000 13.59000000
v 5.40000000 8.90600000 13.59000000
v 5.40000000 8.55600000 13.04596052
v 5.40000000 8.58369609 12.98728313
v 5.40000000 8.60752858 12.92693314
v 5.40000000 8.62739713 12.86516461
v 5.40000000 8.64321809 12.80223762
v 5.40000000 8.65492486 12.73841708
v 5.40000000 8.66246814 12.67397169
v 5.40000000 8.66581619 12.60917276
v 5.40000000 8.66495489 12.54429312
v 5.40000000 8.65988789 12.47960591
v 5.40000000 8.65063652 12.41538347
v 5.40000000 8.63723971 12.35189619
v 5.40000000 8.61975388 12.28941135
v 5.40000000 8.59825264 12.22819202
v 5.40000000 8.57282651 12.16849594
v 5.40000000 8.54358255 12.11057444
v 5.40000000 8.51064387 12.05467137
v 5.40000000 8.47414914 12.00102210
v 5.40000000 8.43425202 11.94985249
v 5.40000000 8.39112047 11.90137797
v 5.40000000 8.34493608 11.85580262
v 5.40000000 8.29589330 11.81331832
v 5.40000000 8.24419860 11.77410394
v 5.40000000 8.19006962 11.73832457
v 5.40000000 8.13373425 11.70613085
v 5.40000000 8.07542967 11.67765832
v 5.40000000 8.01540134 11.65302684
v 5.40000000 7.95390200 11.63234012
v 5.40000000 7.89119055 11.61568526
v 5.40000000 7.82753103 11.60313237
v 5.40000000 7.76319145 11.59473430
v 5.40000000 7.69844268 11.59052640
v 5.40000000 7.63355732 11.59052640
v 5.40000000 7.56880855 11.59473430
v 5.40000000 7.50446897 11.60313237
v 5.40000000 7.44080945 11.61568526
v 5.40000000 7.37809800 11.63234012
v 5.40000000 7.31659866 11.65302684
v 5.40000000 7.25657033 11.67765832
v 5.40000000 7.19826575 11.70613085
v 5.40000000 7.14193038 11.73832457
v 5.40000000 7.08780140 11.77410394
v 5.40000000 7.03610670 11.81331832
v 5.40000000 6.98706392 11.85580262
v 5.40000000 6.94087953 11.90137797
v 5.40000000 6.89774798 11.94985249
v 5.40000000 6.85785086 12.00102210
v 5.40000000 6.82135613 12.05467137
v 5.40000000 6.78841745 12.11057444
v 5.40000000 6.75917349 12.16849594
v 5.40000000 6.73374736 12.22819202
v 5.40000000 6.71224612 12.28941135
v 5.40000000 6.69476029 12.35189619
v 5.40000000 6.68136348 12.41538347
v 5.40000000 6.67211211 12.47960591
v 5.40000000 6.66704511 12.54429312
v 5.40000000 6.66618381 12.60917276
v 5.40000000 6.66953186 12.67397169
v 5.40000000 6.67707514 12.73841708
v 5.40000000 6.68878191 12.80223762
v 5.40000000 6.70460287 12.86516461
v 5.40000000 6.72447142 12.92693314
v 5.40000000 6.74830391 12.98728313
v 5.40000000 6.77600000 13.04596052
v 5.40000000 6.42600000 13.59000000
v 5.40000000 4.80000000 13.59000000
v 13.10000000 4.20000000 1.00000000
v 13.10000000 11.20000000 1.00000000
v 13.10000000 10.53000000 13.59000000
v 13.10000000 8.90600000 13.59000000
v 13.10000000 8.55600000 13.04596052
v 13.10000000 8.58369609 12.98728313
v 13.10000000 8.60752858 12.92693314
v 13.10000000 8.62739713 12.86516461
v 13.10000000 8.64321809 12.80223762
v 13.10000000 8.65492486 12.73841708
v 13.10000000 8.66246814 12.67397169
v 13.10000000 8.66581619 12.60917276
v 13.10000000 8.66495489 12.54429312
v 13.10000000 8.65988789 12.47960591
v 13.10000000 8.65063652 12.41538347
v 13.10000000 8.63723971 12.35189619
v 13.10000000 8.61975388 12.28941135
v 13.10000000 8.59825264 12.22819202
v 13.10000000 8.57282651 12.16849594
v 13.10000000 8.54358255 12.11057444
v 13.10000000 8.51064387 12.05467137
v 13.10000000 8.47414914 12.00102210
v 13.10000000 8.43425202 11.94985249
v 13.10000000 8.39112047 11.90137797
v 13.10000000 8.34493608 11.85580262
v 13.10000000 8.29589330 11.81331832
v 13.10000000 8.24419860 11.77410394
v 13.10000000 8.19006962 11.73832457
v 13.10000000 8.13373425 11.70613085
v 13.10000000 8.07542967 11.67765832
v 13.10000000 8.01540134 11.65302684
v 13.10000000 7.95390200 11.63234012
v 13.10000000 7.89119055 11.61568526
v 13.10000000 7.82753103 11.60313237
v 13.10000000 7.76319145 11.59473430
v 13.10000000 7.69844268 11.59052640
v 13.10000000 7.63355732 11.59052640
v 13.10000000 7.56880855 11.59473430
v 13.10000000 7.50446897 11.60313237
v 13.10000000 7.44080945 11.61568526
v 13.10000000 7.37809800 11.63234012
v 13.10000000 7.31659866 11.65302684
v 13.10000000 7.25657033 11.67765832
v 13.10000000 7.19826575 11.70613085
v 13.10000000 7.14193038 11.73832457
v 13.10000000 7.08780140 11.77410394
v 13.10000000 7.03610670 11.81331832
v 13.10000000 6.98706392 11.85580262
v 13.10000000 6.94087953 11.90137797
v 13.10000000 6.89774798 11.94985249
v 13.10000000 6.85785086 12.00102210
v 13.10000000 6.82135613 12.05467137
v 13.10000000 6.78841745 12.11057444
v 13.10000000 6.75917349 12.16849594
v 13.10000000 6.73374736 12.22819202
v 13.10000000 6.71224612 12.28941135
v 13.10000000 6.69476029 12.35189619
v 13.10000000 6.68136348 12.41538347
v 13.10000000 6.67211211 12.47960591
v 13.10000000 6.66704511 12.54429312
v 13.10000000 6.66618381 12.60917276
v 13.10000000 6.66953186 12.67397169
v 13.10000000 6.67707514 12.73841708
v 13.10000000 6.68878191 12.80223762
v 13.10000000 6.70460287 12.86516461
v 13.10000000 6.72447142 12.92693314
v 13.10000000 6.74830391 12.98728313
v 13.10000000 6.77600000 13.04596052
v 13.10000000 6.42600000 13.59000000
v 13.10000000 4.80000000 13.59000000
v 14.60000000 4.20000000 1.00000000
v 14.60000000 11.20000000 1.00000000
v 14.60000000 10.53000000 13.59000000
v 14.60000000 8.90600000 13.59000000
v 14.60000000 8.55600000 13.04596052
v 14.60000000 8.58369609 12.98728313
v 14.60000000 8.60752858 12.92693314
v 14.60000000 8.62739713 12.86516461
v 14.60000000 8.64321809 12.80223762
v 14.60000000 8.65492486 12.73841708
v 14.60000000 8.66246814 12.67397169
v 14.60000000 8.66581619 12.60917276
v 14.60000000 8.66495489 12.54429312
v 14.60000000 8.65988789 12.47960591
v 14.60000000 8.65063652 12.41538347
v 14.60000000 8.63723971 12.35189619
v 14.60000000 8.61975388 12.28941135
v 14.60000000 8.59825264 12.22819202
v 14.60000000 8.57282651 12.16849594
v 14.60000000 8.54358255 12.11057444
v 14.60000000 8.51064387 12.05467137
v 14.60000000 8.47414914 12.00102210
v 14.60000000 8.43425202 11.94985249
v 14.60000000 8.39112047 11.90137797
v 14.60000000 8.34493608 11.85580262
v 14.60000000 8.29589330 11.81331832
v 14.60000000 8.24419860 11.77410394
v 14.60000000 8.19006962 11.73832457
v 14.60000000 8.13373425 11.70613085
v 14.60000000 8.07542967 11.67765832
v 14.60000000 8.01540134 11.65302684
v 14.60000000 7.95390200 11.63234012
v 14.60000000 7.89119055 11.61568526
v 14.60000000 7.82753103 11.60313237
v 14.60000000 7.76319145 11.59473430
v 14.60000000 7.69844268 11.59052640
v 14.60000000 7.63355732 11.59052640
v 14.60000000 7.56880855 11.59473430
v 14.60000000 7.50446897 11.60313237
v 14.60000000 7.44080945 11.61568526
v 14.60000000 7.37809800 11.63234012
v 14.60000000 7.31659866 11.65302684
v 14.60000000 7.25657033 11.67765832
v 14.60000000 7.19826575 11.70613085
v 14.60000000 7.14193038 11.73832457
v 14.60000000 7.08780140 11.77410394
v 14.60000000 7.03610670 11.81331832
v 14.60000000 6.98706392 11.85580262
v 14.60000000 6.94087953 11.90137797
v 14.60000000 6.89774798 11.94985249
v 14.60000000 6.85785086 12.00102210
v 14.60000000 6.82135613 12.05467137
v 14.60000000 6.78841745 12.11057444
v 14.60000000 6.75917349 12.16849594
v 14.60000000 6.73374736 12.22819202
v 14.60000000 6.71224612 12.28941135
v 14.60000000 6.69476029 12.35189619
v 14.60000000 6.68136348 12.41538347
v 14.60000000 6.67211211 12.47960591
v 14.60000000 6.66704511 12.54429312
v 14.60000000 6.66618381 12.60917276
v 14.60000000 6.66953186 12.67397169
v 14.60000000 6.67707514 12.73841708
v 14.60000000 6.68878191 12.80223762
v 14.60000000 6.70460287 12.86516461
v 14.60000000 6.72447142 12.92693314
v 14.60000000 6.74830391 12.98728313
v 14.60000000 6.77600000 13.04596052
v 14.60000000 6.42600000 13.59000000
v 14.60000000 4.80000000 13.59000000
v 1.90000000 4.20000000 1.00000000
v 3.90000000 4.20000000 1.00000000
v 3.90000000 4.20000000 13.20000000
v 1.90000000 5.00000000 1.00000000
v 3.90000000 5.00000000 1.00000000
v 3.90000000 5.00000000 13.20000000
v 1.90000000 10.40000000 1.00000000
v 3.90000000 10.40000000 1.00000000
v 3.90000000 10.40000000 13.20000000
v 1.90000000 11.20000000 1.00000000
v 3.90000000 11.20000000 1.00000000
v 3.90000000 11.20000000 13.20000000
v 4.17301063 -3.74289640 1.00000000
v 4.22760060 -3.58403174 1.00000000
v 4.30324071 -3.43014351 1.00000000
v 4.39915478 -3.28281082 1.00000000
v 4.51435860 -3.14354549 1.00000000
v 4.64767004 -3.01377658 1.00000000
v 4.79772112 -2.89483568 1.00000000
v 4.96297214 -2.78794331 1.00000000
v 5.14172738 -2.69419630 1.00000000
v 5.33215257 -2.61455665 1.00000000
v 5.53229371 -2.54984155 1.00000000
v 5.74009706 -2.50071507 1.00000000
v 5.95343028 -2.46768131 1.00000000
v 5.97900000 -2.46572210 1.00000000
v 5.97900000 -2.44900000 1.00000000
v 6.57900000 -2.44900000 1.00000000
v 6.57900000 -2.46572210 1.00000000
v 6.60456972 -2.46768131 1.00000000
v 6.81790294 -2.50071507 1.00000000
v 7.02570629 -2.54984155 1.00000000
v 7.22584743 -2.61455665 1.00000000
v 7.41627262 -2.69419630 1.00000000
v 7.59502786 -2.78794331 1.00000000
v 7.76027888 -2.89483568 1.00000000
v 7.91032996 -3.01377658 1.00000000
v 8.04364140 -3.14354549 1.00000000
v 8.15884522 -3.28281082 1.00000000
v 8.25475929 -3.43014351 1.00000000
v 8.33039940 -3.58403174 1.00000000
v 8.38498937 -3.74289640 1.00000000
v 8.41796905 -3.90510732 1.00000000
v 8.42900000 -4.06900000 1.00000000
v 7.82900000 -4.06900000 1.00000000
v 7.82104745 -3.96580831 1.00000000
v 7.79727141 -3.86367551 1.00000000
v 7.75791585 -3.76364961 1.00000000
v 7.70338461 -3.66675703 1.00000000
v 7.63423726 -3.57399200 1.00000000
v 7.55118333 -3.48630642 1.00000000
v 7.45507509 -3.40460007 1.00000000
v 7.34689872 -3.32971136 1.00000000
v 7.22776427 -3.26240875 1.00000000
v 7.09889422 -3.20338286 1.00000000
v 6.96161093 -3.15323937 1.00000000
v 6.81732314 -3.11249283 1.00000000
v 6.66751143 -3.08156134 1.00000000
v 6.57900000 -3.06959143 1.00000000
v 6.57900000 -4.06900000 1.00000000
v 5.97900000 -4.06900000 1.00000000
v 5.97900000 -3.06959143 1.00000000
v 5.89048857 -3.08156134 1.00000000
v 5.74067686 -3.11249283 1.00000000
v 5.59638907 -3.15323937 1.00000000
v 5.45910578 -3.20338286 1.00000000
v 5.33023573 -3.26240875 1.00000000
v 5.21110128 -3.32971136 1.00000000
v 5.10292491 -3.40460007 1.00000000
v 5.00681667 -3.48630642 1.00000000
v 4.92376274 -3.57399200 1.00000000
v 4.85461539 -3.66675703 1.00000000
v 4.80008415 -3.76364961 1.00000000
v 4.76072859 -3.86367551 1.00000000
v 4.73695255 -3.96580831 1.00000000
v 4.72900000 -4.06900000 1.00000000
v 4.12900000 -4.06900000 1.00000000
v 4.14003095 -3.90510732 1.00000000
v 4.17301063 -3.74289640 10.50000000
v 4.22760060 -3.58403174 10.50000000
v 4.30324071 -3.43014351 10.50000000
v 4.39915478 -3.28281082 10.50000000
v 4.51435860 -3.14354549 10.50000000
v 4.64767004 -3.01377658 10.50000000
v 4.79772112 -2.89483568 10.50000000
v 4.96297214 -2.78794331 10.50000000
v 5.14172738 -2.69419630 10.50000000
v 5.33215257 -2.61455665 10.50000000
v 5.53229371 -2.54984155 10.50000000
v 5.74009706 -2.50071507 10.50000000
v 5.95343028 -2.46768131 10.50000000
v 5.97900000 -2.46572210 10.50000000
v 5.97900000 -2.44900000 10.50000000
v 6.57900000 -2.44900000 10.50000000
v 6.57900000 -2.46572210 10.50000000
v 6.60456972 -2.46768131 10.50000000
v 6.81790294 -2.50071507 10.50000000
v 7.02570629 -2.54984155 10.50000000
v 7.22584743 -2.61455665 10.50000000
v 7.41627262 -2.69419630 10.50000000
v 7.59502786 -2.78794331 10.50000000
v 7.76027888 -2.89483568 10.50000000
v 7.91032996 -3.01377658 10.50000000
v 8.04364140 -3.14354549 10.50000000
v 8.15884522 -3.28281082 10.50000000
v 8.25475929 -3.43014351 10.50000000
v 8.33039940 -3.58403174 10.50000000
v 8.38498937 -3.74289640 10.50000000
v 8.41796905 -3.90510732 10.50000000
v 8.42900000 -4.06900000 10.50000000
v 7.82900000 -4.06900000 10.50000000
v 7.82104745 -3.96580831 10.50000000
v 7.79727141 -3.86367551 10.50000000
v 7.75791585 -3.76364961 10.50000000
v 7.70338461 -3.66675703 10.50000000
v 7.63423726 -3.57399200 10.50000000
v 7.55118333 -3.48630642 10.50000000
v 7.45507509 -3.40460007 10.50000000
v 7.34689872 -3.32971136 10.50000000
v 7.22776427 -3.26240875 10.50000000
v 7.09889422 -3.20338286 10.50000000
v 6.96161093 -3.15323937 10.50000000
v 6.81732314 -3.11249283 10.50000000
v 6.66751143 -3.08156134 10.50000000
v 6.57900000 -3.06959143 10.50000000
v 6.57900000 -4.06900000 10.50000000
v 5.97900000 -4.06900000 10.50000000
v 5.97900000 -3.06959143 10.50000000
v 5.89048857 -3.08156134 10.50000000
v 5.74067686 -3.11249283 10.50000000
v 5.59638907 -3.15323937 10.50000000
v 5.45910578 -3.20338286 10.50000000
v 5.33023573 -3.26240875 10.50000000
v 5.21110128 -3.32971136 10.50000000
v 5.10292491 -3.40460007 10.50000000
v 5.00681667 -3.48630642 10.50000000
v 4.92376274 -3.57399200 10.50000000
v 4.85461539 -3.66675703 10.50000000
v 4.80008415 -3.76364961 10.50000000
v 4.76072859 -3.86367551 10.50000000
v 4.73695255 -3.96580831 10.50000000
v 4.72900000 -4.06900000 10.50000000
v 4.12900000 -4.06900000 10.50000000
v 4.14003095 -3.90510732 10.50000000
v 15.28776635 12.34068370 4.97000000
v 15.12856643 12.57032507 4.97000000
v 14.96387830 12.79617974 4.97000000
v 14.79383920 13.01814182 4.97000000
v 14.62207641 13.23926872 4.97000000
v 14.44090073 13.45244383 4.97000000
v 14.25949088 13.66589446 4.97000000
v 14.06988160 13.87192627 4.97000000
v 13.87723557 14.07526667 4.97000000
v 13.68107223 14.27532791 4.97000000
v 13.47708712 14.46735475 4.97000000
v 13.27307176 14.65941009 4.97000000
v 13.05851547 14.83971989 4.97000000
v 12.84207626 15.01754979 4.97000000
v 12.62120262 15.18979828 4.97000000
v 12.39669097 15.35714873 4.97000000
v 16.52497474 13.33939057 4.97000000
v 16.35150055 13.58646097 4.97000000
v 16.17229264 13.82954066 4.97000000
v 15.98749117 14.06852032 4.97000000
v 15.80072638 14.30645393 4.97000000
v 15.60431207 14.53622150 4.97000000
v 15.40743004 14.76604703 4.97000000
v 15.20211814 14.98823287 4.97000000
v 14.99354217 15.20750321 4.97000000
v 14.78122479 15.42326708 4.97000000
v 14.56086479 15.63076610 4.97000000
v 14.34025696 15.83806005 4.97000000
v 14.10889397 16.03337186 4.97000000
v 13.87543718 16.22596413 4.97000000
v 13.63733851 16.41273240 4.97000000
v 13.39539784 16.59435712 4.97000000
v 15.28776635 12.34068370 6.77000000
v 15.12856643 12.57032507 6.77000000
v 14.96387830 12.79617974 6.77000000
v 14.79383920 13.01814182 6.77000000
v 14.62207641 13.23926872 6.77000000
v 14.44090073 13.45244383 6.77000000
v 14.25949088 13.66589446 6.77000000
v 14.06988160 13.87192627 6.77000000
v 13.87723557 14.07526667 6.77000000
v 13.68107223 14.27532791 6.77000000
v 13.47708712 14.46735475 6.77000000
v 13.27307176 14.65941009 6.77000000
v 13.05851547 14.83971989 6.77000000
v 12.84207626 15.01754979 6.77000000
v 12.62120262 15.18979828 6.77000000
v 12.39669097 15.35714873 6.77000000
v -12.58418009 15.54009103 4.97000000
v -12.81502796 15.38100844 4.97000000
v -13.04197575 15.21627934 4.97000000
v -13.26320803 15.04411225 4.97000000
v -13.47998876 14.86632246 4.97000000
v -13.68877091 14.67938577 4.97000000
v -13.89301832 14.48749146 4.97000000
v -14.08579797 14.28385412 4.97000000
v -14.27476368 14.07683356 4.97000000
v -14.45201806 13.85900052 4.97000000
v -14.62793486 13.64079208 4.97000000
v -14.79697464 13.41710785 4.97000000
v -14.96436719 13.19290310 4.97000000
v -15.12610351 12.96468543 4.97000000
v -15.28552551 12.73547424 4.97000000
v -15.44049981 12.50353231 4.97000000
v -13.58480252 16.77575068 4.97000000
v -13.83280495 16.60257710 4.97000000
v -14.07670891 16.42351888 4.97000000
v -14.31469563 16.23678732 4.97000000
v -14.54802583 16.04420056 4.97000000
v -14.77314924 15.84223728 4.97000000
v -14.99352653 15.63508969 4.97000000
v -15.20222150 15.41597536 4.97000000
v -15.40688491 15.19325710 4.97000000
v -15.59961629 14.95950873 4.97000000
v -15.79078637 14.72517041 4.97000000
v -15.97485273 14.48514492 4.97000000
v -16.15704226 14.24439070 4.97000000
v -16.33334304 13.99941859 4.97000000
v -16.50709417 13.75325123 4.97000000
v -16.67615946 13.50415473 4.97000000
v -12.58418009 15.54009103 6.77000000
v -12.81502796 15.38100844 6.77000000
v -13.04197575 15.21627934 6.77000000
v -13.26320803 15.04411225 6.77000000
v -13.47998876 14.86632246 6.77000000
v -13.68877091 14.67938577 6.77000000
v -13.89301832 14.48749146 6.77000000
v -14.08579797 14.28385412 6.77000000
v -14.27476368 14.07683356 6.77000000
v -14.45201806 13.85900052 6.77000000
v -14.62793486 13.64079208 6.77000000
v -14.79697464 13.41710785 6.77000000
v -14.96436719 13.19290310 6.77000000
v -15.12610351 12.96468543 6.77000000
v -15.28552551 12.73547424 6.77000000
v -15.44049981 12.50353231 6.77000000
v -17.50412114 -8.15154549 4.97000000
v -17.35310507 -8.39439465 4.97000000
v -17.19558829 -8.63298502 4.97000000
v -17.03215721 -8.86737642 4.97000000
v -16.86354778 -9.09774511 4.97000000
v -16.69057850 -9.32436185 4.97000000
v -16.51408440 -9.54756349 4.97000000
v -16.33486061 -9.76772304 4.97000000
v -16.15362057 -9.98522231 4.97000000
v -15.97097049 -10.20042984 4.97000000
v -15.78739875 -10.41368527 4.97000000
v -15.60509560 -10.62652827 4.97000000
v -15.42520234 -10.83995297 4.97000000
v -15.24706527 -11.05376052 4.97000000
v -15.07044073 -11.26801021 4.97000000
v -14.89511812 -11.48277410 4.97000000
v -18.94548971 -8.82278064 4.97000000
v -18.78443166 -9.08678487 4.97000000
v -18.61656241 -9.34638011 4.97000000
v -18.44247064 -9.60162164 4.97000000
v -18.26289460 -9.85268119 4.97000000
v -18.07865517 -10.09982504 4.97000000
v -17.89058984 -10.34338558 4.97000000
v -17.69949623 -10.58373140 4.97000000
v -17.50609036 -10.82123993 4.97000000
v -17.31098108 -11.05627539 4.97000000
v -17.11465949 -11.28917311 4.97000000
v -16.91931857 -11.52146849 4.97000000
v -16.72610248 -11.75415143 4.97000000
v -16.53436039 -11.98701894 4.97000000
v -16.34385161 -12.22012614 4.97000000
v -16.15436853 -12.45354102 4.97000000
v -17.50412114 -8.15154549 6.77000000
v -17.35310507 -8.39439465 6.77000000
v -17.19558829 -8.63298502 6.77000000
v -17.03215721 -8.86737642 6.77000000
v -16.86354778 -9.09774511 6.77000000
v -16.69057850 -9.32436185 6.77000000
v -16.51408440 -9.54756349 6.77000000
v -16.33486061 -9.76772304 6.77000000
v -16.15362057 -9.98522231 6.77000000
v -15.97097049 -10.20042984 6.77000000
v -15.78739875 -10.41368527 6.77000000
v -15.60509560 -10.62652827 6.77000000
v -15.42520234 -10.83995297 6.77000000
v -15.24706527 -11.05376052 6.77000000
v -15.07044073 -11.26801021 6.77000000
v -14.89511812 -11.48277410 6.77000000
v 14.94503359 -12.02404313 4.97000000
v 15.11024558 -11.79522566 4.97000000
v 15.26942289 -11.56222842 4.97000000
v 15.42436618 -11.32662376 4.97000000
v 15.57289551 -11.08697848 4.97000000
v 15.71784836 -10.84550813 4.97000000
v 15.85844926 -10.60175914 4.97000000
v 15.99352236 -10.35508209 4.97000000
v 16.12548363 -10.10717239 4.97000000
v 16.25354248 -9.85757853 4.97000000
v 16.37685693 -9.60588150 4.97000000
v 16.49738743 -9.35331519 4.97000000
v 16.61449461 -9.09953499 4.97000000
v 16.72738050 -8.84416138 4.97000000
v 16.83770724 -8.58812846 4.97000000
v 16.94525946 -8.33132292 4.97000000
v 16.18385999 -13.02074226 4.97000000
v 16.36359271 -12.77360236 4.97000000
v 16.53701979 -12.52207117 4.97000000
v 16.70593879 -12.26772505 4.97000000
v 16.86816677 -12.00913484 4.97000000
v 17.02653824 -11.74852020 4.97000000
v 17.18027483 -11.48543169 4.97000000
v 17.32819784 -11.21922408 4.97000000
v 17.47272047 -10.95159699 4.97000000
v 17.61304941 -10.68210318 4.97000000
v 17.74834004 -10.41032794 4.97000000
v 17.88055021 -10.13750951 4.97000000
v 18.00903802 -9.86330764 4.97000000
v 18.13300306 -9.58734725 4.97000000
v 18.25410505 -9.31056686 4.97000000
v 18.37212630 -9.03285768 4.97000000
v 14.94503359 -12.02404313 6.77000000
v 15.11024558 -11.79522566 6.77000000
v 15.26942289 -11.56222842 6.77000000
v 15.42436618 -11.32662376 6.77000000
v 15.57289551 -11.08697848 6.77000000
v 15.71784836 -10.84550813 6.77000000
v 15.85844926 -10.60175914 6.77000000
v 15.99352236 -10.35508209 6.77000000
v 16.12548363 -10.10717239 6.77000000
v 16.25354248 -9.85757853 6.77000000
v 16.37685693 -9.60588150 6.77000000
v 16.49738743 -9.35331519 6.77000000
v 16.61449461 -9.09953499 6.77000000
v 16.72738050 -8.84416138 6.77000000
v 16.83770724 -8.58812846 6.77000000
v 16.94525946 -8.33132292 6.77000000
v 25.67499995 -7.77500010 0.00000000
v 26.97500002 -6.67499995 0.00000000
v 25.67499995 -7.77500010 2.47000003
v 26.57499999 -7.07500005 2.47000003
v 26.57499999 -7.07500005 3.31999993
v 26.97500002 -6.67499995 2.36999989
v 26.97500002 -6.67499995 2.47000003
v 26.97500002 -6.67499995 3.31999993
v 25.67499995 -2.22499990 0.00000000
v 26.97500002 -3.32500005 0.00000000
v 25.67499995 -2.22499990 2.47000003
v 26.57499999 -2.92499995 2.47000003
v 26.57499999 -2.92499995 3.31999993
v 26.97500002 -3.32500005 2.36999989
v 26.97500002 -3.32500005 2.47000003
v 26.97500002 -3.32500005 3.31999993
v 28.02499998 -6.67499995 0.00000000
v 29.32500005 -7.77500010 0.00000000
v 28.02499998 -6.67499995 2.36999989
v 28.02499998 -6.67499995 3.31999993
v 28.42500001 -7.07500005 2.47000003
v 29.32500005 -7.77500010 2.47000003
v 28.42500001 -7.07500005 3.31999993
v 28.02499998 -3.32500005 0.00000000
v 29.32500005 -2.22499990 0.00000000
v 28.02499998 -3.32500005 2.36999989
v 28.02499998 -3.32500005 3.31999993
v 28.42500001 -2.92499995 2.47000003
v 29.32500005 -2.22499990 2.47000003
v 28.42500001 -2.92499995 3.31999993
v 25.67499995 2.22499990 0.00000000
v 26.97500002 3.32500005 0.00000000
v 25.67499995 2.22499990 2.47000003
v 26.57499999 2.92499995 2.47000003
v 26.57499999 2.92499995 3.31999993
v 26.97500002 3.32500005 2.36999989
v 26.97500002 3.32500005 2.47000003
v 26.97500002 3.32500005 3.31999993
v 25.67499995 7.77500010 0.00000000
v 26.97500002 6.67499995 0.00000000
v 25.67499995 7.77500010 2.47000003
v 26.57499999 7.07500005 2.47000003
v 26.57499999 7.07500005 3.31999993
v 26.97500002 6.67499995 2.36999989
v 26.97500002 6.67499995 2.47000003
v 26.97500002 6.67499995 3.31999993
v 28.02499998 3.32500005 0.00000000
v 29.32500005 2.22499990 0.00000000
v 28.02499998 3.32500005 2.36999989
v 28.02499998 3.32500005 3.31999993
v 28.42500001 2.92499995 2.47000003
v 29.32500005 2.22499990 2.47000003
v 28.42500001 2.92499995 3.31999993
v 28.02499998 6.67499995 0.00000000
v 29.32500005 7.77500010 0.00000000
v 28.02499998 6.67499995 2.36999989
v 28.02499998 6.67499995 3.31999993
v 28.42500001 7.07500005 2.47000003
v 29.32500005 7.77500010 2.47000003
v 28.42500001 7.07500005 3.31999993
v 20.95000000 7.55500000 4.50000000
v 20.95000000 8.50500000 4.50000000
v 34.05000000 8.50500000 4.50000000
v 34.05000000 7.55500000 4.50000000
v 20.95000000 8.48674602 4.68533581
v 34.05000000 8.48674602 4.68533581
v 20.95000000 8.43268556 4.86354926
v 34.05000000 8.43268556 4.86354926
v 20.95000000 8.34489613 5.02779172
v 34.05000000 8.34489613 5.02779172
v 20.95000000 8.22675144 5.17175144
v 34.05000000 8.22675144 5.17175144
v 20.95000000 8.08279172 5.28989613
v 34.05000000 8.08279172 5.28989613
v 20.95000000 7.91854926 5.37768556
v 34.05000000 7.91854926 5.37768556
v 20.95000000 7.74033581 5.43174602
v 34.05000000 7.74033581 5.43174602
v 20.95000000 7.55500000 5.45000000
v 34.05000000 7.55500000 5.45000000
v 20.95000000 7.36966419 5.43174602
v 34.05000000 7.36966419 5.43174602
v 20.95000000 7.19145074 5.37768556
v 34.05000000 7.19145074 5.37768556
v 20.95000000 7.02720828 5.28989613
v 34.05000000 7.02720828 5.28989613
v 20.95000000 6.88324856 5.17175144
v 34.05000000 6.88324856 5.17175144
v 20.95000000 6.76510387 5.02779172
v 34.05000000 6.76510387 5.02779172
v 20.95000000 6.67731444 4.86354926
v 34.05000000 6.67731444 4.86354926
v 20.95000000 6.62325398 4.68533581
v 34.05000000 6.62325398 4.68533581
v 20.95000000 6.60500000 4.50000000
v 34.05000000 6.60500000 4.50000000
v 20.95000000 6.62325398 4.31466419
v 34.05000000 6.62325398 4.31466419
v 20.95000000 6.67731444 4.13645074
v 34.05000000 6.67731444 4.13645074
v 20.95000000 6.76510387 3.97220828
v 34.05000000 6.76510387 3.97220828
v 20.95000000 6.88324856 3.82824856
v 34.05000000 6.88324856 3.82824856
v 20.95000000 7.02720828 3.71010387
v 34.05000000 7.02720828 3.71010387
v 20.95000000 7.19145074 3.62231444
v 34.05000000 7.19145074 3.62231444
v 20.95000000 7.36966419 3.56825398
v 34.05000000 7.36966419 3.56825398
v 20.95000000 7.55500000 3.55000000
v 34.05000000 7.55500000 3.55000000
v 20.95000000 7.74033581 3.56825398
v 34.05000000 7.74033581 3.56825398
v 20.95000000 7.91854926 3.62231444
v 34.05000000 7.91854926 3.62231444
v 20.95000000 8.08279172 3.71010387
v 34.05000000 8.08279172 3.71010387
v 20.95000000 8.22675144 3.82824856
v 34.05000000 8.22675144 3.82824856
v 20.95000000 8.34489613 3.97220828
v 34.05000000 8.34489613 3.97220828
v 20.95000000 8.43268556 4.13645074
v 34.05000000 8.43268556 4.13645074
v 20.95000000 8.48674602 4.31466419
v 34.05000000 8.48674602 4.31466419
v 23.75000000 7.55500000 4.50000000
v 23.75000000 9.15500000 4.50000000
v 31.25000000 9.15500000 4.50000000
v 31.25000000 7.55500000 4.50000000
v 23.75000000 9.12425645 4.81214452
v 31.25000000 9.12425645 4.81214452
v 23.75000000 9.03320725 5.11229349
v 31.25000000 9.03320725 5.11229349
v 23.75000000 8.88535138 5.38891237
v 31.25000000 8.88535138 5.38891237
v 23.75000000 8.68637085 5.63137085
v 31.25000000 8.68637085 5.63137085
v 23.75000000 8.44391237 5.83035138
v 31.25000000 8.44391237 5.83035138
v 23.75000000 8.16729349 5.97820725
v 31.25000000 8.16729349 5.97820725
v 23.75000000 7.86714452 6.06925645
v 31.25000000 7.86714452 6.06925645
v 23.75000000 7.55500000 6.10000000
v 31.25000000 7.55500000 6.10000000
v 23.75000000 7.24285548 6.06925645
v 31.25000000 7.24285548 6.06925645
v 23.75000000 6.94270651 5.97820725
v 31.25000000 6.94270651 5.97820725
v 23.75000000 6.66608763 5.83035138
v 31.25000000 6.66608763 5.83035138
v 23.75000000 6.42362915 5.63137085
v 31.25000000 6.42362915 5.63137085
v 23.75000000 6.22464862 5.38891237
v 31.25000000 6.22464862 5.38891237
v 23.75000000 6.07679275 5.11229349
v 31.25000000 6.07679275 5.11229349
v 23.75000000 5.98574355 4.81214452
v 31.25000000 5.98574355 4.81214452
v 23.75000000 5.95500000 4.50000000
v 31.25000000 5.95500000 4.50000000
v 23.75000000 5.98574355 4.18785548
v 31.25000000 5.98574355 4.18785548
v 23.75000000 6.07679275 3.88770651
v 31.25000000 6.07679275 3.88770651
v 23.75000000 6.22464862 3.61108763
v 31.25000000 6.22464862 3.61108763
v 23.75000000 6.42362915 3.36862915
v 31.25000000 6.42362915 3.36862915
v 23.75000000 6.66608763 3.16964862
v 31.25000000 6.66608763 3.16964862
v 23.75000000 6.94270651 3.02179275
v 31.25000000 6.94270651 3.02179275
v 23.75000000 7.24285548 2.93074355
v 31.25000000 7.24285548 2.93074355
v 23.75000000 7.55500000 2.90000000
v 31.25000000 7.55500000 2.90000000
v 23.75000000 7.86714452 2.93074355
v 31.25000000 7.86714452 2.93074355
v 23.75000000 8.16729349 3.02179275
v 31.25000000 8.16729349 3.02179275
v 23.75000000 8.44391237 3.16964862
v 31.25000000 8.44391237 3.16964862
v 23.75000000 8.68637085 3.36862915
v 31.25000000 8.68637085 3.36862915
v 23.75000000 8.88535138 3.61108763
v 31.25000000 8.88535138 3.61108763
v 23.75000000 9.03320725 3.88770651
v 31.25000000 9.03320725 3.88770651
v 23.75000000 9.12425645 4.18785548
v 31.25000000 9.12425645 4.18785548
v 21.35000000 7.55500000 4.50000000
v 21.35000000 9.05500000 4.50000000
v 22.15000000 9.05500000 4.50000000
v 22.15000000 7.55500000 4.50000000
v 21.35000000 9.02617792 4.79263548
v 22.15000000 9.02617792 4.79263548
v 21.35000000 8.94081930 5.07402515
v 22.15000000 8.94081930 5.07402515
v 21.35000000 8.80220442 5.33335535
v 22.15000000 8.80220442 5.33335535
v 21.35000000 8.61566017 5.56066017
v 22.15000000 8.61566017 5.56066017
v 21.35000000 8.38835535 5.74720442
v 22.15000000 8.38835535 5.74720442
v 21.35000000 8.12902515 5.88581930
v 22.15000000 8.12902515 5.88581930
v 21.35000000 7.84763548 5.97117792
v 22.15000000 7.84763548 5.97117792
v 21.35000000 7.55500000 6.00000000
v 22.15000000 7.55500000 6.00000000
v 21.35000000 7.26236452 5.97117792
v 22.15000000 7.26236452 5.97117792
v 21.35000000 6.98097485 5.88581930
v 22.15000000 6.98097485 5.88581930
v 21.35000000 6.72164465 5.74720442
v 22.15000000 6.72164465 5.74720442
v 21.35000000 6.49433983 5.56066017
v 22.15000000 6.49433983 5.56066017
v 21.35000000 6.30779558 5.33335535
v 22.15000000 6.30779558 5.33335535
v 21.35000000 6.16918070 5.07402515
v 22.15000000 6.16918070 5.07402515
v 21.35000000 6.08382208 4.79263548
v 22.15000000 6.08382208 4.79263548
v 21.35000000 6.05500000 4.50000000
v 22.15000000 6.05500000 4.50000000
v 21.35000000 6.08382208 4.20736452
v 22.15000000 6.08382208 4.20736452
v 21.35000000 6.16918070 3.92597485
v 22.15000000 6.16918070 3.92597485
v 21.35000000 6.30779558 3.66664465
v 22.15000000 6.30779558 3.66664465
v 21.35000000 6.49433983 3.43933983
v 22.15000000 6.49433983 3.43933983
v 21.35000000 6.72164465 3.25279558
v 22.15000000 6.72164465 3.25279558
v 21.35000000 6.98097485 3.11418070
v 22.15000000 6.98097485 3.11418070
v 21.35000000 7.26236452 3.02882208
v 22.15000000 7.26236452 3.02882208
v 21.35000000 7.55500000 3.00000000
v 22.15000000 7.55500000 3.00000000
v 21.35000000 7.84763548 3.02882208
v 22.15000000 7.84763548 3.02882208
v 21.35000000 8.12902515 3.11418070
v 22.15000000 8.12902515 3.11418070
v 21.35000000 8.38835535 3.25279558
v 22.15000000 8.38835535 3.25279558
v 21.35000000 8.61566017 3.43933983
v 22.15000000 8.61566017 3.43933983
v 21.35000000 8.80220442 3.66664465
v 22.15000000 8.80220442 3.66664465
v 21.35000000 8.94081930 3.92597485
v 22.15000000 8.94081930 3.92597485
v 21.35000000 9.02617792 4.20736452
v 22.15000000 9.02617792 4.20736452
v 32.85000000 7.55500000 4.50000000
v 32.85000000 9.05500000 4.50000000
v 33.65000000 9.05500000 4.50000000
v 33.65000000 7.55500000 4.50000000
v 32.85000000 9.02617792 4.79263548
v 33.65000000 9.02617792 4.79263548
v 32.85000000 8.94081930 5.07402515
v 33.65000000 8.94081930 5.07402515
v 32.85000000 8.80220442 5.33335535
v 33.65000000 8.80220442 5.33335535
v 32.85000000 8.61566017 5.56066017
v 33.65000000 8.61566017 5.56066017
v 32.85000000 8.38835535 5.74720442
v 33.65000000 8.38835535 5.74720442
v 32.85000000 8.12902515 5.88581930
v 33.65000000 8.12902515 5.88581930
v 32.85000000 7.84763548 5.97117792
v 33.65000000 7.84763548 5.97117792
v 32.85000000 7.55500000 6.00000000
v 33.65000000 7.55500000 6.00000000
v 32.85000000 7.26236452 5.97117792
v 33.65000000 7.26236452 5.97117792
v 32.85000000 6.98097485 5.88581930
v 33.65000000 6.98097485 5.88581930
v 32.85000000 6.72164465 5.74720442
v 33.65000000 6.72164465 5.74720442
v 32.85000000 6.49433983 5.56066017
v 33.65000000 6.49433983 5.56066017
v 32.85000000 6.30779558 5.33335535
v 33.65000000 6.30779558 5.33335535
v 32.85000000 6.16918070 5.07402515
v 33.65000000 6.16918070 5.07402515
v 32.85000000 6.08382208 4.79263548
v 33.65000000 6.08382208 4.79263548
v 32.85000000 6.05500000 4.50000000
v 33.65000000 6.05500000 4.50000000
v 32.85000000 6.08382208 4.20736452
v 33.65000000 6.08382208 4.20736452
v 32.85000000 6.16918070 3.92597485
v 33.65000000 6.16918070 3.92597485
v 32.85000000 6.30779558 3.66664465
v 33.65000000 6.30779558 3.66664465
v 32.85000000 6.49433983 3.43933983
v 33.65000000 6.49433983 3.43933983
v 32.85000000 6.72164465 3.25279558
v 33.65000000 6.72164465 3.25279558
v 32.85000000 6.98097485 3.11418070
v 33.65000000 6.98097485 3.11418070
v 32.85000000 7.26236452 3.02882208
v 33.65000000 7.26236452 3.02882208
v 32.85000000 7.55500000 3.00000000
v 33.65000000 7.55500000 3.00000000
v 32.85000000 7.84763548 3.02882208
v 33.65000000 7.84763548 3.02882208
v 32.85000000 8.12902515 3.11418070
v 33.65000000 8.12902515 3.11418070
v 32.85000000 8.38835535 3.25279558
v 33.65000000 8.38835535 3.25279558
v 32.85000000 8.61566017 3.43933983
v 33.65000000 8.61566017 3.43933983
v 32.85000000 8.80220442 3.66664465
v 33.65000000 8.80220442 3.66664465
v 32.85000000 8.94081930 3.92597485
v 33.65000000 8.94081930 3.92597485
v 32.85000000 9.02617792 4.20736452
v 33.65000000 9.02617792 4.20736452
v 26.23400000 8.56381944 6.96204167
v 26.23400000 8.96359375 7.08959375
v 26.23400000 9.36027778 7.21483333
v 26.23400000 9.75387153 7.33776042
v 26.23400000 10.14437500 7.45837500
v 26.23400000 10.53178819 7.57667708
v 26.23400000 10.91611111 7.69266667
v 26.23400000 11.29734375 7.80634375
v 26.23400000 11.67548611 7.91770833
v 26.23400000 12.05053819 8.02676042
v 26.23400000 12.42250000 8.13350000
v 26.23400000 12.79137153 8.23792708
v 26.23400000 13.15715278 8.34004167
v 26.23400000 13.51984375 8.43984375
v 26.23400000 13.87944444 8.53733333
v 26.23400000 14.23595486 8.63251042
v 26.23400000 14.58937500 8.72537500
v 26.23400000 14.93970486 8.81592708
v 26.23400000 15.28694444 8.90416667
v 26.23400000 15.63109375 8.99009375
v 26.23400000 15.97215278 9.07370833
v 26.23400000 16.31012153 9.15501042
v 26.23400000 16.64500000 9.23400000
v 26.23400000 25.64500000 9.23400000
v 26.23400000 25.74301714 9.22918473
v 26.23400000 25.84009032 9.21478528
v 26.23400000 25.93528468 9.19094034
v 26.23400000 26.02768343 9.15787953
v 26.23400000 26.11639674 9.11592126
v 26.23400000 26.20057023 9.06546961
v 26.23400000 26.27939328 9.00701045
v 26.23400000 26.35210678 8.94110678
v 26.23400000 26.41801045 8.86839328
v 26.23400000 26.47646961 8.78957023
v 26.23400000 26.52692126 8.70539674
v 26.23400000 26.56887953 8.61668343
v 26.23400000 26.60194034 8.52428468
v 26.23400000 26.62578528 8.42909032
v 26.23400000 26.64018473 8.33201714
v 26.23400000 26.64500000 8.23400000
v 26.23400000 26.64018473 8.13598286
v 26.23400000 26.62578528 8.03890968
v 26.23400000 26.60194034 7.94371532
v 26.23400000 26.56887953 7.85131657
v 26.23400000 26.52692126 7.76260326
v 26.23400000 26.47646961 7.67842977
v 26.23400000 26.41801045 7.59960672
v 26.23400000 26.35210678 7.52689322
v 26.23400000 26.27939328 7.46098955
v 26.23400000 26.20057023 7.40253039
v 26.23400000 26.11639674 7.35207874
v 26.23400000 26.02768343 7.31012047
v 26.23400000 25.93528468 7.27705966
v 26.23400000 25.84009032 7.25321472
v 26.23400000 25.74301714 7.23881527
v 26.23400000 25.64500000 7.23400000
v 26.23400000 16.64500000 7.23400000
v 26.23400000 16.28668403 7.10292708
v 26.23400000 15.92840278 6.96537500
v 26.23400000 15.57015625 6.82134375
v 26.23400000 15.21194444 6.67083333
v 26.23400000 14.85376736 6.51384375
v 26.23400000 14.49562500 6.35037500
v 26.23400000 14.13751736 6.18042708
v 26.23400000 13.77944444 6.00400000
v 26.23400000 13.42140625 5.82109375
v 26.23400000 13.06340278 5.63170833
v 26.23400000 12.70543403 5.43584375
v 26.23400000 12.34750000 5.23350000
v 26.23400000 11.98960069 5.02467708
v 26.23400000 11.63173611 4.80937500
v 26.23400000 11.27390625 4.58759375
v 26.23400000 10.91611111 4.35933333
v 26.23400000 10.55835069 4.12459375
v 26.23400000 10.20062500 3.88337500
v 26.23400000 9.84293403 3.63567708
v 26.23400000 9.48527778 3.38150000
v 26.23400000 9.41627766 3.33120853
v 26.23400000 9.38423315 3.27774549
v 26.23400000 9.25562300 3.10433477
v 26.23400000 9.11063492 2.94436508
v 26.23400000 8.95066523 2.79937700
v 26.23400000 8.77725451 2.67076685
v 26.23400000 8.59207282 2.55977322
v 26.23400000 8.39690355 2.46746503
v 26.23400000 8.19362629 2.39473126
v 26.23400000 8.16759355 2.38821040
v 26.23400000 8.05500000 2.30000000
v 26.23400000 8.05097730 2.35899955
v 26.23400000 7.98419871 2.34227238
v 26.23400000 7.77063771 2.31059360
v 26.23400000 7.55500000 2.30000000
v 26.23400000 7.33936229 2.31059360
v 26.23400000 7.12580129 2.34227238
v 26.23400000 6.91637371 2.39473126
v 26.23400000 6.71309645 2.46746503
v 26.23400000 6.51792718 2.55977322
v 26.23400000 6.33274549 2.67076685
v 26.23400000 6.15933477 2.79937700
v 26.23400000 5.99936508 2.94436508
v 26.23400000 5.85437700 3.10433477
v 26.23400000 5.72576685 3.27774549
v 26.23400000 5.61477322 3.46292718
v 26.23400000 5.52246503 3.65809645
v 26.23400000 5.44973126 3.86137371
v 26.23400000 5.39727238 4.07080129
v 26.23400000 5.36559360 4.28436229
v 26.23400000 5.35500000 4.50000000
v 26.23400000 5.36559360 4.71563771
v 26.23400000 5.39727238 4.92919871
v 26.23400000 5.44973126 5.13862629
v 26.23400000 5.52246503 5.34190355
v 26.23400000 5.61477322 5.53707282
v 26.23400000 5.72576685 5.72225451
v 26.23400000 5.85437700 5.89566523
v 26.23400000 5.99936508 6.05563492
v 26.23400000 6.15933477 6.20062300
v 26.23400000 6.33274549 6.32923315
v 26.23400000 6.51792718 6.44022678
v 26.23400000 6.71309645 6.53253497
v 26.23400000 6.91637371 6.60526874
v 26.23400000 7.12580129 6.65772762
v 26.23400000 7.33936229 6.68940640
v 26.23400000 7.55500000 6.70000000
v 26.23400000 7.75567216 6.69014161
v 26.23400000 7.75500000 6.70000000
v 26.23400000 8.16095486 6.83217708
v 30.83400000 8.56381944 6.96204167
v 30.83400000 8.96359375 7.08959375
v 30.83400000 9.36027778 7.21483333
v 30.83400000 9.75387153 7.33776042
v 30.83400000 10.14437500 7.45837500
v 30.83400000 10.53178819 7.57667708
v 30.83400000 10.91611111 7.69266667
v 30.83400000 11.29734375 7.80634375
v 30.83400000 11.67548611 7.91770833
v 30.83400000 12.05053819 8.02676042
v 30.83400000 12.42250000 8.13350000
v 30.83400000 12.79137153 8.23792708
v 30.83400000 13.15715278 8.34004167
v 30.83400000 13.51984375 8.43984375
v 30.83400000 13.87944444 8.53733333
v 30.83400000 14.23595486 8.63251042
v 30.83400000 14.58937500 8.72537500
v 30.83400000 14.93970486 8.81592708
v 30.83400000 15.28694444 8.90416667
v 30.83400000 15.63109375 8.99009375
v 30.83400000 15.97215278 9.07370833
v 30.83400000 16.31012153 9.15501042
v 30.83400000 16.64500000 9.23400000
v 30.83400000 25.64500000 9.23400000
v 30.83400000 25.74301714 9.22918473
v 30.83400000 25.84009032 9.21478528
v 30.83400000 25.93528468 9.19094034
v 30.83400000 26.02768343 9.15787953
v 30.83400000 26.11639674 9.11592126
v 30.83400000 26.20057023 9.06546961
v 30.83400000 26.27939328 9.00701045
v 30.83400000 26.35210678 8.94110678
v 30.83400000 26.41801045 8.86839328
v 30.83400000 26.47646961 8.78957023
v 30.83400000 26.52692126 8.70539674
v 30.83400000 26.56887953 8.61668343
v 30.83400000 26.60194034 8.52428468
v 30.83400000 26.62578528 8.42909032
v 30.83400000 26.64018473 8.33201714
v 30.83400000 26.64500000 8.23400000
v 30.83400000 26.64018473 8.13598286
v 30.83400000 26.62578528 8.03890968
v 30.83400000 26.60194034 7.94371532
v 30.83400000 26.56887953 7.85131657
v 30.83400000 26.52692126 7.76260326
v 30.83400000 26.47646961 7.67842977
v 30.83400000 26.41801045 7.59960672
v 30.83400000 26.35210678 7.52689322
v 30.83400000 26.27939328 7.46098955
v 30.83400000 26.20057023 7.40253039
v 30.83400000 26.11639674 7.35207874
v 30.83400000 26.02768343 7.31012047
v 30.83400000 25.93528468 7.27705966
v 30.83400000 25.84009032 7.25321472
v 30.83400000 25.74301714 7.23881527
v 30.83400000 25.64500000 7.23400000
v 30.83400000 16.64500000 7.23400000
v 30.83400000 16.28668403 7.10292708
v 30.83400000 15.92840278 6.96537500
v 30.83400000 15.57015625 6.82134375
v 30.83400000 15.21194444 6.67083333
v 30.83400000 14.85376736 6.51384375
v 30.83400000 14.49562500 6.35037500
v 30.83400000 14.13751736 6.18042708
v 30.83400000 13.77944444 6.00400000
v 30.83400000 13.42140625 5.82109375
v 30.83400000 13.06340278 5.63170833
v 30.83400000 12.70543403 5.43584375
v 30.83400000 12.34750000 5.23350000
v 30.83400000 11.98960069 5.02467708
v 30.83400000 11.63173611 4.80937500
v 30.83400000 11.27390625 4.58759375
v 30.83400000 10.91611111 4.35933333
v 30.83400000 10.55835069 4.12459375
v 30.83400000 10.20062500 3.88337500
v 30.83400000 9.84293403 3.63567708
v 30.83400000 9.48527778 3.38150000
v 30.83400000 9.41627766 3.33120853
v 30.83400000 9.38423315 3.27774549
v 30.83400000 9.25562300 3.10433477
v 30.83400000 9.11063492 2.94436508
v 30.83400000 8.95066523 2.79937700
v 30.83400000 8.77725451 2.67076685
v 30.83400000 8.59207282 2.55977322
v 30.83400000 8.39690355 2.46746503
v 30.83400000 8.19362629 2.39473126
v 30.83400000 8.16759355 2.38821040
v 30.83400000 8.05500000 2.30000000
v 30.83400000 8.05097730 2.35899955
v 30.83400000 7.98419871 2.34227238
v 30.83400000 7.77063771 2.31059360
v 30.83400000 7.55500000 2.30000000
v 30.83400000 7.33936229 2.31059360
v 30.83400000 7.12580129 2.34227238
v 30.83400000 6.91637371 2.39473126
v 30.83400000 6.71309645 2.46746503
v 30.83400000 6.51792718 2.55977322
v 30.83400000 6.33274549 2.67076685
v 30.83400000 6.15933477 2.79937700
v 30.83400000 5.99936508 2.94436508
v 30.83400000 5.85437700 3.10433477
v 30.83400000 5.72576685 3.27774549
v 30.83400000 5.61477322 3.46292718
v 30.83400000 5.52246503 3.65809645
v 30.83400000 5.44973126 3.86137371
v 30.83400000 5.39727238 4.07080129
v 30.83400000 5.36559360 4.28436229
v 30.83400000 5.35500000 4.50000000
v 30.83400000 5.36559360 4.71563771
v 30.83400000 5.39727238 4.92919871
v 30.83400000 5.44973126 5.13862629
v 30.83400000 5.52246503 5.34190355
v 30.83400000 5.61477322 5.53707282
v 30.83400000 5.72576685 5.72225451
v 30.83400000 5.85437700 5.89566523
v 30.83400000 5.99936508 6.05563492
v 30.83400000 6.15933477 6.20062300
v 30.83400000 6.33274549 6.32923315
v 30.83400000 6.51792718 6.44022678
v 30.83400000 6.71309645 6.53253497
v 30.83400000 6.91637371 6.60526874
v 30.83400000 7.12580129 6.65772762
v 30.83400000 7.33936229 6.68940640
v 30.83400000 7.55500000 6.70000000
v 30.83400000 7.75567216 6.69014161
v 30.83400000 7.75500000 6.70000000
v 30.83400000 8.16095486 6.83217708
v 23.75000000 13.55500000 3.00000000
v 23.75000000 13.55500000 0.00000000
v 23.75000000 11.55500000 0.00000000
v 23.75000000 9.03352733 2.87447884
v 23.75000000 8.95066523 2.79937700
v 23.75000000 8.77725451 2.67076685
v 23.75000000 8.59207282 2.55977322
v 23.75000000 8.39690355 2.46746503
v 23.75000000 8.19362629 2.39473126
v 23.75000000 7.98419871 2.34227238
v 23.75000000 7.77063771 2.31059360
v 23.75000000 7.55500000 2.30000000
v 23.75000000 7.33936229 2.31059360
v 23.75000000 7.12580129 2.34227238
v 23.75000000 6.91637371 2.39473126
v 23.75000000 6.71309645 2.46746503
v 23.75000000 6.51792718 2.55977322
v 23.75000000 6.33274549 2.67076685
v 23.75000000 6.15933477 2.79937700
v 23.75000000 5.99936508 2.94436508
v 23.75000000 5.85437700 3.10433477
v 23.75000000 5.72576685 3.27774549
v 23.75000000 5.61477322 3.46292718
v 23.75000000 5.52246503 3.65809645
v 23.75000000 5.44973126 3.86137371
v 23.75000000 5.39727238 4.07080129
v 23.75000000 5.36559360 4.28436229
v 23.75000000 5.35500000 4.50000000
v 23.75000000 5.36559360 4.71563771
v 23.75000000 5.39727238 4.92919871
v 23.75000000 5.44973126 5.13862629
v 23.75000000 5.52246503 5.34190355
v 23.75000000 5.61477322 5.53707282
v 23.75000000 5.72576685 5.72225451
v 23.75000000 5.85437700 5.89566523
v 23.75000000 5.99936508 6.05563492
v 23.75000000 6.15933477 6.20062300
v 23.75000000 6.33274549 6.32923315
v 23.75000000 6.51792718 6.44022678
v 23.75000000 6.71309645 6.53253497
v 23.75000000 6.91637371 6.60526874
v 23.75000000 7.12580129 6.65772762
v 23.75000000 7.33936229 6.68940640
v 23.75000000 7.55500000 6.70000000
v 23.75000000 7.77063771 6.68940640
v 23.75000000 7.98419871 6.65772762
v 23.75000000 8.19362629 6.60526874
v 23.75000000 8.39690355 6.53253497
v 23.75000000 8.59207282 6.44022678
v 23.75000000 8.77725451 6.32923315
v 23.75000000 8.95066523 6.20062300
v 23.75000000 9.11063492 6.05563492
v 23.75000000 9.25562300 5.89566523
v 23.75000000 9.38423315 5.72225451
v 23.75000000 9.49522678 5.53707282
v 23.75000000 9.58753497 5.34190355
v 23.75000000 9.66026874 5.13862629
v 23.75000000 9.71272762 4.92919871
v 23.75000000 9.73308262 4.79197639
v 23.75000000 10.75500000 4.50000000
v 25.85000000 13.55500000 3.00000000
v 25.85000000 13.55500000 0.00000000
v 25.85000000 11.55500000 0.00000000
v 25.85000000 9.03352733 2.87447884
v 25.85000000 8.95066523 2.79937700
v 25.85000000 8.77725451 2.67076685
v 25.85000000 8.59207282 2.55977322
v 25.85000000 8.39690355 2.46746503
v 25.85000000 8.19362629 2.39473126
v 25.85000000 7.98419871 2.34227238
v 25.85000000 7.77063771 2.31059360
v 25.85000000 7.55500000 2.30000000
v 25.85000000 7.33936229 2.31059360
v 25.85000000 7.12580129 2.34227238
v 25.85000000 6.91637371 2.39473126
v 25.85000000 6.71309645 2.46746503
v 25.85000000 6.51792718 2.55977322
v 25.85000000 6.33274549 2.67076685
v 25.85000000 6.15933477 2.79937700
v 25.85000000 5.99936508 2.94436508
v 25.85000000 5.85437700 3.10433477
v 25.85000000 5.72576685 3.27774549
v 25.85000000 5.61477322 3.46292718
v 25.85000000 5.52246503 3.65809645
v 25.85000000 5.44973126 3.86137371
v 25.85000000 5.39727238 4.07080129
v 25.85000000 5.36559360 4.28436229
v 25.85000000 5.35500000 4.50000000
v 25.85000000 5.36559360 4.71563771
v 25.85000000 5.39727238 4.92919871
v 25.85000000 5.44973126 5.13862629
v 25.85000000 5.52246503 5.34190355
v 25.85000000 5.61477322 5.53707282
v 25.85000000 5.72576685 5.72225451
v 25.85000000 5.85437700 5.89566523
v 25.85000000 5.99936508 6.05563492
v 25.85000000 6.15933477 6.20062300
v 25.85000000 6.33274549 6.32923315
v 25.85000000 6.51792718 6.44022678
v 25.85000000 6.71309645 6.53253497
v 25.85000000 6.91637371 6.60526874
v 25.85000000 7.12580129 6.65772762
v 25.85000000 7.33936229 6.68940640
v 25.85000000 7.55500000 6.70000000
v 25.85000000 7.77063771 6.68940640
v 25.85000000 7.98419871 6.65772762
v 25.85000000 8.19362629 6.60526874
v 25.85000000 8.39690355 6.53253497
v 25.85000000 8.59207282 6.44022678
v 25.85000000 8.77725451 6.32923315
v 25.85000000 8.95066523 6.20062300
v 25.85000000 9.11063492 6.05563492
v 25.85000000 9.25562300 5.89566523
v 25.85000000 9.38423315 5.72225451
v 25.85000000 9.49522678 5.53707282
v 25.85000000 9.58753497 5.34190355
v 25.85000000 9.66026874 5.13862629
v 25.85000000 9.71272762 4.92919871
v 25.85000000 9.73308262 4.79197639
v 25.85000000 10.75500000 4.50000000
v 23.75000000 10.15500000 6.90000000
v 23.75000000 6.05500000 6.90000000
v 23.75000000 6.05500000 2.70000000
v 23.75000000 10.15500000 2.70000000
v 30.83400000 10.15500000 6.90000000
v 30.83400000 6.05500000 6.90000000
v 30.83400000 6.05500000 2.70000000
v 30.83400000 10.15500000 2.70000000
v 27.50000000 -16.00000000 0.00000000
v 31.50000000 -16.00000000 0.00000000
v 31.50000000 -16.00000000 14.00000000
v 27.50000000 -16.00000000 14.00000000
v 31.42314112 -15.21963871 0.00000000
v 31.42314112 -15.21963871 14.00000000
v 31.19551813 -14.46926627 0.00000000
v 31.19551813 -14.46926627 14.00000000
v 30.82587845 -13.77771907 0.00000000
v 30.82587845 -13.77771907 14.00000000
v 30.32842712 -13.17157288 0.00000000
v 30.32842712 -13.17157288 14.00000000
v 29.72228093 -12.67412155 0.00000000
v 29.72228093 -12.67412155 14.00000000
v 29.03073373 -12.30448187 0.00000000
v 29.03073373 -12.30448187 14.00000000
v 28.28036129 -12.07685888 0.00000000
v 28.28036129 -12.07685888 14.00000000
v 27.50000000 -12.00000000 0.00000000
v 27.50000000 -12.00000000 14.00000000
v 26.71963871 -12.07685888 0.00000000
v 26.71963871 -12.07685888 14.00000000
v 25.96926627 -12.30448187 0.00000000
v 25.96926627 -12.30448187 14.00000000
v 25.27771907 -12.67412155 0.00000000
v 25.27771907 -12.67412155 14.00000000
v 24.67157288 -13.17157288 0.00000000
v 24.67157288 -13.17157288 14.00000000
v 24.17412155 -13.77771907 0.00000000
v 24.17412155 -13.77771907 14.00000000
v 23.80448187 -14.46926627 0.00000000
v 23.80448187 -14.46926627 14.00000000
v 23.57685888 -15.21963871 0.00000000
v 23.57685888 -15.21963871 14.00000000
v 23.50000000 -16.00000000 0.00000000
v 23.50000000 -16.00000000 14.00000000
v 23.57685888 -16.78036129 0.00000000
v 23.57685888 -16.78036129 14.00000000
v 23.80448187 -17.53073373 0.00000000
v 23.80448187 -17.53073373 14.00000000
v 24.17412155 -18.22228093 0.00000000
v 24.17412155 -18.22228093 14.00000000
v 24.67157288 -18.82842712 0.00000000
v 24.67157288 -18.82842712 14.00000000
v 25.27771907 -19.32587845 0.00000000
v 25.27771907 -19.32587845 14.00000000
v 25.96926627 -19.69551813 0.00000000
v 25.96926627 -19.69551813 14.00000000
v 26.71963871 -19.92314112 0.00000000
v 26.71963871 -19.92314112 14.00000000
v 27.50000000 -20.00000000 0.00000000
v 27.50000000 -20.00000000 14.00000000
v 28.28036129 -19.92314112 0.00000000
v 28.28036129 -19.92314112 14.00000000
v 29.03073373 -19.69551813 0.00000000
v 29.03073373 -19.69551813 14.00000000
v 29.72228093 -19.32587845 0.00000000
v 29.72228093 -19.32587845 14.00000000
v 30.32842712 -18.82842712 0.00000000
v 30.32842712 -18.82842712 14.00000000
v 30.82587845 -18.22228093 0.00000000
v 30.82587845 -18.22228093 14.00000000
v 31.19551813 -17.53073373 0.00000000
v 31.19551813 -17.53073373 14.00000000
v 31.42314112 -16.78036129 0.00000000
v 31.42314112 -16.78036129 14.00000000
f 227 228 125
f 125 228 225
f 123 124 125
f 121 122 123
f 119 120 121
f 117 118 119
f 115 116 117
f 113 114 115
f 110 111 112
f 107 108 109
f 105 106 107
f 103 104 105
f 101 102 103
f 99 100 101
f 97 98 99
f 95 96 97
f 93 94 95
f 91 92 93
f 89 90 91
f 87 88 89
f 85 86 87
f 76 77 78
f 74 75 76
f 72 73 74
f 70 71 72
f 68 69 70
f 66 67 68
f 64 65 66
f 62 63 64
f 60 61 62
f 224 220 217
f 59 60 219
f 57 58 59
f 53 54 55
f 50 51 52
f 48 49 50
f 46 47 48
f 44 45 46
f 42 43 44
f 40 41 42
f 38 39 40
f 36 37 38
f 34 35 36
f 32 33 34
f 30 31 32
f 28 29 30
f 26 27 28
f 24 25 26
f 22 23 24
f 20 21 22
f 18 19 20
f 16 17 18
f 14 15 16
f 12 13 14
f 10 11 12
f 8 9 10
f 6 7 8
f 4 5 6
f 2 3 4
f 216 1 2
f 213 214 215
f 211 212 213
f 209 210 211
f 207 208 209
f 205 206 207
f 203 204 205
f 201 202 203
f 199 200 201
f 197 198 199
f 195 196 197
f 193 194 195
f 191 192 193
f 189 190 191
f 187 188 189
f 185 186 187
f 183 184 185
f 181 182 183
f 179 180 181
f 177 178 179
f 175 176 177
f 173 174 175
f 171 172 173
f 169 170 171
f 167 168 169
f 164 165 166
f 162 163 164
f 160 161 162
f 158 159 160
f 156 157 158
f 154 155 156
f 152 153 154
f 150 151 152
f 148 149 150
f 146 147 148
f 144 145 146
f 142 143 144
f 140 141 142
f 138 139 140
f 136 137 138
f 134 135 136
f 132 133 134
f 130 131 132
f 128 129 130
f 126 127 128
f 227 125 126
f 123 125 225
f 119 121 123
f 115 117 119
f 112 113 115
f 109 110 112
f 105 107 109
f 101 103 105
f 97 99 101
f 93 95 97
f 89 91 93
f 85 87 89
f 74 76 78
f 70 72 74
f 66 68 70
f 62 64 66
f 219 60 62
f 223 224 217
f 59 219 221
f 56 57 59
f 52 53 55
f 48 50 52
f 44 46 48
f 40 42 44
f 36 38 40
f 32 34 36
f 28 30 32
f 24 26 28
f 20 22 24
f 16 18 20
f 12 14 16
f 8 10 12
f 4 6 8
f 215 216 2
f 211 213 215
f 207 209 211
f 203 205 207
f 199 201 203
f 195 197 199
f 191 193 195
f 187 189 191
f 183 185 187
f 179 181 183
f 175 177 179
f 171 173 175
f 167 169 171
f 162 164 166
f 158 160 162
f 154 156 158
f 150 152 154
f 146 148 150
f 142 144 146
f 138 140 142
f 134 136 138
f 130 132 134
f 126 128 130
f 119 123 225
f 112 115 119
f 105 109 112
f 97 101 105
f 89 93 97
f 84 85 89
f 74 78 79
f 66 70 74
f 219 62 66
f 56 59 221
f 52 55 56
f 44 48 52
f 36 40 44
f 28 32 36
f 20 24 28
f 12 16 20
f 4 8 12
f 215 2 4
f 207 211 215
f 199 203 207
f 191 195 199
f 183 187 191
f 175 179 183
f 167 171 175
f 162 166 167
f 154 158 162
f 146 150 154
f 138 142 146
f 130 134 138
f 227 126 130
f 112 119 225
f 97 105 112
f 84 89 97
f 66 74 79
f 218 219 66
f 52 56 221
f 36 44 52
f 20 28 36
f 4 12 20
f 207 215 4
f 191 199 207
f 175 183 191
f 162 167 175
f 146 154 162
f 130 138 146
f 97 112 225
f 83 84 97
f 66 79 80
f 52 221 222
f 20 36 52
f 207 4 20
f 162 175 191
f 130 146 162
f 83 97 225
f 66 80 81
f 20 52 222
f 191 207 20
f 130 162 191
f 82 83 225
f 66 81 82
f 20 222 223
f 227 130 191
f 218 66 82
f 20 223 217
f 226 227 191
f 218 82 225
f 20 217 218
f 226 191 20
f 20 218 225
f 225 226 20
f 353 456 455
f 453 456 353
f 353 352 351
f 351 350 349
f 349 348 347
f 347 346 345
f 345 344 343
f 343 342 341
f 340 339 338
f 337 336 335
f 335 334 333
f 333 332 331
f 331 330 329
f 329 328 327
f 327 326 325
f 325 324 323
f 323 322 321
f 321 320 319
f 319 318 317
f 317 316 315
f 315 314 313
f 306 305 304
f 304 303 302
f 302 301 300
f 300 299 298
f 298 297 296
f 296 295 294
f 294 293 292
f 292 291 290
f 290 289 288
f 445 448 452
f 447 288 287
f 287 286 285
f 283 282 281
f 280 279 278
f 278 277 276
f 276 275 274
f 274 273 272
f 272 271 270
f 270 269 268
f 268 267 266
f 266 265 264
f 264 263 262
f 262 261 260
f 260 259 258
f 258 257 256
f 256 255 254
f 254 253 252
f 252 251 250
f 250 249 248
f 248 247 246
f 246 245 244
f 244 243 242
f 242 241 240
f 240 239 238
f 238 237 236
f 236 235 234
f 234 233 232
f 232 231 230
f 230 229 444
f 443 442 441
f 441 440 439
f 439 438 437
f 437 436 435
f 435 434 433
f 433 432 431
f 431 430 429
f 429 428 427
f 427 426 425
f 425 424 423
f 423 422 421
f 421 420 419
f 419 418 417
f 417 416 415
f 415 414 413
f 413 412 411
f 411 410 409
f 409 408 407
f 407 406 405
f 405 404 403
f 403 402 401
f 401 400 399
f 399 398 397
f 397 396 395
f 394 393 392
f 392 391 390
f 390 389 388
f 388 387 386
f 386 385 384
f 384 383 382
f 382 381 380
f 380 379 378
f 378 377 376
f 376 375 374
f 374 373 372
f 372 371 370
f 370 369 368
f 368 367 366
f 366 365 364
f 364 363 362
f 362 361 360
f 360 359 358
f 358 357 356
f 356 355 354
f 354 353 455
f 453 353 351
f 351 349 347
f 347 345 343
f 343 341 340
f 340 338 337
f 337 335 333
f 333 331 329
f 329 327 325
f 325 323 321
f 321 319 317
f 317 315 313
f 306 304 302
f 302 300 298
f 298 296 294
f 294 292 290
f 290 288 447
f 445 452 451
f 449 447 287
f 287 285 284
f 283 281 280
f 280 278 276
f 276 274 272
f 272 270 268
f 268 266 264
f 264 262 260
f 260 258 256
f 256 254 252
f 252 250 248
f 248 246 244
f 244 242 240
f 240 238 236
f 236 234 232
f 230 444 443
f 443 441 439
f 439 437 435
f 435 433 431
f 431 429 427
f 427 425 423
f 423 421 419
f 419 417 415
f 415 413 411
f 411 409 407
f 407 405 403
f 403 401 399
f 399 397 395
f 394 392 390
f 390 388 386
f 386 384 382
f 382 380 378
f 378 376 374
f 374 372 370
f 370 368 366
f 366 364 362
f 362 360 358
f 358 356 354
f 453 351 347
f 347 343 340
f 340 337 333
f 333 329 325
f 325 321 317
f 317 313 312
f 307 306 302
f 302 298 294
f 294 290 447
f 449 287 284
f 284 283 280
f 280 276 272
f 272 268 264
f 264 260 256
f 256 252 248
f 248 244 240
f 240 236 232
f 232 230 443
f 443 439 435
f 435 431 427
f 427 423 419
f 419 415 411
f 411 407 403
f 403 399 395
f 395 394 390
f 390 386 382
f 382 378 374
f 374 370 366
f 366 362 358
f 358 354 455
f 453 347 340
f 340 333 325
f 325 317 312
f 307 302 294
f 294 447 446
f 449 284 280
f 280 272 264
f 264 256 248
f 248 240 232
f 232 443 435
f 435 427 419
f 419 411 403
f 403 395 390
f 390 382 374
f 374 366 358
f 453 340 325
f 325 312 311
f 308 307 294
f 450 449 280
f 280 264 248
f 248 232 435
f 419 403 390
f 390 374 358
f 453 325 311
f 309 308 294
f 450 280 248
f 248 435 419
f 419 390 358
f 453 311 310
f 310 309 294
f 451 450 248
f 419 358 455
f 310 294 446
f 445 451 248
f 419 455 454
f 453 310 446
f 446 445 248
f 248 419 454
f 453 446 248
f 248 454 453
f 229 230 1
f 1 230 2
f 230 231 2
f 2 231 3
f 231 232 3
f 3 232 4
f 232 233 4
f 4 233 5
f 233 234 5
f 5 234 6
f 234 235 6
f 6 235 7
f 235 236 7
f 7 236 8
f 236 237 8
f 8 237 9
f 237 238 9
f 9 238 10
f 238 239 10
f 10 239 11
f 239 240 11
f 11 240 12
f 240 241 12
f 12 241 13
f 241 242 13
f 13 242 14
f 242 243 14
f 14 243 15
f 243 244 15
f 15 244 16
f 244 245 16
f 16 245 17
f 245 246 17
f 17 246 18
f 246 247 18
f 18 247 19
f 247 248 19
f 19 248 20
f 248 249 20
f 20 249 21
f 249 250 21
f 21 250 22
f 250 251 22
f 22 251 23
f 251 252 23
f 23 252 24
f 252 253 24
f 24 253 25
f 253 254 25
f 25 254 26
f 254 255 26
f 26 255 27
f 255 256 27
f 27 256 28
f 256 257 28
f 28 257 29
f 257 258 29
f 29 258 30
f 258 259 30
f 30 259 31
f 259 260 31
f 31 260 32
f 260 261 32
f 32 261 33
f 261 262 33
f 33 262 34
f 262 263 34
f 34 263 35
f 263 264 35
f 35 264 36
f 264 265 36
f 36 265 37
f 265 266 37
f 37 266 38
f 266 267 38
f 38 267 39
f 267 268 39
f 39 268 40
f 268 269 40
f 40 269 41
f 269 270 41
f 41 270 42
f 270 271 42
f 42 271 43
f 271 272 43
f 43 272 44
f 272 273 44
f 44 273 45
f 273 274 45
f 45 274 46
f 274 275 46
f 46 275 47
f 275 276 47
f 47 276 48
f 276 277 48
f 48 277 49
f 277 278 49
f 49 278 50
f 278 279 50
f 50 279 51
f 279 280 51
f 51 280 52
f 280 281 52
f 52 281 53
f 281 282 53
f 53 282 54
f 282 283 54
f 54 283 55
f 283 284 55
f 55 284 56
f 284 285 56
f 56 285 57
f 285 286 57
f 57 286 58
f 286 287 58
f 58 287 59
f 287 288 59
f 59 288 60
f 288 289 60
f 60 289 61
f 289 290 61
f 61 290 62
f 290 291 62
f 62 291 63
f 291 292 63
f 63 292 64
f 292 293 64
f 64 293 65
f 293 294 65
f 65 294 66
f 294 295 66
f 66 295 67
f 295 296 67
f 67 296 68
f 296 297 68
f 68 297 69
f 297 298 69
f 69 298 70
f 298 299 70
f 70 299 71
f 299 300 71
f 71 300 72
f 300 301 72
f 72 301 73
f 301 302 73
f 73 302 74
f 302 303 74
f 74 303 75
f 303 304 75
f 75 304 76
f 304 305 76
f 76 305 77
f 305 306 77
f 77 306 78
f 306 307 78
f 78 307 79
f 307 308 79
f 79 308 80
f 308 309 80
f 80 309 81
f 309 310 81
f 81 310 82
f 310 311 82
f 82 311 83
f 311 312 83
f 83 312 84
f 312 313 84
f 84 313 85
f 313 314 85
f 85 314 86
f 314 315 86
f 86 315 87
f 315 316 87
f 87 316 88
f 316 317 88
f 88 317 89
f 317 318 89
f 89 318 90
f 318 319 90
f 90 319 91
f 319 320 91
f 91 320 92
f 320 321 92
f 92 321 93
f 321 322 93
f 93 322 94
f 322 323 94
f 94 323 95
f 323 324 95
f 95 324 96
f 324 325 96
f 96 325 97
f 325 326 97
f 97 326 98
f 326 327 98
f 98 327 99
f 327 328 99
f 99 328 100
f 328 329 100
f 100 329 101
f 329 330 101
f 101 330 102
f 330 331 102
f 102 331 103
f 331 332 103
f 103 332 104
f 332 333 104
f 104 333 105
f 333 334 105
f 105 334 106
f 334 335 106
f 106 335 107
f 335 336 107
f 107 336 108
f 336 337 108
f 108 337 109
f 337 338 109
f 109 338 110
f 338 339 110
f 110 339 111
f 339 340 111
f 111 340 112
f 340 341 112
f 112 341 113
f 341 342 113
f 113 342 114
f 342 343 114
f 114 343 115
f 343 344 115
f 115 344 116
f 344 345 116
f 116 345 117
f 345 346 117
f 117 346 118
f 346 347 118
f 118 347 119
f 347 348 119
f 119 348 120
f 348 349 120
f 120 349 121
f 349 350 121
f 121 350 122
f 350 351 122
f 122 351 123
f 351 352 123
f 123 352 124
f 352 353 124
f 124 353 125
f 353 354 125
f 125 354 126
f 354 355 126
f 126 355 127
f 355 356 127
f 127 356 128
f 356 357 128
f 128 357 129
f 357 358 129
f 129 358 130
f 358 359 130
f 130 359 131
f 359 360 131
f 131 360 132
f 360 361 132
f 132 361 133
f 361 362 133
f 133 362 134
f 362 363 134
f 134 363 135
f 363 364 135
f 135 364 136
f 364 365 136
f 136 365 137
f 365 366 137
f 137 366 138
f 366 367 138
f 138 367 139
f 367 368 139
f 139 368 140
f 368 369 140
f 140 369 141
f 369 370 141
f 141 370 142
f 370 371 142
f 142 371 143
f 371 372 143
f 143 372 144
f 372 373 144
f 144 373 145
f 373 374 145
f 145 374 146
f 374 375 146
f 146 375 147
f 375 376 147
f 147 376 148
f 376 377 148
f 148 377 149
f 377 378 149
f 149 378 150
f 378 379 150
f 150 379 151
f 379 380 151
f 151 380 152
f 380 381 152
f 152 381 153
f 381 382 153
f 153 382 154
f 382 383 154
f 154 383 155
f 383 384 155
f 155 384 156
f 384 385 156
f 156 385 157
f 385 386 157
f 157 386 158
f 386 387 158
f 158 387 159
f 387 388 159
f 159 388 160
f 388 389 160
f 160 389 161
f 389 390 161
f 161 390 162
f 390 391 162
f 162 391 163
f 391 392 163
f 163 392 164
f 392 393 164
f 164 393 165
f 393 394 165
f 165 394 166
f 394 395 166
f 166 395 167
f 395 396 167
f 167 396 168
f 396 397 168
f 168 397 169
f 397 398 169
f 169 398 170
f 398 399 170
f 170 399 171
f 399 400 171
f 171 400 172
f 400 401 172
f 172 401 173
f 401 402 173
f 173 402 174
f 402 403 174
f 174 403 175
f 403 404 175
f 175 404 176
f 404 405 176
f 176 405 177
f 405 406 177
f 177 406 178
f 406 407 178
f 178 407 179
f 407 408 179
f 179 408 180
f 408 409 180
f 180 409 181
f 409 410 181
f 181 410 182
f 410 411 182
f 182 411 183
f 411 412 183
f 183 412 184
f 412 413 184
f 184 413 185
f 413 414 185
f 185 414 186
f 414 415 186
f 186 415 187
f 415 416 187
f 187 416 188
f 416 417 188
f 188 417 189
f 417 418 189
f 189 418 190
f 418 419 190
f 190 419 191
f 419 420 191
f 191 420 192
f 420 421 192
f 192 421 193
f 421 422 193
f 193 422 194
f 422 423 194
f 194 423 195
f 423 424 195
f 195 424 196
f 424 425 196
f 196 425 197
f 425 426 197
f 197 426 198
f 426 427 198
f 198 427 199
f 427 428 199
f 199 428 200
f 428 429 200
f 200 429 201
f 429 430 201
f 201 430 202
f 430 431 202
f 202 431 203
f 431 432 203
f 203 432 204
f 432 433 204
f 204 433 205
f 433 434 205
f 205 434 206
f 434 435 206
f 206 435 207
f 435 436 207
f 207 436 208
f 436 437 208
f 208 437 209
f 437 438 209
f 209 438 210
f 438 439 210
f 210 439 211
f 439 440 211
f 211 440 212
f 440 441 212
f 212 441 213
f 441 442 213
f 213 442 214
f 442 443 214
f 214 443 215
f 444 229 216
f 216 229 1
f 443 444 215
f 215 444 216
f 445 446 217
f 217 446 218
f 446 447 218
f 218 447 219
f 448 445 220
f 220 445 217
f 447 449 219
f 219 449 221
f 449 450 221
f 221 450 222
f 450 451 222
f 222 451 223
f 452 448 224
f 224 448 220
f 451 452 223
f 223 452 224
f 453 454 225
f 225 454 226
f 454 455 226
f 226 455 227
f 456 453 228
f 228 453 225
f 455 456 227
f 227 456 228
f 457 536 458
f 458 536 488
f 457 458 459
f 458 488 461
f 458 461 460
f 487 488 536
f 461 488 462
f 486 487 536
f 486 546 548
f 463 508 466
f 463 464 508
f 466 486 596
f 465 466 472
f 463 466 467
f 549 595 596
f 466 596 468
f 468 469 472
f 468 596 470
f 468 470 471
f 466 468 472
f 509 595 516
f 512 595 513
f 512 516 595
f 510 511 595
f 511 517 595
f 517 519 595
f 518 595 519
f 473 595 518
f 509 510 595
f 478 484 480
f 479 480 508
f 466 476 477
f 479 481 480
f 466 480 476
f 482 484 483
f 476 480 482
f 466 489 486
f 480 484 482
f 466 490 489
f 466 477 490
f 486 549 596
f 583 595 584
f 549 584 595
f 491 595 585
f 583 585 595
f 486 548 549
f 493 505 506
f 492 493 495
f 493 501 514
f 491 494 513
f 494 495 513
f 496 497 506
f 493 497 501
f 497 499 501
f 497 498 499
f 493 513 495
f 499 500 501
f 485 501 503
f 493 514 515
f 501 502 503
f 485 503 504
f 485 514 501
f 493 515 513
f 493 506 497
f 479 508 507
f 466 508 480
f 491 513 595
f 476 482 521
f 476 522 477
f 499 527 500
f 501 528 502
f 500 526 501
f 502 524 503
f 462 488 649
f 457 459 644
f 458 646 459
f 458 460 645
f 461 462 648
f 460 461 647
f 463 651 464
f 465 472 652
f 465 653 466
f 463 467 650
f 466 654 467
f 469 659 472
f 468 656 469
f 470 658 471
f 470 596 657
f 468 471 655
f 473 518 660
f 473 661 474
f 474 662 475
f 476 520 522
f 476 521 520
f 477 522 523
f 477 677 490
f 479 507 666
f 480 481 667
f 478 480 665
f 479 668 481
f 482 483 669
f 483 484 670
f 478 671 484
f 485 504 672
f 500 527 525
f 500 525 526
f 501 526 528
f 502 528 524
f 486 489 673
f 486 674 487
f 487 675 488
f 489 490 676
f 491 585 678
f 493 692 505
f 492 495 679
f 492 680 493
f 494 682 495
f 491 681 494
f 496 685 497
f 496 506 684
f 498 687 499
f 497 686 498
f 503 691 504
f 505 693 506
f 507 508 694
f 464 695 508
f 509 516 696
f 510 698 511
f 509 697 510
f 513 515 700
f 512 513 699
f 514 702 515
f 485 701 514
f 512 703 516
f 511 704 517
f 517 706 519
f 518 519 705
f 477 523 677
f 482 669 521
f 499 687 527
f 503 524 691
f 530 531 532
f 530 534 542
f 530 532 534
f 532 533 534
f 535 539 536
f 536 537 542
f 537 539 538
f 536 539 537
f 537 540 541
f 537 541 542
f 542 543 556
f 541 544 542
f 457 545 536
f 486 565 564
f 486 551 550
f 486 553 551
f 486 555 547
f 486 547 546
f 486 550 555
f 486 552 554
f 486 554 553
f 486 564 552
f 486 536 580
f 486 559 565
f 486 558 559
f 486 580 558
f 530 542 556
f 530 556 557
f 534 536 542
f 534 580 536
f 561 580 562
f 562 580 563
f 558 580 560
f 560 580 561
f 538 539 586
f 537 538 587
f 535 589 539
f 550 551 591
f 547 555 592
f 550 593 555
f 529 566 534
f 529 573 566
f 566 567 568
f 566 568 570
f 534 566 580
f 566 570 580
f 568 569 570
f 570 571 580
f 570 572 571
f 566 573 821
f 563 577 574
f 563 575 577
f 563 580 575
f 575 576 577
f 578 581 580
f 571 579 580
f 575 580 581
f 575 581 582
f 529 534 707
f 530 557 708
f 530 709 531
f 532 711 533
f 531 710 532
f 533 712 534
f 539 588 586
f 538 586 587
f 539 589 588
f 550 591 590
f 555 593 592
f 550 590 593
f 536 545 714
f 535 536 713
f 541 722 544
f 540 719 541
f 542 721 543
f 542 544 720
f 537 718 540
f 457 723 545
f 546 547 724
f 546 726 548
f 548 727 549
f 551 553 729
f 552 732 554
f 552 564 730
f 553 554 731
f 543 734 556
f 556 735 557
f 558 737 559
f 558 560 736
f 561 562 739
f 560 561 738
f 562 563 740
f 563 574 741
f 564 565 742
f 559 743 565
f 537 587 715
f 535 713 589
f 551 729 591
f 547 592 733
f 566 745 567
f 567 746 568
f 568 747 569
f 569 748 570
f 570 750 572
f 571 572 749
f 529 751 573
f 566 814 744
f 574 577 752
f 575 582 753
f 576 755 577
f 575 754 576
f 578 580 756
f 578 759 581
f 571 757 579
f 579 758 580
f 581 760 582
f 583 763 585
f 583 584 761
f 549 762 584
f 594 596 595
f 595 598 597
f 595 600 598
f 473 474 595
f 474 475 595
f 475 607 595
f 595 607 608
f 595 608 606
f 595 606 600
f 598 600 599
f 602 606 609
f 601 606 602
f 600 606 603
f 603 606 604
f 600 603 605
f 606 608 609
f 594 595 610
f 594 610 612
f 610 611 612
f 611 615 622
f 611 613 612
f 611 1106 613
f 611 622 614
f 611 614 1106
f 615 616 617
f 615 617 622
f 617 618 619
f 617 619 621
f 619 620 621
f 617 623 622
f 617 624 623
f 617 633 624
f 617 621 633
f 624 633 625
f 625 633 626
f 626 633 627
f 627 633 628
f 628 633 629
f 629 633 634
f 621 630 631
f 621 631 633
f 633 635 634
f 631 632 633
f 633 636 635
f 633 637 636
f 633 640 637
f 633 641 640
f 633 638 639
f 633 639 643
f 633 1107 641
f 633 1108 1107
f 633 1109 1108
f 633 1110 1109
f 633 643 1166
f 594 766 596
f 595 597 765
f 597 598 767
f 598 599 768
f 600 605 770
f 599 600 769
f 602 609 772
f 601 602 771
f 604 606 774
f 603 604 773
f 603 775 605
f 601 776 606
f 475 777 607
f 607 778 608
f 608 779 609
f 594 612 764
f 595 780 610
f 610 781 611
f 611 785 615
f 612 613 782
f 613 1103 783
f 614 622 784
f 615 786 616
f 616 787 617
f 617 788 618
f 618 789 619
f 619 790 620
f 620 791 621
f 622 623 792
f 623 624 793
f 624 625 794
f 625 626 795
f 626 627 796
f 627 628 797
f 628 629 798
f 629 634 799
f 621 800 630
f 630 801 631
f 631 802 632
f 632 803 633
f 633 808 638
f 634 635 804
f 635 636 805
f 636 637 806
f 637 640 807
f 638 809 639
f 640 641 810
f 641 1107 811
f 639 642 643
f 639 812 642
f 642 813 643
f 488 675 649
f 458 645 646
f 459 646 644
f 460 647 645
f 461 648 647
f 462 649 648
f 464 651 695
f 463 650 651
f 466 653 654
f 465 652 653
f 467 654 650
f 469 656 659
f 468 655 656
f 596 766 657
f 470 657 658
f 471 658 655
f 472 659 652
f 473 660 661
f 474 661 662
f 475 662 777
f 478 665 671
f 479 666 668
f 507 694 666
f 481 668 667
f 480 667 665
f 483 670 669
f 484 671 670
f 485 672 701
f 489 676 673
f 487 674 675
f 486 673 674
f 490 677 676
f 491 678 681
f 493 680 692
f 495 682 679
f 492 679 680
f 494 681 682
f 496 684 685
f 498 686 687
f 497 685 686
f 504 691 672
f 505 692 693
f 506 693 684
f 508 695 694
f 516 703 696
f 510 697 698
f 509 696 697
f 515 702 700
f 513 700 699
f 514 701 702
f 512 699 703
f 517 704 706
f 519 706 705
f 518 705 660
f 511 698 704
f 644 645 714
f 645 675 714
f 644 646 645
f 673 717 714
f 645 648 675
f 645 647 648
f 674 714 675
f 648 649 675
f 673 714 674
f 673 726 724
f 650 653 695
f 650 695 651
f 652 659 653
f 650 654 653
f 653 766 663
f 653 655 766
f 655 659 656
f 655 657 766
f 655 658 657
f 653 659 655
f 696 703 765
f 699 700 765
f 699 765 703
f 765 688 766
f 697 765 698
f 698 765 704
f 704 765 706
f 705 706 765
f 660 705 765
f 696 765 697
f 677 523 664
f 669 663 521
f 687 690 527
f 691 524 689
f 665 667 671
f 666 695 667
f 666 667 668
f 653 663 667
f 669 670 671
f 667 663 669
f 667 669 671
f 672 688 701
f 701 688 702
f 676 677 683
f 677 664 683
f 673 676 683
f 673 727 726
f 727 683 762
f 673 683 727
f 678 763 683
f 681 683 682
f 680 693 692
f 678 683 681
f 679 682 680
f 761 683 763
f 761 762 683
f 684 693 685
f 680 690 685
f 680 683 690
f 685 690 687
f 685 687 686
f 691 689 688
f 672 691 688
f 680 682 683
f 680 685 693
f 666 694 695
f 653 667 695
f 766 688 663
f 700 688 765
f 700 702 688
f 557 735 708
f 530 708 709
f 531 709 710
f 534 712 707
f 532 710 711
f 533 711 712
f 536 714 713
f 540 718 719
f 541 719 722
f 542 720 721
f 543 721 734
f 544 722 720
f 537 715 718
f 545 723 714
f 457 644 723
f 549 727 762
f 547 725 724
f 548 726 727
f 546 724 726
f 552 730 732
f 553 731 729
f 554 732 731
f 547 733 725
f 556 734 735
f 559 737 743
f 558 736 737
f 560 738 736
f 561 739 738
f 562 740 739
f 563 741 740
f 565 743 742
f 564 742 730
f 529 707 751
f 566 744 745
f 567 745 746
f 568 746 747
f 569 747 748
f 570 748 750
f 572 750 749
f 574 752 741
f 577 755 752
f 576 754 755
f 575 753 754
f 580 758 756
f 578 756 759
f 571 749 757
f 579 757 758
f 581 759 760
f 582 760 753
f 583 761 763
f 584 762 761
f 585 763 678
f 715 587 716
f 713 717 589
f 729 728 591
f 708 710 709
f 708 720 712
f 708 712 710
f 710 712 711
f 713 714 717
f 715 719 718
f 715 716 720
f 715 720 719
f 720 734 721
f 719 720 722
f 730 742 716
f 737 716 743
f 742 743 716
f 644 714 723
f 725 733 717
f 673 725 717
f 673 724 725
f 729 716 728
f 729 731 716
f 731 732 716
f 730 716 732
f 708 734 720
f 712 720 716
f 708 735 734
f 736 716 737
f 736 758 716
f 712 716 758
f 739 740 758
f 740 741 758
f 736 738 758
f 738 739 758
f 707 712 744
f 707 744 751
f 744 746 745
f 744 748 746
f 712 758 744
f 744 758 748
f 746 748 747
f 748 758 749
f 748 749 750
f 744 967 751
f 741 752 755
f 741 755 753
f 741 753 758
f 753 755 754
f 756 758 759
f 749 758 757
f 753 759 758
f 753 760 759
f 594 764 766
f 597 767 765
f 598 768 767
f 599 769 768
f 600 770 769
f 601 771 776
f 602 772 771
f 604 774 773
f 605 775 770
f 603 773 775
f 606 776 774
f 607 777 778
f 608 778 779
f 609 779 772
f 595 765 780
f 612 782 764
f 610 780 781
f 611 781 785
f 613 783 782
f 614 784 1293
f 615 785 786
f 616 786 787
f 617 787 788
f 618 788 789
f 619 789 790
f 620 790 791
f 622 792 784
f 623 793 792
f 624 794 793
f 625 795 794
f 626 796 795
f 621 791 800
f 627 797 796
f 628 798 797
f 629 799 798
f 634 804 799
f 630 800 801
f 631 801 802
f 632 802 803
f 633 803 808
f 635 805 804
f 636 806 805
f 637 807 806
f 638 808 809
f 640 810 807
f 641 811 810
f 811 1107 1294
f 764 765 766
f 765 767 768
f 765 768 770
f 660 765 661
f 661 765 662
f 662 765 777
f 765 778 777
f 765 776 778
f 765 770 776
f 768 769 770
f 772 779 776
f 771 772 776
f 770 773 776
f 773 774 776
f 770 775 773
f 776 779 778
f 764 780 765
f 764 782 780
f 780 782 781
f 781 792 785
f 781 782 783
f 781 783 1293
f 781 784 792
f 781 1293 784
f 785 787 786
f 785 792 787
f 787 789 788
f 787 791 789
f 789 791 790
f 787 792 793
f 787 793 794
f 787 794 803
f 787 803 791
f 794 795 803
f 795 796 803
f 796 797 803
f 797 798 803
f 798 799 803
f 799 804 803
f 791 801 800
f 791 803 801
f 803 804 805
f 801 803 802
f 803 805 806
f 803 806 807
f 803 807 810
f 803 810 811
f 803 809 808
f 803 813 809
f 803 811 1294
f 803 1294 1295
f 803 1295 1296
f 803 1296 1297
f 803 1353 813
f 639 809 812
f 642 812 813
f 809 813 812
f 566 821 814
f 814 816 815
f 814 818 816
f 814 830 818
f 816 818 817
f 818 820 819
f 818 830 820
f 814 821 822
f 814 822 838
f 814 838 830
f 822 823 824
f 824 825 826
f 824 826 828
f 826 827 828
f 820 830 829
f 830 832 831
f 830 834 832
f 832 834 833
f 830 838 834
f 834 836 835
f 834 838 836
f 822 840 838
f 836 838 837
f 838 840 839
f 824 828 851
f 828 846 847
f 828 847 851
f 847 848 851
f 822 824 868
f 822 868 840
f 840 868 841
f 841 868 842
f 842 868 843
f 851 852 853
f 824 851 868
f 851 853 859
f 843 868 844
f 844 868 845
f 845 868 849
f 849 868 850
f 850 868 854
f 854 868 855
f 853 858 859
f 851 859 868
f 859 860 864
f 855 868 856
f 856 868 857
f 857 868 861
f 861 868 862
f 859 864 868
f 864 865 868
f 862 868 863
f 863 868 866
f 866 868 867
f 573 967 821
f 814 815 960
f 815 816 961
f 816 817 962
f 817 818 963
f 818 819 964
f 819 820 965
f 821 968 822
f 822 969 823
f 823 970 824
f 824 971 825
f 825 972 826
f 826 973 827
f 827 974 828
f 820 829 966
f 829 830 975
f 830 831 976
f 831 832 977
f 832 833 978
f 833 834 979
f 834 835 980
f 835 836 981
f 836 837 982
f 837 838 983
f 838 839 984
f 839 840 985
f 840 841 986
f 841 842 987
f 842 843 988
f 843 844 989
f 844 845 990
f 845 849 991
f 828 992 846
f 846 993 847
f 847 994 848
f 848 997 851
f 849 850 995
f 850 854 996
f 851 998 852
f 852 999 853
f 853 1004 858
f 854 855 1000
f 855 856 1001
f 856 857 1002
f 857 861 1003
f 858 1005 859
f 859 1006 860
f 861 862 1007
f 862 863 1008
f 860 1010 864
f 864 1011 865
f 863 866 1009
f 866 867 1012
f 867 871 1013
f 868 869 870
f 868 870 875
f 867 868 871
f 868 872 871
f 868 873 872
f 868 876 873
f 870 874 875
f 868 875 883
f 868 877 876
f 868 880 877
f 868 881 880
f 875 878 879
f 875 879 883
f 868 910 881
f 868 883 910
f 879 882 883
f 883 884 887
f 883 887 893
f 881 910 885
f 885 910 886
f 886 910 888
f 888 910 889
f 874 899 875
f 873 876 900
f 889 890 901
f 890 891 903
f 887 892 893
f 883 893 910
f 893 894 895
f 889 910 890
f 890 910 891
f 893 895 910
f 892 905 893
f 865 1014 868
f 868 1015 869
f 869 1016 870
f 873 897 896
f 874 898 899
f 873 900 897
f 871 872 1017
f 872 873 1018
f 870 1020 874
f 876 877 1025
f 877 880 1026
f 875 1027 878
f 878 1028 879
f 879 1031 882
f 880 881 1029
f 882 1032 883
f 883 1033 884
f 890 902 901
f 890 903 902
f 881 885 1030
f 885 886 1034
f 884 1036 887
f 886 888 1035
f 888 889 1037
f 891 906 1041
f 873 896 1018
f 874 1020 898
f 875 899 1022
f 876 1025 900
f 889 901 1039
f 891 1041 903
f 892 904 905
f 887 1042 892
f 893 1046 894
f 894 1047 895
f 895 1051 909
f 892 1042 904
f 893 905 1045
f 891 910 906
f 895 909 910
f 910 911 915
f 910 915 918
f 906 948 907
f 906 910 948
f 915 916 918
f 910 918 927
f 907 959 908
f 908 959 912
f 912 959 913
f 913 959 914
f 914 959 917
f 917 959 919
f 919 959 920
f 918 924 925
f 918 925 927
f 910 927 948
f 925 926 927
f 927 928 942
f 907 948 959
f 927 942 944
f 920 959 921
f 921 959 922
f 922 959 923
f 929 941 930
f 930 941 931
f 931 941 932
f 933 935 934
f 932 941 933
f 933 937 935
f 935 937 936
f 933 941 937
f 937 939 938
f 937 941 939
f 939 941 940
f 942 943 944
f 927 944 948
f 923 959 929
f 944 945 946
f 944 946 948
f 946 947 948
f 929 959 941
f 941 950 949
f 941 952 950
f 950 952 951
f 941 957 952
f 941 959 957
f 948 953 959
f 952 955 954
f 952 957 955
f 955 957 956
f 957 959 958
f 953 1500 959
f 906 907 1048
f 907 908 1049
f 908 912 1050
f 909 1052 910
f 910 1053 911
f 912 913 1054
f 913 914 1055
f 911 1057 915
f 915 1058 916
f 916 1060 918
f 914 917 1056
f 917 919 1059
f 919 920 1061
f 920 921 1062
f 921 922 1063
f 922 923 1064
f 918 1066 924
f 924 1067 925
f 925 1068 926
f 926 1069 927
f 927 1070 928
f 928 1084 942
f 923 929 1065
f 929 930 1071
f 930 931 1072
f 931 932 1073
f 932 933 1074
f 933 934 1075
f 934 935 1076
f 935 936 1077
f 936 937 1078
f 937 938 1079
f 938 939 1080
f 939 940 1081
f 940 941 1082
f 942 1085 943
f 943 1086 944
f 944 1087 945
f 945 1088 946
f 946 1089 947
f 947 1090 948
f 941 949 1083
f 949 950 1091
f 950 951 1092
f 951 952 1093
f 952 954 1094
f 948 1095 953
f 954 955 1096
f 955 956 1097
f 956 957 1098
f 957 958 1099
f 958 959 1100
f 959 1492 1101
f 573 751 967
f 744 814 960
f 815 961 960
f 816 962 961
f 817 963 962
f 818 964 963
f 819 965 964
f 820 966 965
f 821 967 968
f 822 968 969
f 823 969 970
f 824 970 971
f 825 971 972
f 826 972 973
f 827 973 974
f 828 974 992
f 829 975 966
f 830 976 975
f 831 977 976
f 832 978 977
f 833 979 978
f 834 980 979
f 835 981 980
f 836 982 981
f 837 983 982
f 838 984 983
f 839 985 984
f 840 986 985
f 841 987 986
f 842 988 987
f 843 989 988
f 844 990 989
f 845 991 990
f 849 995 991
f 846 992 993
f 847 993 994
f 848 994 997
f 850 996 995
f 854 1000 996
f 851 997 998
f 852 998 999
f 853 999 1004
f 855 1001 1000
f 856 1002 1001
f 857 1003 1002
f 861 1007 1003
f 858 1004 1005
f 859 1005 1006
f 860 1006 1010
f 862 1008 1007
f 863 1009 1008
f 864 1010 1011
f 865 1011 1014
f 866 1012 1009
f 867 1013 1012
f 744 960 967
f 960 961 962
f 960 962 964
f 960 964 976
f 962 963 964
f 964 965 966
f 964 966 976
f 960 968 967
f 960 984 968
f 960 976 984
f 968 970 969
f 970 972 971
f 970 974 972
f 972 974 973
f 966 975 976
f 976 977 978
f 976 978 980
f 978 979 980
f 976 980 984
f 980 981 982
f 980 982 984
f 968 984 986
f 982 983 984
f 984 985 986
f 970 997 974
f 974 993 992
f 974 997 993
f 993 997 994
f 968 1014 970
f 968 986 1014
f 986 987 1014
f 987 988 1014
f 988 989 1014
f 997 999 998
f 970 1014 997
f 997 1005 999
f 989 990 1014
f 990 991 1014
f 991 995 1014
f 995 996 1014
f 996 1000 1014
f 1000 1001 1014
f 999 1005 1004
f 997 1014 1005
f 1005 1010 1006
f 1001 1002 1014
f 1002 1003 1014
f 1003 1007 1014
f 1007 1008 1014
f 1005 1014 1010
f 1010 1014 1011
f 1008 1009 1014
f 1009 1012 1014
f 1012 1013 1014
f 868 1014 1015
f 869 1015 1016
f 871 1017 1013
f 872 1018 1017
f 870 1016 1020
f 875 1022 1023
f 877 1026 1025
f 880 1029 1026
f 875 1023 1027
f 878 1027 1028
f 879 1028 1031
f 881 1030 1029
f 882 1031 1032
f 883 1032 1033
f 884 1033 1036
f 885 1034 1030
f 886 1035 1034
f 888 1037 1035
f 889 1038 1037
f 889 1039 1038
f 906 1048 1041
f 887 1036 1042
f 893 1045 1046
f 894 1046 1047
f 895 1047 1051
f 1014 1016 1015
f 1014 1021 1016
f 1018 896 1019
f 1020 1021 898
f 1025 1024 900
f 1041 1040 903
f 1013 1017 1014
f 1014 1017 1018
f 1014 1018 1021
f 1018 1019 1021
f 1016 1021 1020
f 1025 1022 1024
f 1025 1026 1022
f 1026 1029 1022
f 1023 1028 1027
f 1023 1022 1032
f 1023 1032 1028
f 1029 1030 1022
f 1030 1043 1022
f 1028 1032 1031
f 1032 1022 1043
f 1032 1036 1033
f 1030 1034 1043
f 1034 1035 1043
f 1032 1043 1036
f 1035 1037 1043
f 1037 1038 1043
f 1038 1039 1043
f 1042 1043 904
f 1045 905 1044
f 1036 1043 1042
f 1045 1044 1040
f 1045 1047 1046
f 1045 1040 1052
f 1041 1052 1040
f 1045 1052 1047
f 907 1049 1048
f 908 1050 1049
f 909 1051 1052
f 910 1052 1053
f 911 1053 1057
f 912 1054 1050
f 913 1055 1054
f 914 1056 1055
f 915 1057 1058
f 916 1058 1060
f 917 1059 1056
f 919 1061 1059
f 920 1062 1061
f 921 1063 1062
f 922 1064 1063
f 923 1065 1064
f 918 1060 1066
f 924 1066 1067
f 925 1067 1068
f 926 1068 1069
f 927 1069 1070
f 928 1070 1084
f 929 1071 1065
f 930 1072 1071
f 931 1073 1072
f 932 1074 1073
f 933 1075 1074
f 934 1076 1075
f 935 1077 1076
f 936 1078 1077
f 937 1079 1078
f 938 1080 1079
f 939 1081 1080
f 940 1082 1081
f 941 1083 1082
f 942 1084 1085
f 943 1085 1086
f 944 1086 1087
f 945 1087 1088
f 946 1088 1089
f 947 1089 1090
f 949 1091 1083
f 950 1092 1091
f 951 1093 1092
f 952 1094 1093
f 948 1090 1095
f 954 1096 1094
f 955 1097 1096
f 956 1098 1097
f 957 1099 1098
f 958 1100 1099
f 959 1101 1100
f 953 1095 1650
f 1041 1048 1052
f 1047 1052 1051
f 1052 1057 1053
f 1052 1060 1057
f 1048 1049 1090
f 1048 1090 1052
f 1057 1060 1058
f 1052 1069 1060
f 1049 1050 1101
f 1050 1054 1101
f 1054 1055 1101
f 1055 1056 1101
f 1056 1059 1101
f 1059 1061 1101
f 1061 1062 1101
f 1060 1067 1066
f 1060 1069 1067
f 1052 1090 1069
f 1067 1069 1068
f 1069 1084 1070
f 1049 1101 1090
f 1069 1086 1084
f 1062 1063 1101
f 1063 1064 1101
f 1064 1065 1101
f 1071 1072 1083
f 1072 1073 1083
f 1073 1074 1083
f 1075 1076 1077
f 1074 1075 1083
f 1075 1077 1079
f 1077 1078 1079
f 1075 1079 1083
f 1079 1080 1081
f 1079 1081 1083
f 1081 1082 1083
f 1084 1086 1085
f 1069 1090 1086
f 1065 1071 1101
f 1086 1088 1087
f 1086 1090 1088
f 1088 1090 1089
f 1071 1083 1101
f 1083 1091 1092
f 1083 1092 1094
f 1092 1093 1094
f 1083 1094 1099
f 1083 1099 1101
f 1090 1101 1095
f 1094 1096 1097
f 1094 1097 1099
f 1097 1098 1099
f 1099 1100 1101
f 1095 1101 1650
f 613 1106 1103
f 1102 1103 1104
f 1103 1106 1104
f 1104 1106 1122
f 1104 1122 1123
f 1104 1123 1124
f 1104 1128 1105
f 633 1111 1110
f 633 1133 1111
f 633 1166 1133
f 1111 1133 1118
f 1112 1118 1133
f 1113 1133 1116
f 1112 1133 1113
f 1119 1120 1166
f 1120 1135 1166
f 1120 1121 1135
f 1104 1124 1133
f 1124 1125 1133
f 1105 1128 1127
f 1104 1133 1128
f 1128 1137 1129
f 1114 1133 1115
f 1126 1130 1133
f 1125 1126 1133
f 1115 1133 1130
f 1114 1117 1133
f 1116 1133 1117
f 1131 1137 1133
f 1132 1133 1136
f 1133 1166 1135
f 1133 1135 1136
f 1134 1136 1135
f 1128 1133 1137
f 1102 1104 1138
f 1102 1138 1139
f 1138 1140 1144
f 1138 1152 1139
f 1140 1141 1142
f 1140 1142 1144
f 1142 1143 1144
f 1144 1145 1146
f 1144 1146 1148
f 1146 1147 1148
f 1144 1148 1155
f 1148 1149 1150
f 1148 1150 1155
f 1144 1155 1159
f 1138 1144 1183
f 1151 1152 1153
f 1144 1159 1160
f 1144 1160 1161
f 1144 1161 1162
f 1150 1154 1155
f 1155 1156 1157
f 1155 1157 1158
f 1155 1158 1159
f 1144 1162 1175
f 1144 1175 1176
f 1144 1176 1177
f 614 1293 1106
f 1102 1290 1103
f 1104 1105 1291
f 1105 1127 1292
f 1107 1108 1294
f 1108 1109 1295
f 1109 1110 1296
f 1110 1111 1297
f 1111 1118 1298
f 1112 1113 1299
f 1113 1116 1300
f 1115 1130 1302
f 1114 1115 1301
f 1116 1117 1303
f 1114 1304 1117
f 1112 1305 1118
f 1119 1307 1120
f 1120 1308 1121
f 1106 1309 1122
f 1123 1311 1124
f 1122 1310 1123
f 1124 1312 1125
f 1125 1313 1126
f 1127 1128 1314
f 1128 1129 1315
f 1129 1137 1316
f 1126 1317 1130
f 1131 1133 1318
f 1132 1136 1319
f 1132 1320 1133
f 1134 1135 1321
f 1134 1323 1136
f 1121 1322 1135
f 1131 1324 1137
f 1102 1139 1289
f 1104 1325 1138
f 1139 1152 1326
f 1138 1327 1140
f 1140 1328 1141
f 1141 1329 1142
f 1142 1330 1143
f 1143 1331 1144
f 1144 1332 1145
f 1145 1333 1146
f 1146 1334 1147
f 1147 1335 1148
f 1148 1336 1149
f 1149 1337 1150
f 1150 1341 1154
f 1151 1339 1152
f 1151 1153 1338
f 1154 1342 1155
f 1155 1343 1156
f 1156 1344 1157
f 1157 1345 1158
f 1158 1346 1159
f 1159 1347 1160
f 1160 1348 1161
f 1161 1349 1162
f 643 1163 1164
f 643 1164 1166
f 1164 1165 1166
f 643 1350 1163
f 1163 1351 1164
f 1164 1352 1165
f 1165 1353 1166
f 1119 1166 1306
f 1152 1168 1153
f 1153 1168 1167
f 1168 1170 1169
f 1152 1172 1168
f 1168 1172 1170
f 1138 1191 1152
f 1138 1183 1189
f 1170 1172 1171
f 1172 1174 1173
f 1152 1187 1172
f 1144 1177 1178
f 1144 1178 1179
f 1144 1179 1180
f 1144 1180 1183
f 1138 1189 1190
f 1138 1190 1191
f 1172 1182 1174
f 1174 1182 1181
f 1172 1187 1182
f 1152 1191 1192
f 1152 1192 1193
f 1152 1193 1194
f 1182 1185 1184
f 1182 1187 1185
f 1185 1187 1186
f 1187 1195 1188
f 1152 1194 1197
f 1152 1197 1198
f 1187 1200 1195
f 1195 1200 1196
f 1152 1232 1187
f 1152 1198 1232
f 1187 1210 1200
f 1200 1203 1201
f 1200 1210 1203
f 1203 1210 1204
f 1187 1232 1210
f 1198 1199 1232
f 1199 1202 1232
f 1202 1205 1232
f 1199 1221 1202
f 1203 1204 1222
f 1204 1210 1224
f 1210 1212 1211
f 1210 1214 1212
f 1205 1206 1232
f 1212 1214 1213
f 1210 1232 1214
f 1206 1207 1232
f 1207 1208 1232
f 1208 1209 1232
f 1209 1215 1232
f 1214 1218 1217
f 1215 1216 1232
f 1214 1232 1218
f 1218 1232 1219
f 1153 1167 1340
f 1167 1168 1354
f 1168 1169 1355
f 1169 1170 1356
f 1170 1171 1357
f 1171 1172 1358
f 1172 1173 1359
f 1173 1174 1360
f 1162 1362 1175
f 1175 1363 1176
f 1176 1364 1177
f 1177 1365 1178
f 1178 1366 1179
f 1179 1367 1180
f 1174 1181 1361
f 1181 1182 1368
f 1182 1184 1369
f 1180 1370 1183
f 1184 1185 1371
f 1185 1186 1372
f 1186 1187 1373
f 1187 1188 1374
f 1188 1195 1375
f 1183 1376 1189
f 1189 1377 1190
f 1190 1378 1191
f 1191 1379 1192
f 1199 1220 1221
f 1202 1221 1225
f 1204 1223 1222
f 1204 1224 1223
f 1192 1380 1193
f 1193 1381 1194
f 1195 1196 1382
f 1194 1384 1197
f 1197 1385 1198
f 1198 1386 1199
f 1196 1200 1383
f 1200 1201 1387
f 1201 1203 1388
f 1202 1394 1205
f 1205 1395 1206
f 1206 1396 1207
f 1207 1397 1208
f 1208 1398 1209
f 1199 1386 1220
f 1203 1222 1391
f 1202 1225 1394
f 1210 1211 1399
f 1211 1212 1400
f 1212 1213 1401
f 1213 1214 1402
f 1209 1404 1215
f 1215 1405 1216
f 1214 1217 1403
f 1217 1218 1406
f 1218 1219 1407
f 1219 1232 1408
f 1210 1399 1224
f 1216 1226 1232
f 1226 1227 1232
f 1227 1228 1232
f 1228 1229 1232
f 1229 1230 1232
f 1232 1234 1233
f 1232 1237 1234
f 1234 1237 1236
f 1232 1253 1237
f 1230 1263 1232
f 1237 1239 1238
f 1237 1253 1239
f 1232 1261 1253
f 1230 1231 1281
f 1231 1235 1281
f 1235 1240 1281
f 1240 1241 1281
f 1241 1242 1281
f 1250 1251 1265
f 1242 1243 1281
f 1243 1244 1281
f 1244 1245 1281
f 1245 1246 1281
f 1239 1253 1252
f 1232 1263 1261
f 1253 1255 1254
f 1253 1257 1255
f 1230 1281 1263
f 1255 1257 1256
f 1253 1261 1257
f 1257 1259 1258
f 1257 1261 1259
f 1259 1261 1260
f 1261 1263 1262
f 1228 1284 1229
f 1233 1234 1286
f 1265 1266 1267
f 1265 1267 1269
f 1267 1268 1269
f 1265 1269 1273
f 1246 1247 1281
f 1269 1270 1271
f 1269 1271 1273
f 1271 1272 1273
f 1273 1274 1275
f 1247 1248 1281
f 1248 1249 1281
f 1249 1250 1281
f 1250 1265 1281
f 1265 1273 1281
f 1273 1275 1277
f 1275 1276 1277
f 1277 1278 1279
f 1273 1277 1281
f 1277 1279 1281
f 1279 1280 1281
f 1263 1281 1264
f 1264 1281 1549
f 1264 1549 1282
f 1228 1283 1284
f 1229 1284 1285
f 1233 1286 1287
f 1234 1288 1286
f 1216 1409 1226
f 1226 1410 1227
f 1227 1411 1228
f 1229 1414 1230
f 1230 1415 1231
f 1231 1420 1235
f 1232 1233 1416
f 1234 1236 1419
f 1236 1237 1421
f 1237 1238 1422
f 1238 1239 1423
f 1239 1252 1424
f 1235 1425 1240
f 1240 1426 1241
f 1241 1427 1242
f 1242 1428 1243
f 1243 1429 1244
f 1244 1430 1245
f 1245 1431 1246
f 1246 1432 1247
f 1247 1433 1248
f 1248 1434 1249
f 1249 1435 1250
f 1250 1436 1251
f 1252 1253 1437
f 1253 1254 1438
f 1254 1255 1439
f 1255 1256 1440
f 1256 1257 1441
f 1257 1258 1442
f 1258 1259 1443
f 1259 1260 1444
f 1260 1261 1445
f 1261 1262 1446
f 1262 1263 1447
f 1263 1264 1448
f 1228 1411 1283
f 1229 1285 1414
f 1233 1287 1416
f 1234 1419 1288
f 1251 1450 1265
f 1265 1451 1266
f 1266 1452 1267
f 1267 1453 1268
f 1268 1454 1269
f 1269 1455 1270
f 1270 1456 1271
f 1271 1457 1272
f 1272 1458 1273
f 1273 1459 1274
f 1274 1460 1275
f 1275 1461 1276
f 1276 1462 1277
f 1277 1463 1278
f 1278 1464 1279
f 1279 1465 1280
f 1280 1466 1281
f 1264 1282 1449
f 783 1103 1290
f 1102 1289 1290
f 1105 1292 1291
f 1106 1293 1309
f 1127 1314 1292
f 1108 1295 1294
f 1109 1296 1295
f 1110 1297 1296
f 1111 1298 1297
f 1118 1305 1298
f 1112 1299 1305
f 1113 1300 1299
f 1116 1303 1300
f 1130 1317 1302
f 1114 1301 1304
f 1115 1302 1301
f 1117 1304 1303
f 1119 1306 1307
f 1120 1307 1308
f 1121 1308 1322
f 1122 1309 1310
f 1123 1310 1311
f 1124 1311 1312
f 1126 1313 1317
f 1125 1312 1313
f 1128 1315 1314
f 1129 1316 1315
f 1137 1324 1316
f 1133 1320 1318
f 1132 1319 1320
f 1135 1322 1321
f 1134 1321 1323
f 1136 1323 1319
f 1131 1318 1324
f 1104 1291 1325
f 1139 1326 1289
f 1138 1325 1327
f 1152 1339 1326
f 1140 1327 1328
f 1141 1328 1329
f 1142 1329 1330
f 1143 1330 1331
f 1144 1331 1332
f 1145 1332 1333
f 1146 1333 1334
f 1147 1334 1335
f 1148 1335 1336
f 1149 1336 1337
f 1150 1337 1341
f 1151 1338 1339
f 1153 1340 1338
f 1154 1341 1342
f 1155 1342 1343
f 1156 1343 1344
f 1157 1344 1345
f 1158 1345 1346
f 1159 1346 1347
f 1160 1347 1348
f 1161 1348 1349
f 783 1290 1293
f 1289 1291 1290
f 1290 1291 1293
f 1291 1309 1293
f 1291 1310 1309
f 1291 1311 1310
f 1291 1292 1315
f 803 1297 1298
f 803 1298 1320
f 803 1320 1353
f 1298 1305 1320
f 1299 1320 1305
f 1300 1303 1320
f 1299 1300 1320
f 1306 1353 1307
f 1307 1353 1322
f 1307 1322 1308
f 1291 1320 1311
f 1311 1320 1312
f 1292 1314 1315
f 1291 1315 1320
f 1315 1316 1324
f 1301 1302 1320
f 1313 1320 1317
f 1312 1320 1313
f 1302 1317 1320
f 1301 1320 1304
f 1303 1304 1320
f 1318 1320 1324
f 1319 1323 1320
f 1320 1322 1353
f 1320 1323 1322
f 1321 1322 1323
f 1315 1324 1320
f 1289 1325 1291
f 1289 1326 1325
f 1325 1331 1327
f 1325 1326 1339
f 1327 1329 1328
f 1327 1331 1329
f 1329 1331 1330
f 1331 1333 1332
f 1331 1335 1333
f 1333 1335 1334
f 1331 1342 1335
f 1335 1337 1336
f 1335 1342 1337
f 1331 1346 1342
f 1325 1370 1331
f 1338 1340 1339
f 1331 1347 1346
f 1331 1348 1347
f 1331 1349 1348
f 1337 1342 1341
f 1342 1344 1343
f 1342 1345 1344
f 1342 1346 1345
f 1331 1362 1349
f 1331 1363 1362
f 1331 1364 1363
f 643 813 1350
f 1163 1350 1351
f 1164 1351 1352
f 1165 1352 1353
f 1166 1353 1306
f 813 1351 1350
f 813 1353 1351
f 1351 1353 1352
f 1167 1354 1340
f 1168 1355 1354
f 1169 1356 1355
f 1170 1357 1356
f 1171 1358 1357
f 1172 1359 1358
f 1173 1360 1359
f 1174 1361 1360
f 1162 1349 1362
f 1175 1362 1363
f 1176 1363 1364
f 1177 1364 1365
f 1178 1365 1366
f 1179 1366 1367
f 1180 1367 1370
f 1181 1368 1361
f 1182 1369 1368
f 1183 1370 1376
f 1184 1371 1369
f 1185 1372 1371
f 1186 1373 1372
f 1187 1374 1373
f 1188 1375 1374
f 1195 1382 1375
f 1189 1376 1377
f 1190 1377 1378
f 1191 1378 1379
f 1192 1379 1380
f 1193 1380 1381
f 1196 1383 1382
f 1194 1381 1384
f 1197 1384 1385
f 1198 1385 1386
f 1200 1387 1383
f 1201 1388 1387
f 1203 1390 1388
f 1203 1391 1390
f 1205 1394 1395
f 1206 1395 1396
f 1207 1396 1397
f 1208 1397 1398
f 1211 1400 1399
f 1212 1401 1400
f 1213 1402 1401
f 1214 1403 1402
f 1209 1398 1404
f 1215 1404 1405
f 1217 1406 1403
f 1218 1407 1406
f 1219 1408 1407
f 1339 1340 1355
f 1340 1354 1355
f 1355 1356 1357
f 1339 1355 1359
f 1355 1357 1359
f 1325 1339 1378
f 1325 1376 1370
f 1357 1358 1359
f 1359 1360 1361
f 1339 1359 1374
f 1331 1365 1364
f 1331 1366 1365
f 1331 1367 1366
f 1331 1370 1367
f 1325 1377 1376
f 1325 1378 1377
f 1359 1361 1369
f 1361 1368 1369
f 1359 1369 1374
f 1339 1379 1378
f 1339 1380 1379
f 1339 1381 1380
f 1369 1371 1372
f 1369 1372 1374
f 1339 1374 1391
f 1372 1373 1374
f 1374 1375 1382
f 1386 1389 1220
f 1399 1392 1224
f 1394 1225 1393
f 1339 1384 1381
f 1339 1385 1384
f 1339 1391 1385
f 1374 1382 1387
f 1382 1383 1387
f 1374 1387 1391
f 1387 1388 1390
f 1387 1390 1391
f 1385 1391 1386
f 1386 1391 1389
f 1394 1393 1392
f 1399 1400 1401
f 1399 1401 1403
f 1399 1416 1392
f 1394 1392 1416
f 1394 1416 1395
f 1401 1402 1403
f 1399 1403 1416
f 1395 1416 1396
f 1396 1416 1397
f 1397 1416 1398
f 1398 1416 1404
f 1403 1406 1407
f 1404 1416 1405
f 1403 1407 1416
f 1407 1408 1416
f 1216 1405 1409
f 1226 1409 1410
f 1227 1410 1411
f 1230 1414 1415
f 1231 1415 1420
f 1232 1416 1408
f 1236 1421 1419
f 1237 1422 1421
f 1238 1423 1422
f 1239 1424 1423
f 1235 1420 1425
f 1240 1425 1426
f 1241 1426 1427
f 1242 1427 1428
f 1243 1428 1429
f 1244 1429 1430
f 1245 1430 1431
f 1246 1431 1432
f 1247 1432 1433
f 1248 1433 1434
f 1249 1434 1435
f 1250 1435 1436
f 1252 1437 1424
f 1253 1438 1437
f 1254 1439 1438
f 1255 1440 1439
f 1256 1441 1440
f 1257 1442 1441
f 1258 1443 1442
f 1259 1444 1443
f 1260 1445 1444
f 1261 1446 1445
f 1262 1447 1446
f 1263 1448 1447
f 1264 1449 1448
f 1251 1436 1450
f 1265 1450 1451
f 1266 1451 1452
f 1267 1452 1453
f 1268 1453 1454
f 1269 1454 1455
f 1270 1455 1456
f 1271 1456 1457
f 1272 1457 1458
f 1273 1458 1459
f 1274 1459 1460
f 1275 1460 1461
f 1276 1461 1462
f 1277 1462 1463
f 1278 1463 1464
f 1279 1464 1465
f 1280 1465 1466
f 1281 1466 1699
f 1282 1467 1449
f 1411 1412 1283
f 1414 1285 1413
f 1416 1287 1417
f 1419 1418 1288
f 1405 1416 1409
f 1409 1416 1410
f 1410 1416 1411
f 1411 1416 1412
f 1416 1417 1412
f 1419 1422 1418
f 1414 1413 1418
f 1419 1421 1422
f 1422 1438 1418
f 1422 1423 1424
f 1422 1424 1438
f 1414 1418 1448
f 1414 1466 1415
f 1415 1466 1420
f 1420 1466 1425
f 1425 1466 1426
f 1426 1466 1427
f 1435 1450 1436
f 1427 1466 1428
f 1428 1466 1429
f 1429 1466 1430
f 1430 1466 1431
f 1424 1437 1438
f 1438 1446 1418
f 1438 1439 1440
f 1446 1448 1418
f 1438 1440 1442
f 1414 1448 1466
f 1440 1441 1442
f 1438 1442 1446
f 1442 1443 1444
f 1442 1444 1446
f 1444 1445 1446
f 1446 1447 1448
f 1450 1452 1451
f 1450 1454 1452
f 1452 1454 1453
f 1450 1458 1454
f 1431 1466 1432
f 1454 1456 1455
f 1454 1458 1456
f 1456 1458 1457
f 1458 1460 1459
f 1432 1466 1433
f 1433 1466 1434
f 1434 1466 1435
f 1435 1466 1450
f 1450 1466 1458
f 1458 1462 1460
f 1460 1462 1461
f 1462 1464 1463
f 1458 1466 1462
f 1462 1466 1464
f 1464 1466 1465
f 1448 1449 1466
f 1449 1699 1466
f 1449 1467 1699
f 959 1500 1492
f 1468 1470 1469
f 1468 1472 1470
f 1470 1472 1471
f 1472 1474 1473
f 1472 1475 1474
f 1472 1476 1475
f 1472 1477 1476
f 1481 1484 1490
f 1482 1483 1484
f 1483 1486 1484
f 1483 1485 1486
f 1486 1487 1488
f 1484 1486 1492
f 1486 1488 1492
f 1488 1489 1492
f 1468 1490 1484
f 1468 1491 1490
f 1468 1484 1472
f 1472 1484 1492
f 1472 1492 1477
f 1477 1492 1478
f 1478 1492 1479
f 1479 1492 1480
f 1480 1492 1501
f 1494 1495 1496
f 1492 1502 1501
f 1492 1504 1502
f 1494 1496 1499
f 1496 1497 1499
f 1492 1500 1493
f 1493 1500 1498
f 1492 1503 1504
f 1492 1505 1503
f 1492 1506 1505
f 1492 1507 1506
f 1492 1516 1507
f 1492 1515 1516
f 1492 1518 1515
f 1492 1519 1518
f 1492 1493 1519
f 1494 1499 1510
f 1499 1508 1509
f 1499 1509 1510
f 1493 1494 1523
f 1509 1511 1510
f 1510 1512 1513
f 1494 1510 1523
f 1510 1513 1524
f 1513 1514 1524
f 1493 1523 1519
f 1517 1521 1524
f 1519 1523 1520
f 1520 1523 1595
f 1521 1523 1524
f 1521 1522 1523
f 1510 1524 1523
f 953 1650 1500
f 1468 1469 1618
f 1469 1470 1619
f 1470 1471 1620
f 1471 1472 1621
f 1475 1476 1625
f 1472 1473 1622
f 1473 1474 1623
f 1474 1475 1624
f 1476 1477 1626
f 1477 1478 1627
f 1478 1479 1628
f 1479 1480 1629
f 1481 1634 1484
f 1481 1490 1631
f 1482 1633 1483
f 1482 1484 1632
f 1485 1636 1486
f 1483 1635 1485
f 1486 1637 1487
f 1487 1638 1488
f 1488 1639 1489
f 1489 1642 1492
f 1490 1491 1640
f 1468 1641 1491
f 1493 1644 1494
f 1494 1645 1495
f 1495 1646 1496
f 1493 1498 1643
f 1496 1647 1497
f 1497 1649 1499
f 1498 1500 1648
f 1480 1501 1630
f 1501 1502 1651
f 1503 1654 1504
f 1502 1504 1652
f 1503 1505 1653
f 1505 1506 1655
f 1506 1507 1656
f 1499 1658 1508
f 1508 1659 1509
f 1509 1661 1511
f 1510 1511 1660
f 1510 1662 1512
f 1512 1663 1513
f 1513 1664 1514
f 1515 1666 1516
f 1515 1518 1665
f 1507 1516 1657
f 1517 1671 1521
f 1518 1519 1668
f 1519 1520 1669
f 1520 1595 1670
f 1521 1672 1522
f 1522 1673 1523
f 1514 1674 1524
f 1517 1524 1667
f 1525 1532 1544
f 1526 1530 1527
f 1528 1529 1530
f 1527 1530 1529
f 1527 1532 1531
f 1527 1544 1532
f 1529 1533 1534
f 1527 1529 1540
f 1529 1534 1540
f 1534 1535 1540
f 1527 1540 1541
f 1527 1541 1542
f 1527 1542 1536
f 1527 1536 1537
f 1527 1537 1538
f 1527 1538 1539
f 1539 1559 1549
f 1549 1559 1561
f 1527 1547 1544
f 1543 1544 1545
f 1544 1547 1545
f 1545 1547 1546
f 1527 1549 1547
f 1547 1549 1548
f 1282 1549 1557
f 1527 1539 1549
f 1549 1561 1550
f 1550 1552 1551
f 1550 1554 1552
f 1552 1554 1553
f 1550 1574 1554
f 1554 1556 1555
f 1554 1574 1556
f 1549 1550 1557
f 1550 1562 1558
f 1550 1558 1566
f 1550 1561 1560
f 1550 1560 1562
f 1550 1573 1574
f 1550 1565 1567
f 1550 1566 1565
f 1550 1567 1568
f 1550 1568 1569
f 1563 1577 1564
f 1569 1584 1573
f 1550 1569 1573
f 1564 1571 1570
f 1564 1574 1573
f 1564 1573 1571
f 1571 1573 1572
f 1556 1574 1575
f 1574 1577 1576
f 1564 1577 1574
f 1525 1544 1675
f 1526 1527 1676
f 1528 1530 1678
f 1528 1679 1529
f 1526 1680 1530
f 1531 1532 1681
f 1527 1531 1677
f 1525 1682 1532
f 1529 1683 1533
f 1533 1684 1534
f 1534 1685 1535
f 1535 1690 1540
f 1536 1542 1686
f 1536 1687 1537
f 1537 1688 1538
f 1538 1689 1539
f 1540 1691 1541
f 1541 1692 1542
f 1543 1694 1544
f 1543 1545 1693
f 1545 1546 1695
f 1546 1547 1696
f 1547 1548 1697
f 1548 1549 1698
f 1281 1699 1549
f 1282 1557 1467
f 1550 1551 1700
f 1551 1552 1701
f 1552 1553 1702
f 1553 1554 1703
f 1555 1556 1705
f 1554 1555 1704
f 1556 1575 1706
f 1550 1707 1557
f 1558 1716 1566
f 1539 1709 1559
f 1559 1711 1561
f 1560 1561 1710
f 1560 1712 1562
f 1558 1562 1708
f 1563 1564 1713
f 1565 1566 1715
f 1565 1717 1567
f 1567 1718 1568
f 1569 1735 1584
f 1568 1719 1569
f 1570 1571 1720
f 1564 1570 1714
f 1571 1572 1721
f 1572 1573 1722
f 1573 1605 1723
f 1574 1725 1575
f 1574 1576 1724
f 1576 1577 1726
f 1563 1727 1577
f 1523 1580 1582
f 1573 1587 1583
f 1573 1589 1588
f 1573 1588 1580
f 1573 1583 1589
f 1594 1603 1602
f 1523 1573 1580
f 1523 1591 1573
f 1590 1591 1599
f 1590 1592 1591
f 1591 1593 1594
f 1591 1594 1602
f 1581 1582 1606
f 1585 1586 1609
f 1523 1579 1578
f 1523 1578 1595
f 1523 1581 1579
f 1523 1582 1581
f 1523 1596 1597
f 1523 1597 1599
f 1523 1599 1591
f 1597 1598 1599
f 1590 1599 1600
f 1599 1612 1600
f 1573 1586 1585
f 1573 1584 1586
f 1573 1585 1587
f 1573 1602 1601
f 1573 1591 1602
f 1601 1602 1604
f 1573 1601 1605
f 1602 1603 1617
f 1581 1607 1608
f 1581 1606 1607
f 1578 1579 1728
f 1579 1581 1729
f 1580 1733 1582
f 1585 1610 1611
f 1585 1609 1610
f 1583 1741 1589
f 1584 1737 1586
f 1585 1739 1587
f 1583 1587 1734
f 1588 1589 1740
f 1580 1588 1730
f 1590 1744 1592
f 1591 1592 1743
f 1591 1745 1593
f 1593 1746 1594
f 1594 1757 1603
f 1581 1608 1729
f 1582 1733 1606
f 1586 1737 1609
f 1585 1611 1739
f 1600 1613 1614
f 1600 1612 1613
f 1578 1747 1595
f 1597 1750 1598
f 1523 1748 1596
f 1596 1749 1597
f 1598 1751 1599
f 1590 1600 1742
f 1599 1751 1612
f 1600 1614 1742
f 1602 1615 1616
f 1602 1617 1615
f 1601 1759 1605
f 1601 1604 1754
f 1602 1758 1604
f 1602 1616 1758
f 1603 1757 1617
f 1101 1492 1642
f 1468 1618 1641
f 1469 1619 1618
f 1471 1621 1620
f 1470 1620 1619
f 1472 1622 1621
f 1473 1623 1622
f 1474 1624 1623
f 1475 1625 1624
f 1476 1626 1625
f 1477 1627 1626
f 1478 1628 1627
f 1479 1629 1628
f 1480 1630 1629
f 1490 1640 1631
f 1481 1631 1634
f 1482 1632 1633
f 1483 1633 1635
f 1484 1634 1632
f 1485 1635 1636
f 1486 1636 1637
f 1487 1637 1638
f 1488 1638 1639
f 1489 1639 1642
f 1491 1641 1640
f 1493 1643 1644
f 1494 1644 1645
f 1495 1645 1646
f 1498 1648 1643
f 1496 1646 1647
f 1497 1647 1649
f 1499 1649 1658
f 1500 1650 1648
f 1501 1651 1630
f 1502 1652 1651
f 1503 1653 1654
f 1504 1654 1652
f 1505 1655 1653
f 1506 1656 1655
f 1507 1657 1656
f 1508 1658 1659
f 1509 1659 1661
f 1510 1660 1662
f 1511 1661 1660
f 1512 1662 1663
f 1513 1663 1664
f 1515 1665 1666
f 1518 1668 1665
f 1516 1666 1657
f 1517 1667 1671
f 1519 1669 1668
f 1520 1670 1669
f 1521 1671 1672
f 1523 1673 1748
f 1522 1672 1673
f 1514 1664 1674
f 1524 1674 1667
f 1101 1642 1650
f 1618 1619 1620
f 1618 1620 1622
f 1620 1621 1622
f 1622 1623 1624
f 1622 1624 1625
f 1622 1625 1626
f 1622 1626 1627
f 1631 1640 1634
f 1632 1634 1633
f 1633 1634 1636
f 1633 1636 1635
f 1636 1638 1637
f 1634 1642 1636
f 1636 1642 1638
f 1638 1642 1639
f 1618 1634 1640
f 1618 1640 1641
f 1618 1622 1634
f 1622 1642 1634
f 1622 1627 1642
f 1627 1628 1642
f 1628 1629 1642
f 1629 1630 1642
f 1630 1651 1642
f 1644 1646 1645
f 1642 1651 1652
f 1642 1652 1654
f 1644 1649 1646
f 1646 1649 1647
f 1642 1643 1650
f 1643 1648 1650
f 1642 1654 1653
f 1642 1653 1655
f 1642 1655 1656
f 1642 1656 1657
f 1642 1657 1666
f 1642 1666 1665
f 1642 1665 1668
f 1642 1668 1669
f 1642 1669 1643
f 1644 1660 1649
f 1649 1659 1658
f 1649 1660 1659
f 1643 1673 1644
f 1659 1660 1661
f 1660 1663 1662
f 1644 1673 1660
f 1660 1674 1663
f 1663 1674 1664
f 1643 1669 1673
f 1667 1674 1671
f 1669 1670 1673
f 1670 1747 1673
f 1671 1674 1673
f 1671 1673 1672
f 1660 1673 1674
f 1525 1675 1682
f 1544 1694 1675
f 1527 1677 1676
f 1530 1680 1678
f 1528 1678 1679
f 1526 1676 1680
f 1531 1681 1677
f 1532 1682 1681
f 1529 1679 1683
f 1533 1683 1684
f 1534 1684 1685
f 1535 1685 1690
f 1536 1686 1687
f 1537 1687 1688
f 1538 1688 1689
f 1540 1690 1691
f 1541 1691 1692
f 1542 1692 1686
f 1543 1693 1694
f 1545 1695 1693
f 1546 1696 1695
f 1547 1697 1696
f 1548 1698 1697
f 1549 1699 1698
f 1467 1557 1707
f 1550 1700 1707
f 1551 1701 1700
f 1552 1702 1701
f 1553 1703 1702
f 1554 1704 1703
f 1555 1705 1704
f 1556 1706 1705
f 1558 1708 1716
f 1539 1689 1709
f 1559 1709 1711
f 1561 1711 1710
f 1560 1710 1712
f 1562 1712 1708
f 1564 1714 1713
f 1567 1717 1718
f 1566 1716 1715
f 1565 1715 1717
f 1568 1718 1719
f 1569 1719 1735
f 1570 1720 1714
f 1571 1721 1720
f 1572 1722 1721
f 1605 1759 1723
f 1573 1723 1722
f 1574 1724 1725
f 1575 1725 1706
f 1576 1726 1724
f 1577 1727 1726
f 1563 1713 1727
f 1675 1694 1682
f 1676 1677 1680
f 1678 1680 1679
f 1677 1679 1680
f 1677 1681 1682
f 1677 1682 1694
f 1679 1684 1683
f 1677 1690 1679
f 1679 1690 1684
f 1684 1690 1685
f 1677 1691 1690
f 1677 1692 1691
f 1677 1686 1692
f 1677 1687 1686
f 1677 1688 1687
f 1677 1689 1688
f 1689 1699 1709
f 1699 1711 1709
f 1677 1694 1697
f 1693 1695 1694
f 1694 1695 1697
f 1695 1696 1697
f 1677 1697 1699
f 1697 1698 1699
f 1467 1707 1699
f 1677 1699 1689
f 1699 1700 1711
f 1700 1701 1702
f 1700 1702 1704
f 1702 1703 1704
f 1700 1704 1724
f 1704 1705 1706
f 1704 1706 1724
f 1699 1707 1700
f 1700 1708 1712
f 1700 1716 1708
f 1700 1710 1711
f 1700 1712 1710
f 1700 1724 1723
f 1700 1717 1715
f 1700 1715 1716
f 1700 1718 1717
f 1700 1719 1718
f 1713 1714 1727
f 1719 1723 1735
f 1700 1723 1719
f 1714 1720 1721
f 1714 1723 1724
f 1714 1721 1723
f 1721 1722 1723
f 1706 1725 1724
f 1724 1726 1727
f 1714 1724 1727
f 1579 1729 1728
f 1580 1730 1733
f 1583 1734 1741
f 1584 1735 1737
f 1587 1739 1734
f 1588 1740 1730
f 1589 1741 1740
f 1590 1742 1744
f 1592 1744 1743
f 1593 1745 1746
f 1594 1746 1757
f 1591 1743 1745
f 1595 1747 1670
f 1578 1728 1747
f 1597 1749 1750
f 1596 1748 1749
f 1598 1750 1751
f 1601 1754 1759
f 1604 1758 1754
f 1733 1731 1606
f 1729 1608 1732
f 1737 1736 1609
f 1739 1611 1738
f 1729 1732 1752
f 1730 1753 1733
f 1733 1753 1731
f 1734 1739 1756
f 1734 1756 1741
f 1739 1738 1756
f 1746 1756 1757
f 1730 1740 1756
f 1730 1756 1753
f 1742 1753 1743
f 1742 1743 1744
f 1740 1741 1756
f 1743 1753 1756
f 1743 1746 1745
f 1743 1756 1746
f 1751 1752 1612
f 1742 1614 1753
f 1673 1728 1729
f 1673 1747 1728
f 1673 1729 1752
f 1673 1752 1751
f 1673 1749 1748
f 1673 1751 1749
f 1749 1751 1750
f 1758 1616 1755
f 1757 1756 1617
f 1723 1736 1737
f 1723 1737 1735
f 1754 1758 1736
f 1723 1754 1736
f 1758 1755 1736
f 1723 1759 1754
f 520 521 524
f 520 528 522
f 522 527 523
f 528 526 522
f 524 528 520
f 522 525 527
f 526 525 522
f 587 586 591
f 588 589 592
f 586 588 592
f 593 586 592
f 593 590 586
f 586 590 591
f 527 664 523
f 689 524 521
f 521 663 688
f 688 689 521
f 527 683 664
f 527 690 683
f 716 587 591
f 733 592 589
f 733 589 717
f 728 716 591
f 897 898 896
f 897 899 898
f 897 900 899
f 902 905 901
f 902 903 905
f 905 904 901
f 1019 896 898
f 1022 899 900
f 1039 901 904
f 903 1044 905
f 1019 898 1021
f 900 1024 1022
f 1044 903 1040
f 1043 1039 904
f 1221 1220 1222
f 1221 1222 1225
f 1223 1225 1222
f 1223 1224 1225
f 1284 1283 1286
f 1286 1283 1287
f 1286 1288 1284
f 1284 1288 1285
f 1224 1393 1225
f 1391 1222 1220
f 1391 1220 1389
f 1393 1224 1392
f 1417 1287 1283
f 1285 1288 1413
f 1412 1417 1283
f 1413 1288 1418
f 1607 1614 1608
f 1607 1606 1614
f 1613 1608 1614
f 1610 1609 1616
f 1610 1615 1611
f 1615 1617 1611
f 1613 1612 1608
f 1610 1616 1615
f 1612 1732 1608
f 1606 1753 1614
f 1617 1738 1611
f 1609 1755 1616
f 1753 1606 1731
f 1736 1755 1609
f 1738 1617 1756
f 1732 1612 1752
f 1939 1940 1941
f 1779 1780 1937
f 1777 1778 1779
f 1774 1775 1776
f 1772 1773 1774
f 1768 1769 1770
f 1946 1767 1768
f 1767 1946 1947
f 1925 1766 1767
f 1764 1765 1766
f 1760 1761 1762
f 1923 1924 1760
f 1920 1921 1922
f 1917 1918 1919
f 1913 1914 1915
f 1909 1910 1911
f 1905 1906 1907
f 1901 1902 1903
f 1896 1897 1898
f 1892 1893 1894
f 1887 1888 1889
f 1883 1884 1885
f 1879 1880 1881
f 1875 1876 1877
f 1871 1872 1873
f 1868 1869 1870
f 1865 1866 1867
f 1861 1862 1863
f 1857 1858 1859
f 1853 1854 1855
f 1849 1850 1851
f 1844 1845 1846
f 1841 1842 1843
f 1837 1838 1839
f 1832 1833 1834
f 1829 1830 1831
f 1827 1828 1829
f 1824 1825 1826
f 1822 1823 1824
f 1818 1819 1820
f 1816 1817 1818
f 1811 1812 1813
f 1808 1809 1810
f 1805 1806 1807
f 1800 1801 1802
f 1798 1799 1800
f 1794 1795 1796
f 1792 1793 1794
f 1790 1791 1792
f 1788 1789 1790
f 1954 1786 1787
f 1936 1955 1956
f 1932 1933 1934
f 1784 1785 1929
f 1782 1783 1784
f 1950 1781 1782
f 1958 1951 1952
f 1944 1959 1960
f 1939 1941 1942
f 1777 1779 1937
f 1772 1774 1776
f 1945 1946 1768
f 1928 1925 1767
f 1764 1766 1925
f 1923 1760 1762
f 1919 1920 1922
f 1916 1917 1919
f 1912 1913 1915
f 1908 1909 1911
f 1904 1905 1907
f 1900 1901 1903
f 1895 1896 1898
f 1891 1892 1894
f 1886 1887 1889
f 1882 1883 1885
f 1878 1879 1881
f 1874 1875 1877
f 1870 1871 1873
f 1867 1868 1870
f 1864 1865 1867
f 1860 1861 1863
f 1856 1857 1859
f 1852 1853 1855
f 1848 1849 1851
f 1843 1844 1846
f 1840 1841 1843
f 1836 1837 1839
f 1831 1832 1834
f 1827 1829 1831
f 1822 1824 1826
f 1816 1818 1820
f 1810 1811 1813
f 1807 1808 1810
f 1804 1805 1807
f 1798 1800 1802
f 1792 1794 1796
f 1788 1790 1792
f 1953 1954 1787
f 1935 1936 1956
f 1931 1932 1934
f 1950 1782 1784
f 1957 1958 1952
f 1943 1944 1960
f 1945 1768 1770
f 1928 1767 1947
f 1764 1925 1926
f 1922 1923 1762
f 1916 1919 1922
f 1867 1870 1873
f 1840 1843 1846
f 1827 1831 1834
f 1821 1822 1826
f 1815 1816 1820
f 1807 1810 1813
f 1797 1798 1802
f 1788 1792 1796
f 1949 1950 1784
f 1945 1770 1771
f 1927 1928 1947
f 1763 1764 1926
f 1916 1922 1762
f 1867 1873 1874
f 1840 1846 1847
f 1827 1834 1835
f 1807 1813 1814
f 1788 1796 1797
f 1949 1784 1929
f 1948 1945 1771
f 1916 1762 1763
f 1867 1874 1877
f 1826 1827 1835
f 1804 1807 1814
f 1788 1797 1802
f 1952 1949 1929
f 1916 1763 1926
f 1867 1877 1878
f 1821 1826 1835
f 1803 1804 1814
f 1788 1802 1803
f 1957 1952 1929
f 1916 1926 1927
f 1867 1878 1881
f 1820 1821 1835
f 1788 1803 1814
f 1960 1957 1929
f 1916 1927 1947
f 1867 1881 1882
f 1815 1820 1835
f 1788 1814 1815
f 1943 1960 1929
f 1916 1947 1948
f 1867 1882 1885
f 1815 1835 1836
f 1787 1788 1815
f 1942 1943 1929
f 1916 1948 1771
f 1867 1885 1886
f 1815 1836 1839
f 1953 1787 1815
f 1939 1942 1929
f 1916 1771 1772
f 1867 1886 1889
f 1815 1839 1840
f 1956 1953 1815
f 1938 1939 1929
f 1916 1772 1776
f 1867 1889 1890
f 1935 1956 1815
f 1916 1776 1777
f 1864 1867 1890
f 1934 1935 1815
f 1915 1916 1777
f 1863 1864 1890
f 1931 1934 1815
f 1912 1915 1777
f 1860 1863 1890
f 1930 1931 1815
f 1911 1912 1777
f 1859 1860 1890
f 1930 1815 1840
f 1908 1911 1777
f 1856 1859 1890
f 1929 1930 1840
f 1907 1908 1777
f 1855 1856 1890
f 1938 1929 1840
f 1904 1907 1777
f 1852 1855 1890
f 1937 1938 1840
f 1903 1904 1777
f 1851 1852 1890
f 1937 1840 1847
f 1900 1903 1777
f 1848 1851 1890
f 1899 1900 1777
f 1847 1848 1890
f 1899 1777 1937
f 1937 1847 1890
f 1898 1899 1937
f 1937 1890 1891
f 1895 1898 1937
f 1937 1891 1894
f 1894 1895 1937
f 2142 2141 2140
f 2138 1981 1980
f 1980 1979 1978
f 1977 1976 1975
f 1975 1974 1973
f 1971 1970 1969
f 1969 1968 2147
f 2148 2147 1968
f 1968 1967 2126
f 1967 1966 1965
f 1963 1962 1961
f 1961 2125 2124
f 2123 2122 2121
f 2120 2119 2118
f 2116 2115 2114
f 2112 2111 2110
f 2108 2107 2106
f 2104 2103 2102
f 2099 2098 2097
f 2095 2094 2093
f 2090 2089 2088
f 2086 2085 2084
f 2082 2081 2080
f 2078 2077 2076
f 2074 2073 2072
f 2071 2070 2069
f 2068 2067 2066
f 2064 2063 2062
f 2060 2059 2058
f 2056 2055 2054
f 2052 2051 2050
f 2047 2046 2045
f 2044 2043 2042
f 2040 2039 2038
f 2035 2034 2033
f 2032 2031 2030
f 2030 2029 2028
f 2027 2026 2025
f 2025 2024 2023
f 2021 2020 2019
f 2019 2018 2017
f 2014 2013 2012
f 2011 2010 2009
f 2008 2007 2006
f 2003 2002 2001
f 2001 2000 1999
f 1997 1996 1995
f 1995 1994 1993
f 1993 1992 1991
f 1991 1990 1989
f 1988 1987 2155
f 2157 2156 2137
f 2135 2134 2133
f 2130 1986 1985
f 1985 1984 1983
f 1983 1982 2151
f 2153 2152 2159
f 2161 2160 2145
f 2143 2142 2140
f 2138 1980 1978
f 1977 1975 1973
f 1969 2147 2146
f 1968 2126 2129
f 2126 1967 1965
f 1963 1961 2124
f 2123 2121 2120
f 2120 2118 2117
f 2116 2114 2113
f 2112 2110 2109
f 2108 2106 2105
f 2104 2102 2101
f 2099 2097 2096
f 2095 2093 2092
f 2090 2088 2087
f 2086 2084 2083
f 2082 2080 2079
f 2078 2076 2075
f 2074 2072 2071
f 2071 2069 2068
f 2068 2066 2065
f 2064 2062 2061
f 2060 2058 2057
f 2056 2054 2053
f 2052 2050 2049
f 2047 2045 2044
f 2044 2042 2041
f 2040 2038 2037
f 2035 2033 2032
f 2032 2030 2028
f 2027 2025 2023
f 2021 2019 2017
f 2014 2012 2011
f 2011 2009 2008
f 2008 2006 2005
f 2003 2001 1999
f 1997 1995 1993
f 1993 1991 1989
f 1988 2155 2154
f 2157 2137 2136
f 2135 2133 2132
f 1985 1983 2151
f 2153 2159 2158
f 2161 2145 2144
f 1971 1969 2146
f 2148 1968 2129
f 2127 2126 1965
f 1963 2124 2123
f 2123 2120 2117
f 2074 2071 2068
f 2047 2044 2041
f 2035 2032 2028
f 2027 2023 2022
f 2021 2017 2016
f 2014 2011 2008
f 2003 1999 1998
f 1997 1993 1989
f 1985 2151 2150
f 1972 1971 2146
f 2148 2129 2128
f 2127 1965 1964
f 1963 2123 2117
f 2075 2074 2068
f 2048 2047 2041
f 2036 2035 2028
f 2015 2014 2008
f 1998 1997 1989
f 2130 1985 2150
f 1972 2146 2149
f 1964 1963 2117
f 2078 2075 2068
f 2036 2028 2027
f 2015 2008 2005
f 2003 1998 1989
f 2130 2150 2153
f 2127 1964 2117
f 2079 2078 2068
f 2036 2027 2022
f 2015 2005 2004
f 2004 2003 1989
f 2130 2153 2158
f 2128 2127 2117
f 2082 2079 2068
f 2036 2022 2021
f 2015 2004 1989
f 2130 2158 2161
f 2148 2128 2117
f 2083 2082 2068
f 2036 2021 2016
f 2016 2015 1989
f 2130 2161 2144
f 2149 2148 2117
f 2086 2083 2068
f 2037 2036 2016
f 2016 1989 1988
f 2130 2144 2143
f 1972 2149 2117
f 2087 2086 2068
f 2040 2037 2016
f 2016 1988 2154
f 2130 2143 2140
f 1973 1972 2117
f 2090 2087 2068
f 2041 2040 2016
f 2016 2154 2157
f 2130 2140 2139
f 1977 1973 2117
f 2091 2090 2068
f 2016 2157 2136
f 1978 1977 2117
f 2091 2068 2065
f 2016 2136 2135
f 1978 2117 2116
f 2091 2065 2064
f 2016 2135 2132
f 1978 2116 2113
f 2091 2064 2061
f 2016 2132 2131
f 1978 2113 2112
f 2091 2061 2060
f 2041 2016 2131
f 1978 2112 2109
f 2091 2060 2057
f 2041 2131 2130
f 1978 2109 2108
f 2091 2057 2056
f 2041 2130 2139
f 1978 2108 2105
f 2091 2056 2053
f 2041 2139 2138
f 1978 2105 2104
f 2091 2053 2052
f 2048 2041 2138
f 1978 2104 2101
f 2091 2052 2049
f 1978 2101 2100
f 2091 2049 2048
f 2138 1978 2100
f 2091 2048 2138
f 2138 2100 2099
f 2092 2091 2138
f 2138 2099 2096
f 2095 2092 2138
f 2138 2096 2095
f 1961 1962 1760
f 1760 1962 1761
f 1962 1963 1761
f 1761 1963 1762
f 1963 1964 1762
f 1762 1964 1763
f 1964 1965 1763
f 1763 1965 1764
f 1965 1966 1764
f 1764 1966 1765
f 1966 1967 1765
f 1765 1967 1766
f 1967 1968 1766
f 1766 1968 1767
f 1968 1969 1767
f 1767 1969 1768
f 1969 1970 1768
f 1768 1970 1769
f 1970 1971 1769
f 1769 1971 1770
f 1971 1972 1770
f 1770 1972 1771
f 1972 1973 1771
f 1771 1973 1772
f 1973 1974 1772
f 1772 1974 1773
f 1974 1975 1773
f 1773 1975 1774
f 1975 1976 1774
f 1774 1976 1775
f 1976 1977 1775
f 1775 1977 1776
f 1977 1978 1776
f 1776 1978 1777
f 1978 1979 1777
f 1777 1979 1778
f 1979 1980 1778
f 1778 1980 1779
f 1980 1981 1779
f 1779 1981 1780
f 1982 1983 1781
f 1781 1983 1782
f 1983 1984 1782
f 1782 1984 1783
f 1984 1985 1783
f 1783 1985 1784
f 1985 1986 1784
f 1784 1986 1785
f 1987 1988 1786
f 1786 1988 1787
f 1988 1989 1787
f 1787 1989 1788
f 1989 1990 1788
f 1788 1990 1789
f 1990 1991 1789
f 1789 1991 1790
f 1991 1992 1790
f 1790 1992 1791
f 1992 1993 1791
f 1791 1993 1792
f 1993 1994 1792
f 1792 1994 1793
f 1994 1995 1793
f 1793 1995 1794
f 1995 1996 1794
f 1794 1996 1795
f 1996 1997 1795
f 1795 1997 1796
f 1997 1998 1796
f 1796 1998 1797
f 1998 1999 1797
f 1797 1999 1798
f 1999 2000 1798
f 1798 2000 1799
f 2000 2001 1799
f 1799 2001 1800
f 2001 2002 1800
f 1800 2002 1801
f 2002 2003 1801
f 1801 2003 1802
f 2003 2004 1802
f 1802 2004 1803
f 2004 2005 1803
f 1803 2005 1804
f 2005 2006 1804
f 1804 2006 1805
f 2006 2007 1805
f 1805 2007 1806
f 2007 2008 1806
f 1806 2008 1807
f 2008 2009 1807
f 1807 2009 1808
f 2009 2010 1808
f 1808 2010 1809
f 2010 2011 1809
f 1809 2011 1810
f 2011 2012 1810
f 1810 2012 1811
f 2012 2013 1811
f 1811 2013 1812
f 2013 2014 1812
f 1812 2014 1813
f 2014 2015 1813
f 1813 2015 1814
f 2015 2016 1814
f 1814 2016 1815
f 2016 2017 1815
f 1815 2017 1816
f 2017 2018 1816
f 1816 2018 1817
f 2018 2019 1817
f 1817 2019 1818
f 2019 2020 1818
f 1818 2020 1819
f 2020 2021 1819
f 1819 2021 1820
f 2021 2022 1820
f 1820 2022 1821
f 2022 2023 1821
f 1821 2023 1822
f 2023 2024 1822
f 1822 2024 1823
f 2024 2025 1823
f 1823 2025 1824
f 2025 2026 1824
f 1824 2026 1825
f 2026 2027 1825
f 1825 2027 1826
f 2027 2028 1826
f 1826 2028 1827
f 2028 2029 1827
f 1827 2029 1828
f 2029 2030 1828
f 1828 2030 1829
f 2030 2031 1829
f 1829 2031 1830
f 2031 2032 1830
f 1830 2032 1831
f 2032 2033 1831
f 1831 2033 1832
f 2033 2034 1832
f 1832 2034 1833
f 2034 2035 1833
f 1833 2035 1834
f 2035 2036 1834
f 1834 2036 1835
f 2036 2037 1835
f 1835 2037 1836
f 2037 2038 1836
f 1836 2038 1837
f 2038 2039 1837
f 1837 2039 1838
f 2039 2040 1838
f 1838 2040 1839
f 2040 2041 1839
f 1839 2041 1840
f 2041 2042 1840
f 1840 2042 1841
f 2042 2043 1841
f 1841 2043 1842
f 2043 2044 1842
f 1842 2044 1843
f 2044 2045 1843
f 1843 2045 1844
f 2045 2046 1844
f 1844 2046 1845
f 2046 2047 1845
f 1845 2047 1846
f 2047 2048 1846
f 1846 2048 1847
f 2048 2049 1847
f 1847 2049 1848
f 2049 2050 1848
f 1848 2050 1849
f 2050 2051 1849
f 1849 2051 1850
f 2051 2052 1850
f 1850 2052 1851
f 2052 2053 1851
f 1851 2053 1852
f 2053 2054 1852
f 1852 2054 1853
f 2054 2055 1853
f 1853 2055 1854
f 2055 2056 1854
f 1854 2056 1855
f 2056 2057 1855
f 1855 2057 1856
f 2057 2058 1856
f 1856 2058 1857
f 2058 2059 1857
f 1857 2059 1858
f 2059 2060 1858
f 1858 2060 1859
f 2060 2061 1859
f 1859 2061 1860
f 2061 2062 1860
f 1860 2062 1861
f 2062 2063 1861
f 1861 2063 1862
f 2063 2064 1862
f 1862 2064 1863
f 2064 2065 1863
f 1863 2065 1864
f 2065 2066 1864
f 1864 2066 1865
f 2066 2067 1865
f 1865 2067 1866
f 2067 2068 1866
f 1866 2068 1867
f 2068 2069 1867
f 1867 2069 1868
f 2069 2070 1868
f 1868 2070 1869
f 2070 2071 1869
f 1869 2071 1870
f 2071 2072 1870
f 1870 2072 1871
f 2072 2073 1871
f 1871 2073 1872
f 2073 2074 1872
f 1872 2074 1873
f 2074 2075 1873
f 1873 2075 1874
f 2075 2076 1874
f 1874 2076 1875
f 2076 2077 1875
f 1875 2077 1876
f 2077 2078 1876
f 1876 2078 1877
f 2078 2079 1877
f 1877 2079 1878
f 2079 2080 1878
f 1878 2080 1879
f 2080 2081 1879
f 1879 2081 1880
f 2081 2082 1880
f 1880 2082 1881
f 2082 2083 1881
f 1881 2083 1882
f 2083 2084 1882
f 1882 2084 1883
f 2084 2085 1883
f 1883 2085 1884
f 2085 2086 1884
f 1884 2086 1885
f 2086 2087 1885
f 1885 2087 1886
f 2087 2088 1886
f 1886 2088 1887
f 2088 2089 1887
f 1887 2089 1888
f 2089 2090 1888
f 1888 2090 1889
f 2090 2091 1889
f 1889 2091 1890
f 2091 2092 1890
f 1890 2092 1891
f 2092 2093 1891
f 1891 2093 1892
f 2093 2094 1892
f 1892 2094 1893
f 2094 2095 1893
f 1893 2095 1894
f 2095 2096 1894
f 1894 2096 1895
f 2096 2097 1895
f 1895 2097 1896
f 2097 2098 1896
f 1896 2098 1897
f 2098 2099 1897
f 1897 2099 1898
f 2099 2100 1898
f 1898 2100 1899
f 2100 2101 1899
f 1899 2101 1900
f 2101 2102 1900
f 1900 2102 1901
f 2102 2103 1901
f 1901 2103 1902
f 2103 2104 1902
f 1902 2104 1903
f 2104 2105 1903
f 1903 2105 1904
f 2105 2106 1904
f 1904 2106 1905
f 2106 2107 1905
f 1905 2107 1906
f 2107 2108 1906
f 1906 2108 1907
f 2108 2109 1907
f 1907 2109 1908
f 2109 2110 1908
f 1908 2110 1909
f 2110 2111 1909
f 1909 2111 1910
f 2111 2112 1910
f 1910 2112 1911
f 2112 2113 1911
f 1911 2113 1912
f 2113 2114 1912
f 1912 2114 1913
f 2114 2115 1913
f 1913 2115 1914
f 2115 2116 1914
f 1914 2116 1915
f 2116 2117 1915
f 1915 2117 1916
f 2117 2118 1916
f 1916 2118 1917
f 2118 2119 1917
f 1917 2119 1918
f 2119 2120 1918
f 1918 2120 1919
f 2120 2121 1919
f 1919 2121 1920
f 2121 2122 1920
f 1920 2122 1921
f 2122 2123 1921
f 1921 2123 1922
f 2123 2124 1922
f 1922 2124 1923
f 2125 1961 1924
f 1924 1961 1760
f 2124 2125 1923
f 1923 2125 1924
f 2126 2127 1925
f 1925 2127 1926
f 2127 2128 1926
f 1926 2128 1927
f 2129 2126 1928
f 1928 2126 1925
f 2128 2129 1927
f 1927 2129 1928
f 1986 2130 1785
f 1785 2130 1929
f 2130 2131 1929
f 1929 2131 1930
f 2131 2132 1930
f 1930 2132 1931
f 2132 2133 1931
f 1931 2133 1932
f 2133 2134 1932
f 1932 2134 1933
f 2134 2135 1933
f 1933 2135 1934
f 2135 2136 1934
f 1934 2136 1935
f 2136 2137 1935
f 1935 2137 1936
f 1981 2138 1780
f 1780 2138 1937
f 2138 2139 1937
f 1937 2139 1938
f 2139 2140 1938
f 1938 2140 1939
f 2140 2141 1939
f 1939 2141 1940
f 2141 2142 1940
f 1940 2142 1941
f 2142 2143 1941
f 1941 2143 1942
f 2143 2144 1942
f 1942 2144 1943
f 2144 2145 1943
f 1943 2145 1944
f 2146 2147 1945
f 1945 2147 1946
f 2147 2148 1946
f 1946 2148 1947
f 2149 2146 1948
f 1948 2146 1945
f 2148 2149 1947
f 1947 2149 1948
f 2151 1982 1950
f 1950 1982 1781
f 2150 2151 1949
f 1949 2151 1950
f 2153 2150 1952
f 1952 2150 1949
f 2152 2153 1951
f 1951 2153 1952
f 2155 1987 1954
f 1954 1987 1786
f 2154 2155 1953
f 1953 2155 1954
f 2137 2156 1936
f 1936 2156 1955
f 2157 2154 1956
f 1956 2154 1953
f 2156 2157 1955
f 1955 2157 1956
f 2159 2152 1958
f 1958 2152 1951
f 2158 2159 1957
f 1957 2159 1958
f 2145 2160 1944
f 1944 2160 1959
f 2161 2158 1960
f 1960 2158 1957
f 2160 2161 1959
f 1959 2161 1960
f 2165 2166 2162
f 2163 2164 2165
f 2165 2162 2163
f 2167 2171 2170
f 2170 2169 2168
f 2168 2167 2170
f 2167 2168 2162
f 2162 2168 2163
f 2168 2169 2163
f 2163 2169 2164
f 2169 2170 2164
f 2164 2170 2165
f 2171 2167 2166
f 2166 2167 2162
f 2170 2171 2165
f 2165 2171 2166
f 2176 2177 2172
f 2174 2175 2176
f 2172 2173 2174
f 2174 2176 2172
f 2178 2183 2182
f 2182 2181 2180
f 2180 2179 2178
f 2178 2182 2180
f 2178 2179 2172
f 2172 2179 2173
f 2179 2180 2173
f 2173 2180 2174
f 2180 2181 2174
f 2174 2181 2175
f 2181 2182 2175
f 2175 2182 2176
f 2183 2178 2177
f 2177 2178 2172
f 2182 2183 2176
f 2176 2183 2177
f 2220 2221 2222
f 2217 2218 2219
f 2213 2214 2215
f 2209 2210 2211
f 2205 2206 2207
f 2202 2203 2204
f 2199 2200 2201
f 2197 2198 2199
f 2193 2194 2195
f 2189 2190 2191
f 2187 2188 2189
f 2184 2185 2186
f 2219 2220 2222
f 2216 2217 2219
f 2212 2213 2215
f 2208 2209 2211
f 2204 2205 2207
f 2201 2202 2204
f 2197 2199 2201
f 2192 2193 2195
f 2187 2189 2191
f 2222 2184 2186
f 2216 2219 2222
f 2201 2204 2207
f 2196 2197 2201
f 2216 2222 2186
f 2201 2207 2208
f 2216 2186 2187
f 2201 2208 2211
f 2216 2187 2191
f 2201 2211 2212
f 2216 2191 2192
f 2201 2212 2215
f 2216 2192 2195
f 2201 2215 2216
f 2216 2195 2196
f 2196 2201 2216
f 2261 2260 2259
f 2258 2257 2256
f 2254 2253 2252
f 2250 2249 2248
f 2246 2245 2244
f 2243 2242 2241
f 2240 2239 2238
f 2238 2237 2236
f 2234 2233 2232
f 2230 2229 2228
f 2228 2227 2226
f 2225 2224 2223
f 2261 2259 2258
f 2258 2256 2255
f 2254 2252 2251
f 2250 2248 2247
f 2246 2244 2243
f 2243 2241 2240
f 2240 2238 2236
f 2234 2232 2231
f 2230 2228 2226
f 2225 2223 2261
f 2261 2258 2255
f 2246 2243 2240
f 2240 2236 2235
f 2225 2261 2255
f 2247 2246 2240
f 2226 2225 2255
f 2250 2247 2240
f 2230 2226 2255
f 2251 2250 2240
f 2231 2230 2255
f 2254 2251 2240
f 2234 2231 2255
f 2255 2254 2240
f 2235 2234 2255
f 2255 2240 2235
f 2223 2224 2184
f 2184 2224 2185
f 2224 2225 2185
f 2185 2225 2186
f 2225 2226 2186
f 2186 2226 2187
f 2226 2227 2187
f 2187 2227 2188
f 2227 2228 2188
f 2188 2228 2189
f 2228 2229 2189
f 2189 2229 2190
f 2229 2230 2190
f 2190 2230 2191
f 2230 2231 2191
f 2191 2231 2192
f 2231 2232 2192
f 2192 2232 2193
f 2232 2233 2193
f 2193 2233 2194
f 2233 2234 2194
f 2194 2234 2195
f 2234 2235 2195
f 2195 2235 2196
f 2235 2236 2196
f 2196 2236 2197
f 2236 2237 2197
f 2197 2237 2198
f 2237 2238 2198
f 2198 2238 2199
f 2238 2239 2199
f 2199 2239 2200
f 2239 2240 2200
f 2200 2240 2201
f 2240 2241 2201
f 2201 2241 2202
f 2241 2242 2202
f 2202 2242 2203
f 2242 2243 2203
f 2203 2243 2204
f 2243 2244 2204
f 2204 2244 2205
f 2244 2245 2205
f 2205 2245 2206
f 2245 2246 2206
f 2206 2246 2207
f 2246 2247 2207
f 2207 2247 2208
f 2247 2248 2208
f 2208 2248 2209
f 2248 2249 2209
f 2209 2249 2210
f 2249 2250 2210
f 2210 2250 2211
f 2250 2251 2211
f 2211 2251 2212
f 2251 2252 2212
f 2212 2252 2213
f 2252 2253 2213
f 2213 2253 2214
f 2253 2254 2214
f 2214 2254 2215
f 2254 2255 2215
f 2215 2255 2216
f 2255 2256 2216
f 2216 2256 2217
f 2256 2257 2217
f 2217 2257 2218
f 2257 2258 2218
f 2218 2258 2219
f 2258 2259 2219
f 2219 2259 2220
f 2259 2260 2220
f 2220 2260 2221
f 2261 2223 2222
f 2222 2223 2184
f 2260 2261 2221
f 2221 2261 2222
f 2264 2265 2262
f 2262 2263 2264
f 2266 2269 2268
f 2268 2267 2266
f 2266 2267 2262
f 2262 2267 2263
f 2267 2268 2263
f 2263 2268 2264
f 2269 2266 2265
f 2265 2266 2262
f 2268 2269 2264
f 2264 2269 2265
f 2272 2273 2270
f 2270 2271 2272
f 2274 2277 2276
f 2276 2275 2274
f 2274 2275 2270
f 2270 2275 2271
f 2275 2276 2271
f 2271 2276 2272
f 2277 2274 2273
f 2273 2274 2270
f 2276 2277 2272
f 2272 2277 2273
f 2280 2281 2278
f 2278 2279 2280
f 2282 2285 2284
f 2284 2283 2282
f 2282 2283 2278
f 2278 2283 2279
f 2283 2284 2279
f 2279 2284 2280
f 2285 2282 2281
f 2281 2282 2278
f 2284 2285 2280
f 2280 2285 2281
f 2307 2308 2286
f 2305 2306 2307
f 2301 2302 2303
f 2298 2299 2300
f 2295 2296 2297
f 2293 2294 2295
f 2289 2290 2291
f 2287 2288 2289
f 2307 2286 2287
f 2304 2305 2307
f 2300 2301 2303
f 2297 2298 2300
f 2293 2295 2297
f 2287 2289 2291
f 2304 2307 2287
f 2297 2300 2303
f 2292 2293 2297
f 2304 2287 2291
f 2297 2303 2304
f 2304 2291 2292
f 2292 2297 2304
f 2309 2331 2330
f 2330 2329 2328
f 2326 2325 2324
f 2323 2322 2321
f 2320 2319 2318
f 2318 2317 2316
f 2314 2313 2312
f 2312 2311 2310
f 2310 2309 2330
f 2330 2328 2327
f 2326 2324 2323
f 2323 2321 2320
f 2320 2318 2316
f 2314 2312 2310
f 2310 2330 2327
f 2326 2323 2320
f 2320 2316 2315
f 2314 2310 2327
f 2327 2326 2320
f 2315 2314 2327
f 2327 2320 2315
f 2309 2310 2286
f 2286 2310 2287
f 2310 2311 2287
f 2287 2311 2288
f 2311 2312 2288
f 2288 2312 2289
f 2312 2313 2289
f 2289 2313 2290
f 2313 2314 2290
f 2290 2314 2291
f 2314 2315 2291
f 2291 2315 2292
f 2315 2316 2292
f 2292 2316 2293
f 2316 2317 2293
f 2293 2317 2294
f 2317 2318 2294
f 2294 2318 2295
f 2318 2319 2295
f 2295 2319 2296
f 2319 2320 2296
f 2296 2320 2297
f 2320 2321 2297
f 2297 2321 2298
f 2321 2322 2298
f 2298 2322 2299
f 2322 2323 2299
f 2299 2323 2300
f 2323 2324 2300
f 2300 2324 2301
f 2324 2325 2301
f 2301 2325 2302
f 2325 2326 2302
f 2302 2326 2303
f 2326 2327 2303
f 2303 2327 2304
f 2327 2328 2304
f 2304 2328 2305
f 2328 2329 2305
f 2305 2329 2306
f 2329 2330 2306
f 2306 2330 2307
f 2331 2309 2308
f 2308 2309 2286
f 2330 2331 2307
f 2307 2331 2308
f 2340 2341 2332
f 2336 2337 2338
f 2340 2332 2333
f 2335 2336 2338
f 2340 2333 2334
f 2335 2338 2339
f 2339 2340 2334
f 2334 2335 2339
f 2342 2351 2350
f 2348 2347 2346
f 2343 2342 2350
f 2348 2346 2345
f 2344 2343 2350
f 2349 2348 2345
f 2344 2350 2349
f 2349 2345 2344
f 2342 2343 2332
f 2332 2343 2333
f 2343 2344 2333
f 2333 2344 2334
f 2344 2345 2334
f 2334 2345 2335
f 2345 2346 2335
f 2335 2346 2336
f 2346 2347 2336
f 2336 2347 2337
f 2347 2348 2337
f 2337 2348 2338
f 2348 2349 2338
f 2338 2349 2339
f 2349 2350 2339
f 2339 2350 2340
f 2351 2342 2341
f 2341 2342 2332
f 2350 2351 2340
f 2340 2351 2341
f 2360 2361 2352
f 2356 2357 2358
f 2360 2352 2353
f 2355 2356 2358
f 2360 2353 2354
f 2355 2358 2359
f 2359 2360 2354
f 2354 2355 2359
f 2362 2371 2370
f 2368 2367 2366
f 2363 2362 2370
f 2368 2366 2365
f 2364 2363 2370
f 2369 2368 2365
f 2364 2370 2369
f 2369 2365 2364
f 2362 2363 2352
f 2352 2363 2353
f 2363 2364 2353
f 2353 2364 2354
f 2364 2365 2354
f 2354 2365 2355
f 2365 2366 2355
f 2355 2366 2356
f 2366 2367 2356
f 2356 2367 2357
f 2367 2368 2357
f 2357 2368 2358
f 2368 2369 2358
f 2358 2369 2359
f 2369 2370 2359
f 2359 2370 2360
f 2371 2362 2361
f 2361 2362 2352
f 2370 2371 2360
f 2360 2371 2361
f 2380 2381 2372
f 2376 2377 2378
f 2380 2372 2373
f 2375 2376 2378
f 2380 2373 2374
f 2375 2378 2379
f 2379 2380 2374
f 2374 2375 2379
f 2382 2391 2390
f 2388 2387 2386
f 2383 2382 2390
f 2388 2386 2385
f 2384 2383 2390
f 2389 2388 2385
f 2384 2390 2389
f 2389 2385 2384
f 2382 2383 2372
f 2372 2383 2373
f 2383 2384 2373
f 2373 2384 2374
f 2384 2385 2374
f 2374 2385 2375
f 2385 2386 2375
f 2375 2386 2376
f 2386 2387 2376
f 2376 2387 2377
f 2387 2388 2377
f 2377 2388 2378
f 2388 2389 2378
f 2378 2389 2379
f 2389 2390 2379
f 2379 2390 2380
f 2391 2382 2381
f 2381 2382 2372
f 2390 2391 2380
f 2380 2391 2381
f 2400 2401 2392
f 2396 2397 2398
f 2400 2392 2393
f 2395 2396 2398
f 2400 2393 2394
f 2395 2398 2399
f 2399 2400 2394
f 2394 2395 2399
f 2402 2411 2410
f 2408 2407 2406
f 2403 2402 2410
f 2408 2406 2405
f 2404 2403 2410
f 2409 2408 2405
f 2404 2410 2409
f 2409 2405 2404
f 2402 2403 2392
f 2392 2403 2393
f 2403 2404 2393
f 2393 2404 2394
f 2404 2405 2394
f 2394 2405 2395
f 2405 2406 2395
f 2395 2406 2396
f 2406 2407 2396
f 2396 2407 2397
f 2407 2408 2397
f 2397 2408 2398
f 2408 2409 2398
f 2398 2409 2399
f 2409 2410 2399
f 2399 2410 2400
f 2411 2402 2401
f 2401 2402 2392
f 2410 2411 2400
f 2400 2411 2401
f 2413 2412 2481
f 2415 2414 2413
f 2417 2416 2415
f 2480 2479 2478
f 2418 2417 2415
f 2480 2478 2477
f 2419 2418 2415
f 2480 2477 2476
f 2420 2419 2415
f 2480 2476 2475
f 2420 2415 2413
f 2480 2475 2474
f 2421 2420 2413
f 2480 2474 2473
f 2422 2421 2413
f 2480 2473 2472
f 2423 2422 2413
f 2480 2472 2471
f 2424 2423 2413
f 2480 2471 2470
f 2425 2424 2413
f 2480 2470 2469
f 2426 2425 2413
f 2480 2469 2468
f 2427 2426 2413
f 2481 2480 2468
f 2428 2427 2413
f 2481 2468 2467
f 2429 2428 2413
f 2481 2467 2466
f 2430 2429 2413
f 2481 2466 2465
f 2431 2430 2413
f 2481 2465 2464
f 2432 2431 2413
f 2481 2464 2463
f 2433 2432 2413
f 2481 2463 2462
f 2434 2433 2413
f 2481 2462 2461
f 2435 2434 2413
f 2481 2461 2460
f 2436 2435 2413
f 2481 2460 2459
f 2437 2436 2413
f 2481 2459 2458
f 2438 2437 2413
f 2413 2481 2458
f 2439 2438 2413
f 2413 2458 2457
f 2440 2439 2413
f 2413 2457 2456
f 2441 2440 2413
f 2413 2456 2455
f 2442 2441 2413
f 2413 2455 2454
f 2443 2442 2413
f 2413 2454 2453
f 2444 2443 2413
f 2413 2453 2452
f 2445 2444 2413
f 2413 2452 2451
f 2446 2445 2413
f 2413 2451 2450
f 2447 2446 2413
f 2413 2450 2449
f 2448 2447 2413
f 2413 2449 2448
f 2551 2482 2483
f 2483 2484 2485
f 2485 2486 2487
f 2548 2549 2550
f 2485 2487 2488
f 2547 2548 2550
f 2485 2488 2489
f 2546 2547 2550
f 2485 2489 2490
f 2545 2546 2550
f 2483 2485 2490
f 2544 2545 2550
f 2483 2490 2491
f 2543 2544 2550
f 2483 2491 2492
f 2542 2543 2550
f 2483 2492 2493
f 2541 2542 2550
f 2483 2493 2494
f 2540 2541 2550
f 2483 2494 2495
f 2539 2540 2550
f 2483 2495 2496
f 2538 2539 2550
f 2483 2496 2497
f 2538 2550 2551
f 2483 2497 2498
f 2537 2538 2551
f 2483 2498 2499
f 2536 2537 2551
f 2483 2499 2500
f 2535 2536 2551
f 2483 2500 2501
f 2534 2535 2551
f 2483 2501 2502
f 2533 2534 2551
f 2483 2502 2503
f 2532 2533 2551
f 2483 2503 2504
f 2531 2532 2551
f 2483 2504 2505
f 2530 2531 2551
f 2483 2505 2506
f 2529 2530 2551
f 2483 2506 2507
f 2528 2529 2551
f 2483 2507 2508
f 2528 2551 2483
f 2483 2508 2509
f 2527 2528 2483
f 2483 2509 2510
f 2526 2527 2483
f 2483 2510 2511
f 2525 2526 2483
f 2483 2511 2512
f 2524 2525 2483
f 2483 2512 2513
f 2523 2524 2483
f 2483 2513 2514
f 2522 2523 2483
f 2483 2514 2515
f 2521 2522 2483
f 2483 2515 2516
f 2520 2521 2483
f 2483 2516 2517
f 2519 2520 2483
f 2483 2517 2518
f 2518 2519 2483
f 2483 2482 2413
f 2413 2482 2412
f 2484 2483 2414
f 2414 2483 2413
f 2485 2484 2415
f 2415 2484 2414
f 2486 2485 2416
f 2416 2485 2415
f 2487 2486 2417
f 2417 2486 2416
f 2488 2487 2418
f 2418 2487 2417
f 2489 2488 2419
f 2419 2488 2418
f 2490 2489 2420
f 2420 2489 2419
f 2491 2490 2421
f 2421 2490 2420
f 2492 2491 2422
f 2422 2491 2421
f 2493 2492 2423
f 2423 2492 2422
f 2494 2493 2424
f 2424 2493 2423
f 2495 2494 2425
f 2425 2494 2424
f 2496 2495 2426
f 2426 2495 2425
f 2497 2496 2427
f 2427 2496 2426
f 2498 2497 2428
f 2428 2497 2427
f 2499 2498 2429
f 2429 2498 2428
f 2500 2499 2430
f 2430 2499 2429
f 2501 2500 2431
f 2431 2500 2430
f 2502 2501 2432
f 2432 2501 2431
f 2503 2502 2433
f 2433 2502 2432
f 2504 2503 2434
f 2434 2503 2433
f 2505 2504 2435
f 2435 2504 2434
f 2506 2505 2436
f 2436 2505 2435
f 2507 2506 2437
f 2437 2506 2436
f 2508 2507 2438
f 2438 2507 2437
f 2509 2508 2439
f 2439 2508 2438
f 2510 2509 2440
f 2440 2509 2439
f 2511 2510 2441
f 2441 2510 2440
f 2512 2511 2442
f 2442 2511 2441
f 2513 2512 2443
f 2443 2512 2442
f 2514 2513 2444
f 2444 2513 2443
f 2515 2514 2445
f 2445 2514 2444
f 2516 2515 2446
f 2446 2515 2445
f 2517 2516 2447
f 2447 2516 2446
f 2518 2517 2448
f 2448 2517 2447
f 2519 2518 2449
f 2449 2518 2448
f 2520 2519 2450
f 2450 2519 2449
f 2521 2520 2451
f 2451 2520 2450
f 2522 2521 2452
f 2452 2521 2451
f 2523 2522 2453
f 2453 2522 2452
f 2524 2523 2454
f 2454 2523 2453
f 2525 2524 2455
f 2455 2524 2454
f 2526 2525 2456
f 2456 2525 2455
f 2527 2526 2457
f 2457 2526 2456
f 2528 2527 2458
f 2458 2527 2457
f 2529 2528 2459
f 2459 2528 2458
f 2530 2529 2460
f 2460 2529 2459
f 2531 2530 2461
f 2461 2530 2460
f 2532 2531 2462
f 2462 2531 2461
f 2533 2532 2463
f 2463 2532 2462
f 2534 2533 2464
f 2464 2533 2463
f 2535 2534 2465
f 2465 2534 2464
f 2536 2535 2466
f 2466 2535 2465
f 2537 2536 2467
f 2467 2536 2466
f 2538 2537 2468
f 2468 2537 2467
f 2539 2538 2469
f 2469 2538 2468
f 2540 2539 2470
f 2470 2539 2469
f 2541 2540 2471
f 2471 2540 2470
f 2542 2541 2472
f 2472 2541 2471
f 2543 2542 2473
f 2473 2542 2472
f 2544 2543 2474
f 2474 2543 2473
f 2545 2544 2475
f 2475 2544 2474
f 2546 2545 2476
f 2476 2545 2475
f 2547 2546 2477
f 2477 2546 2476
f 2548 2547 2478
f 2478 2547 2477
f 2549 2548 2479
f 2479 2548 2478
f 2550 2549 2480
f 2480 2549 2479
f 2482 2551 2412
f 2412 2551 2481
f 2551 2550 2481
f 2481 2550 2480
f 2553 2552 2621
f 2555 2554 2553
f 2557 2556 2555
f 2620 2619 2618
f 2558 2557 2555
f 2620 2618 2617
f 2559 2558 2555
f 2620 2617 2616
f 2560 2559 2555
f 2620 2616 2615
f 2560 2555 2553
f 2620 2615 2614
f 2561 2560 2553
f 2620 2614 2613
f 2562 2561 2553
f 2620 2613 2612
f 2563 2562 2553
f 2620 2612 2611
f 2564 2563 2553
f 2620 2611 2610
f 2565 2564 2553
f 2620 2610 2609
f 2566 2565 2553
f 2620 2609 2608
f 2567 2566 2553
f 2621 2620 2608
f 2568 2567 2553
f 2621 2608 2607
f 2569 2568 2553
f 2621 2607 2606
f 2570 2569 2553
f 2621 2606 2605
f 2571 2570 2553
f 2621 2605 2604
f 2572 2571 2553
f 2621 2604 2603
f 2573 2572 2553
f 2621 2603 2602
f 2574 2573 2553
f 2621 2602 2601
f 2575 2574 2553
f 2621 2601 2600
f 2576 2575 2553
f 2621 2600 2599
f 2577 2576 2553
f 2621 2599 2598
f 2578 2577 2553
f 2553 2621 2598
f 2579 2578 2553
f 2553 2598 2597
f 2580 2579 2553
f 2553 2597 2596
f 2581 2580 2553
f 2553 2596 2595
f 2582 2581 2553
f 2553 2595 2594
f 2583 2582 2553
f 2553 2594 2593
f 2584 2583 2553
f 2553 2593 2592
f 2585 2584 2553
f 2553 2592 2591
f 2586 2585 2553
f 2553 2591 2590
f 2587 2586 2553
f 2553 2590 2589
f 2588 2587 2553
f 2553 2589 2588
f 2691 2622 2623
f 2623 2624 2625
f 2625 2626 2627
f 2688 2689 2690
f 2625 2627 2628
f 2687 2688 2690
f 2625 2628 2629
f 2686 2687 2690
f 2625 2629 2630
f 2685 2686 2690
f 2623 2625 2630
f 2684 2685 2690
f 2623 2630 2631
f 2683 2684 2690
f 2623 2631 2632
f 2682 2683 2690
f 2623 2632 2633
f 2681 2682 2690
f 2623 2633 2634
f 2680 2681 2690
f 2623 2634 2635
f 2679 2680 2690
f 2623 2635 2636
f 2678 2679 2690
f 2623 2636 2637
f 2678 2690 2691
f 2623 2637 2638
f 2677 2678 2691
f 2623 2638 2639
f 2676 2677 2691
f 2623 2639 2640
f 2675 2676 2691
f 2623 2640 2641
f 2674 2675 2691
f 2623 2641 2642
f 2673 2674 2691
f 2623 2642 2643
f 2672 2673 2691
f 2623 2643 2644
f 2671 2672 2691
f 2623 2644 2645
f 2670 2671 2691
f 2623 2645 2646
f 2669 2670 2691
f 2623 2646 2647
f 2668 2669 2691
f 2623 2647 2648
f 2668 2691 2623
f 2623 2648 2649
f 2667 2668 2623
f 2623 2649 2650
f 2666 2667 2623
f 2623 2650 2651
f 2665 2666 2623
f 2623 2651 2652
f 2664 2665 2623
f 2623 2652 2653
f 2663 2664 2623
f 2623 2653 2654
f 2662 2663 2623
f 2623 2654 2655
f 2661 2662 2623
f 2623 2655 2656
f 2660 2661 2623
f 2623 2656 2657
f 2659 2660 2623
f 2623 2657 2658
f 2658 2659 2623
f 2623 2622 2553
f 2553 2622 2552
f 2624 2623 2554
f 2554 2623 2553
f 2625 2624 2555
f 2555 2624 2554
f 2626 2625 2556
f 2556 2625 2555
f 2627 2626 2557
f 2557 2626 2556
f 2628 2627 2558
f 2558 2627 2557
f 2629 2628 2559
f 2559 2628 2558
f 2630 2629 2560
f 2560 2629 2559
f 2631 2630 2561
f 2561 2630 2560
f 2632 2631 2562
f 2562 2631 2561
f 2633 2632 2563
f 2563 2632 2562
f 2634 2633 2564
f 2564 2633 2563
f 2635 2634 2565
f 2565 2634 2564
f 2636 2635 2566
f 2566 2635 2565
f 2637 2636 2567
f 2567 2636 2566
f 2638 2637 2568
f 2568 2637 2567
f 2639 2638 2569
f 2569 2638 2568
f 2640 2639 2570
f 2570 2639 2569
f 2641 2640 2571
f 2571 2640 2570
f 2642 2641 2572
f 2572 2641 2571
f 2643 2642 2573
f 2573 2642 2572
f 2644 2643 2574
f 2574 2643 2573
f 2645 2644 2575
f 2575 2644 2574
f 2646 2645 2576
f 2576 2645 2575
f 2647 2646 2577
f 2577 2646 2576
f 2648 2647 2578
f 2578 2647 2577
f 2649 2648 2579
f 2579 2648 2578
f 2650 2649 2580
f 2580 2649 2579
f 2651 2650 2581
f 2581 2650 2580
f 2652 2651 2582
f 2582 2651 2581
f 2653 2652 2583
f 2583 2652 2582
f 2654 2653 2584
f 2584 2653 2583
f 2655 2654 2585
f 2585 2654 2584
f 2656 2655 2586
f 2586 2655 2585
f 2657 2656 2587
f 2587 2656 2586
f 2658 2657 2588
f 2588 2657 2587
f 2659 2658 2589
f 2589 2658 2588
f 2660 2659 2590
f 2590 2659 2589
f 2661 2660 2591
f 2591 2660 2590
f 2662 2661 2592
f 2592 2661 2591
f 2663 2662 2593
f 2593 2662 2592
f 2664 2663 2594
f 2594 2663 2593
f 2665 2664 2595
f 2595 2664 2594
f 2666 2665 2596
f 2596 2665 2595
f 2667 2666 2597
f 2597 2666 2596
f 2668 2667 2598
f 2598 2667 2597
f 2669 2668 2599
f 2599 2668 2598
f 2670 2669 2600
f 2600 2669 2599
f 2671 2670 2601
f 2601 2670 2600
f 2672 2671 2602
f 2602 2671 2601
f 2673 2672 2603
f 2603 2672 2602
f 2674 2673 2604
f 2604 2673 2603
f 2675 2674 2605
f 2605 2674 2604
f 2676 2675 2606
f 2606 2675 2605
f 2677 2676 2607
f 2607 2676 2606
f 2678 2677 2608
f 2608 2677 2607
f 2679 2678 2609
f 2609 2678 2608
f 2680 2679 2610
f 2610 2679 2609
f 2681 2680 2611
f 2611 2680 2610
f 2682 2681 2612
f 2612 2681 2611
f 2683 2682 2613
f 2613 2682 2612
f 2684 2683 2614
f 2614 2683 2613
f 2685 2684 2615
f 2615 2684 2614
f 2686 2685 2616
f 2616 2685 2615
f 2687 2686 2617
f 2617 2686 2616
f 2688 2687 2618
f 2618 2687 2617
f 2689 2688 2619
f 2619 2688 2618
f 2690 2689 2620
f 2620 2689 2619
f 2622 2691 2552
f 2552 2691 2621
f 2691 2690 2621
f 2621 2690 2620
f 2693 2692 2694
f 2697 2695 2696
f 2696 2695 2693
f 2693 2695 2692
f 2695 2697 2692
f 2692 2697 2694
f 2697 2696 2694
f 2694 2696 2693
f 2699 2698 2700
f 2703 2701 2702
f 2702 2701 2699
f 2699 2701 2698
f 2701 2703 2698
f 2698 2703 2700
f 2703 2702 2700
f 2700 2702 2699
f 2768 2769 2704
f 2766 2767 2768
f 2751 2752 2753
f 2735 2736 2737
f 2733 2734 2735
f 2731 2732 2733
f 2729 2730 2731
f 2727 2728 2729
f 2725 2726 2727
f 2723 2724 2725
f 2721 2722 2723
f 2718 2719 2720
f 2715 2716 2717
f 2713 2714 2715
f 2711 2712 2713
f 2709 2710 2711
f 2707 2708 2709
f 2705 2706 2707
f 2768 2704 2705
f 2765 2766 2768
f 2750 2751 2753
f 2735 2737 2738
f 2731 2733 2735
f 2727 2729 2731
f 2723 2725 2727
f 2720 2721 2723
f 2717 2718 2720
f 2713 2715 2717
f 2709 2711 2713
f 2705 2707 2709
f 2765 2768 2705
f 2735 2738 2739
f 2727 2731 2735
f 2720 2723 2727
f 2713 2717 2720
f 2705 2709 2713
f 2764 2765 2705
f 2735 2739 2740
f 2720 2727 2735
f 2705 2713 2720
f 2763 2764 2705
f 2735 2740 2741
f 2762 2763 2705
f 2735 2741 2742
f 2761 2762 2705
f 2735 2742 2743
f 2760 2761 2705
f 2735 2743 2744
f 2759 2760 2705
f 2720 2735 2744
f 2759 2705 2720
f 2720 2744 2745
f 2758 2759 2720
f 2720 2745 2746
f 2757 2758 2720
f 2720 2746 2747
f 2756 2757 2720
f 2720 2747 2748
f 2755 2756 2720
f 2720 2748 2749
f 2754 2755 2720
f 2720 2749 2750
f 2753 2754 2720
f 2720 2750 2753
f 2770 2835 2834
f 2834 2833 2832
f 2819 2818 2817
f 2803 2802 2801
f 2801 2800 2799
f 2799 2798 2797
f 2797 2796 2795
f 2795 2794 2793
f 2793 2792 2791
f 2791 2790 2789
f 2789 2788 2787
f 2786 2785 2784
f 2783 2782 2781
f 2781 2780 2779
f 2779 2778 2777
f 2777 2776 2775
f 2775 2774 2773
f 2773 2772 2771
f 2771 2770 2834
f 2834 2832 2831
f 2819 2817 2816
f 2804 2803 2801
f 2801 2799 2797
f 2797 2795 2793
f 2793 2791 2789
f 2789 2787 2786
f 2786 2784 2783
f 2783 2781 2779
f 2779 2777 2775
f 2775 2773 2771
f 2771 2834 2831
f 2805 2804 2801
f 2801 2797 2793
f 2793 2789 2786
f 2786 2783 2779
f 2779 2775 2771
f 2771 2831 2830
f 2806 2805 2801
f 2801 2793 2786
f 2786 2779 2771
f 2771 2830 2829
f 2807 2806 2801
f 2771 2829 2828
f 2808 2807 2801
f 2771 2828 2827
f 2809 2808 2801
f 2771 2827 2826
f 2810 2809 2801
f 2771 2826 2825
f 2810 2801 2786
f 2786 2771 2825
f 2811 2810 2786
f 2786 2825 2824
f 2812 2811 2786
f 2786 2824 2823
f 2813 2812 2786
f 2786 2823 2822
f 2814 2813 2786
f 2786 2822 2821
f 2815 2814 2786
f 2786 2821 2820
f 2816 2815 2786
f 2786 2820 2819
f 2819 2816 2786
f 2770 2771 2704
f 2704 2771 2705
f 2771 2772 2705
f 2705 2772 2706
f 2772 2773 2706
f 2706 2773 2707
f 2773 2774 2707
f 2707 2774 2708
f 2774 2775 2708
f 2708 2775 2709
f 2775 2776 2709
f 2709 2776 2710
f 2776 2777 2710
f 2710 2777 2711
f 2777 2778 2711
f 2711 2778 2712
f 2778 2779 2712
f 2712 2779 2713
f 2779 2780 2713
f 2713 2780 2714
f 2780 2781 2714
f 2714 2781 2715
f 2781 2782 2715
f 2715 2782 2716
f 2782 2783 2716
f 2716 2783 2717
f 2783 2784 2717
f 2717 2784 2718
f 2784 2785 2718
f 2718 2785 2719
f 2785 2786 2719
f 2719 2786 2720
f 2786 2787 2720
f 2720 2787 2721
f 2787 2788 2721
f 2721 2788 2722
f 2788 2789 2722
f 2722 2789 2723
f 2789 2790 2723
f 2723 2790 2724
f 2790 2791 2724
f 2724 2791 2725
f 2791 2792 2725
f 2725 2792 2726
f 2792 2793 2726
f 2726 2793 2727
f 2793 2794 2727
f 2727 2794 2728
f 2794 2795 2728
f 2728 2795 2729
f 2795 2796 2729
f 2729 2796 2730
f 2796 2797 2730
f 2730 2797 2731
f 2797 2798 2731
f 2731 2798 2732
f 2798 2799 2732
f 2732 2799 2733
f 2799 2800 2733
f 2733 2800 2734
f 2800 2801 2734
f 2734 2801 2735
f 2801 2802 2735
f 2735 2802 2736
f 2802 2803 2736
f 2736 2803 2737
f 2803 2804 2737
f 2737 2804 2738
f 2804 2805 2738
f 2738 2805 2739
f 2805 2806 2739
f 2739 2806 2740
f 2806 2807 2740
f 2740 2807 2741
f 2807 2808 2741
f 2741 2808 2742
f 2808 2809 2742
f 2742 2809 2743
f 2809 2810 2743
f 2743 2810 2744
f 2810 2811 2744
f 2744 2811 2745
f 2811 2812 2745
f 2745 2812 2746
f 2812 2813 2746
f 2746 2813 2747
f 2813 2814 2747
f 2747 2814 2748
f 2814 2815 2748
f 2748 2815 2749
f 2815 2816 2749
f 2749 2816 2750
f 2816 2817 2750
f 2750 2817 2751
f 2817 2818 2751
f 2751 2818 2752
f 2818 2819 2752
f 2752 2819 2753
f 2819 2820 2753
f 2753 2820 2754
f 2820 2821 2754
f 2754 2821 2755
f 2821 2822 2755
f 2755 2822 2756
f 2822 2823 2756
f 2756 2823 2757
f 2823 2824 2757
f 2757 2824 2758
f 2824 2825 2758
f 2758 2825 2759
f 2825 2826 2759
f 2759 2826 2760
f 2826 2827 2760
f 2760 2827 2761
f 2827 2828 2761
f 2761 2828 2762
f 2828 2829 2762
f 2762 2829 2763
f 2829 2830 2763
f 2763 2830 2764
f 2830 2831 2764
f 2764 2831 2765
f 2831 2832 2765
f 2765 2832 2766
f 2832 2833 2766
f 2766 2833 2767
f 2833 2834 2767
f 2767 2834 2768
f 2835 2770 2769
f 2769 2770 2704
f 2834 2835 2768
f 2768 2835 2769
f 2836 2852 2853
f 2836 2853 2837
f 2852 2869 2853
f 2852 2868 2869
f 2868 2836 2837
f 2868 2837 2869
f 2837 2853 2854
f 2837 2854 2838
f 2853 2870 2854
f 2853 2869 2870
f 2869 2837 2838
f 2869 2838 2870
f 2838 2854 2855
f 2838 2855 2839
f 2854 2871 2855
f 2854 2870 2871
f 2870 2838 2839
f 2870 2839 2871
f 2839 2855 2856
f 2839 2856 2840
f 2855 2872 2856
f 2855 2871 2872
f 2871 2839 2840
f 2871 2840 2872
f 2840 2856 2857
f 2840 2857 2841
f 2856 2873 2857
f 2856 2872 2873
f 2872 2840 2841
f 2872 2841 2873
f 2841 2857 2858
f 2841 2858 2842
f 2857 2874 2858
f 2857 2873 2874
f 2873 2841 2842
f 2873 2842 2874
f 2842 2858 2859
f 2842 2859 2843
f 2858 2875 2859
f 2858 2874 2875
f 2874 2842 2843
f 2874 2843 2875
f 2843 2859 2860
f 2843 2860 2844
f 2859 2876 2860
f 2859 2875 2876
f 2875 2843 2844
f 2875 2844 2876
f 2844 2860 2861
f 2844 2861 2845
f 2860 2877 2861
f 2860 2876 2877
f 2876 2844 2845
f 2876 2845 2877
f 2845 2861 2862
f 2845 2862 2846
f 2861 2878 2862
f 2861 2877 2878
f 2877 2845 2846
f 2877 2846 2878
f 2846 2862 2863
f 2846 2863 2847
f 2862 2879 2863
f 2862 2878 2879
f 2878 2846 2847
f 2878 2847 2879
f 2847 2863 2864
f 2847 2864 2848
f 2863 2880 2864
f 2863 2879 2880
f 2879 2847 2848
f 2879 2848 2880
f 2848 2864 2865
f 2848 2865 2849
f 2864 2881 2865
f 2864 2880 2881
f 2880 2848 2849
f 2880 2849 2881
f 2849 2865 2866
f 2849 2866 2850
f 2865 2882 2866
f 2865 2881 2882
f 2881 2849 2850
f 2881 2850 2882
f 2850 2866 2867
f 2850 2867 2851
f 2866 2883 2867
f 2866 2882 2883
f 2882 2850 2851
f 2882 2851 2883
f 2836 2868 2852
f 2851 2867 2883
f 2884 2900 2901
f 2884 2901 2885
f 2900 2917 2901
f 2900 2916 2917
f 2916 2884 2885
f 2916 2885 2917
f 2885 2901 2902
f 2885 2902 2886
f 2901 2918 2902
f 2901 2917 2918
f 2917 2885 2886
f 2917 2886 2918
f 2886 2902 2903
f 2886 2903 2887
f 2902 2919 2903
f 2902 2918 2919
f 2918 2886 2887
f 2918 2887 2919
f 2887 2903 2904
f 2887 2904 2888
f 2903 2920 2904
f 2903 2919 2920
f 2919 2887 2888
f 2919 2888 2920
f 2888 2904 2905
f 2888 2905 2889
f 2904 2921 2905
f 2904 2920 2921
f 2920 2888 2889
f 2920 2889 2921
f 2889 2905 2906
f 2889 2906 2890
f 2905 2922 2906
f 2905 2921 2922
f 2921 2889 2890
f 2921 2890 2922
f 2890 2906 2907
f 2890 2907 2891
f 2906 2923 2907
f 2906 2922 2923
f 2922 2890 2891
f 2922 2891 2923
f 2891 2907 2908
f 2891 2908 2892
f 2907 2924 2908
f 2907 2923 2924
f 2923 2891 2892
f 2923 2892 2924
f 2892 2908 2909
f 2892 2909 2893
f 2908 2925 2909
f 2908 2924 2925
f 2924 2892 2893
f 2924 2893 2925
f 2893 2909 2910
f 2893 2910 2894
f 2909 2926 2910
f 2909 2925 2926
f 2925 2893 2894
f 2925 2894 2926
f 2894 2910 2911
f 2894 2911 2895
f 2910 2927 2911
f 2910 2926 2927
f 2926 2894 2895
f 2926 2895 2927
f 2895 2911 2912
f 2895 2912 2896
f 2911 2928 2912
f 2911 2927 2928
f 2927 2895 2896
f 2927 2896 2928
f 2896 2912 2913
f 2896 2913 2897
f 2912 2929 2913
f 2912 2928 2929
f 2928 2896 2897
f 2928 2897 2929
f 2897 2913 2914
f 2897 2914 2898
f 2913 2930 2914
f 2913 2929 2930
f 2929 2897 2898
f 2929 2898 2930
f 2898 2914 2915
f 2898 2915 2899
f 2914 2931 2915
f 2914 2930 2931
f 2930 2898 2899
f 2930 2899 2931
f 2884 2916 2900
f 2899 2915 2931
f 2932 2948 2949
f 2932 2949 2933
f 2948 2965 2949
f 2948 2964 2965
f 2964 2932 2933
f 2964 2933 2965
f 2933 2949 2950
f 2933 2950 2934
f 2949 2966 2950
f 2949 2965 2966
f 2965 2933 2934
f 2965 2934 2966
f 2934 2950 2951
f 2934 2951 2935
f 2950 2967 2951
f 2950 2966 2967
f 2966 2934 2935
f 2966 2935 2967
f 2935 2951 2952
f 2935 2952 2936
f 2951 2968 2952
f 2951 2967 2968
f 2967 2935 2936
f 2967 2936 2968
f 2936 2952 2953
f 2936 2953 2937
f 2952 2969 2953
f 2952 2968 2969
f 2968 2936 2937
f 2968 2937 2969
f 2937 2953 2954
f 2937 2954 2938
f 2953 2970 2954
f 2953 2969 2970
f 2969 2937 2938
f 2969 2938 2970
f 2938 2954 2955
f 2938 2955 2939
f 2954 2971 2955
f 2954 2970 2971
f 2970 2938 2939
f 2970 2939 2971
f 2939 2955 2956
f 2939 2956 2940
f 2955 2972 2956
f 2955 2971 2972
f 2971 2939 2940
f 2971 2940 2972
f 2940 2956 2957
f 2940 2957 2941
f 2956 2973 2957
f 2956 2972 2973
f 2972 2940 2941
f 2972 2941 2973
f 2941 2957 2958
f 2941 2958 2942
f 2957 2974 2958
f 2957 2973 2974
f 2973 2941 2942
f 2973 2942 2974
f 2942 2958 2959
f 2942 2959 2943
f 2958 2975 2959
f 2958 2974 2975
f 2974 2942 2943
f 2974 2943 2975
f 2943 2959 2960
f 2943 2960 2944
f 2959 2976 2960
f 2959 2975 2976
f 2975 2943 2944
f 2975 2944 2976
f 2944 2960 2961
f 2944 2961 2945
f 2960 2977 2961
f 2960 2976 2977
f 2976 2944 2945
f 2976 2945 2977
f 2945 2961 2962
f 2945 2962 2946
f 2961 2978 2962
f 2961 2977 2978
f 2977 2945 2946
f 2977 2946 2978
f 2946 2962 2963
f 2946 2963 2947
f 2962 2979 2963
f 2962 2978 2979
f 2978 2946 2947
f 2978 2947 2979
f 2932 2964 2948
f 2947 2963 2979
f 2980 2996 2997
f 2980 2997 2981
f 2996 3013 2997
f 2996 3012 3013
f 3012 2980 2981
f 3012 2981 3013
f 2981 2997 2998
f 2981 2998 2982
f 2997 3014 2998
f 2997 3013 3014
f 3013 2981 2982
f 3013 2982 3014
f 2982 2998 2999
f 2982 2999 2983
f 2998 3015 2999
f 2998 3014 3015
f 3014 2982 2983
f 3014 2983 3015
f 2983 2999 3000
f 2983 3000 2984
f 2999 3016 3000
f 2999 3015 3016
f 3015 2983 2984
f 3015 2984 3016
f 2984 3000 3001
f 2984 3001 2985
f 3000 3017 3001
f 3000 3016 3017
f 3016 2984 2985
f 3016 2985 3017
f 2985 3001 3002
f 2985 3002 2986
f 3001 3018 3002
f 3001 3017 3018
f 3017 2985 2986
f 3017 2986 3018
f 2986 3002 3003
f 2986 3003 2987
f 3002 3019 3003
f 3002 3018 3019
f 3018 2986 2987
f 3018 2987 3019
f 2987 3003 3004
f 2987 3004 2988
f 3003 3020 3004
f 3003 3019 3020
f 3019 2987 2988
f 3019 2988 3020
f 2988 3004 3005
f 2988 3005 2989
f 3004 3021 3005
f 3004 3020 3021
f 3020 2988 2989
f 3020 2989 3021
f 2989 3005 3006
f 2989 3006 2990
f 3005 3022 3006
f 3005 3021 3022
f 3021 2989 2990
f 3021 2990 3022
f 2990 3006 3007
f 2990 3007 2991
f 3006 3023 3007
f 3006 3022 3023
f 3022 2990 2991
f 3022 2991 3023
f 2991 3007 3008
f 2991 3008 2992
f 3007 3024 3008
f 3007 3023 3024
f 3023 2991 2992
f 3023 2992 3024
f 2992 3008 3009
f 2992 3009 2993
f 3008 3025 3009
f 3008 3024 3025
f 3024 2992 2993
f 3024 2993 3025
f 2993 3009 3010
f 2993 3010 2994
f 3009 3026 3010
f 3009 3025 3026
f 3025 2993 2994
f 3025 2994 3026
f 2994 3010 3011
f 2994 3011 2995
f 3010 3027 3011
f 3010 3026 3027
f 3026 2994 2995
f 3026 2995 3027
f 2980 3012 2996
f 2995 3011 3027
f 3028 3037 3029
f 3028 3030 3038
f 3028 3045 3030
f 3028 3029 3044
f 3029 3033 3046
f 3029 3037 3033
f 3037 3034 3033
f 3030 3031 3039
f 3030 3049 3031
f 3028 3036 3037
f 3028 3038 3036
f 3037 3041 3034
f 3037 3051 3041
f 3036 3052 3037
f 3036 3038 3056
f 3030 3039 3038
f 3042 3034 3041
f 3038 3039 3055
f 3028 3044 3045
f 3029 3046 3044
f 3030 3045 3049
f 3044 3046 3053
f 3044 3051 3045
f 3045 3052 3049
f 3049 3048 3031
f 3049 3056 3048
f 3044 3053 3051
f 3037 3052 3051
f 3036 3056 3052
f 3051 3053 3041
f 3045 3051 3052
f 3049 3052 3056
f 3038 3055 3056
f 3056 3055 3048
f 3032 3039 3031
f 3047 3033 3034
f 3032 3031 3050
f 3032 3047 3035
f 3035 3047 3034
f 3035 3034 3043
f 3032 3035 3043
f 3032 3040 3039
f 3043 3034 3042
f 3032 3043 3040
f 3042 3041 3053
f 3040 3055 3039
f 3043 3042 3053
f 3040 3043 3057
f 3047 3046 3033
f 3050 3031 3048
f 3032 3050 3047
f 3047 3054 3046
f 3047 3050 3054
f 3050 3048 3057
f 3054 3053 3046
f 3050 3057 3054
f 3043 3053 3054
f 3040 3057 3055
f 3043 3054 3057
f 3057 3048 3055
f 3058 3067 3059
f 3058 3060 3068
f 3058 3075 3060
f 3058 3059 3074
f 3059 3063 3076
f 3059 3067 3063
f 3067 3064 3063
f 3060 3061 3069
f 3060 3079 3061
f 3058 3066 3067
f 3058 3068 3066
f 3067 3071 3064
f 3067 3081 3071
f 3066 3082 3067
f 3066 3068 3086
f 3060 3069 3068
f 3072 3064 3071
f 3068 3069 3085
f 3058 3074 3075
f 3059 3076 3074
f 3060 3075 3079
f 3074 3076 3083
f 3074 3081 3075
f 3075 3082 3079
f 3079 3078 3061
f 3079 3086 3078
f 3074 3083 3081
f 3067 3082 3081
f 3066 3086 3082
f 3081 3083 3071
f 3075 3081 3082
f 3079 3082 3086
f 3068 3085 3086
f 3086 3085 3078
f 3062 3069 3061
f 3077 3063 3064
f 3062 3061 3080
f 3062 3077 3065
f 3065 3077 3064
f 3065 3064 3073
f 3062 3065 3073
f 3062 3070 3069
f 3073 3064 3072
f 3062 3073 3070
f 3072 3071 3083
f 3070 3085 3069
f 3073 3072 3083
f 3070 3073 3087
f 3077 3076 3063
f 3080 3061 3078
f 3062 3080 3077
f 3077 3084 3076
f 3077 3080 3084
f 3080 3078 3087
f 3084 3083 3076
f 3080 3087 3084
f 3073 3083 3084
f 3070 3087 3085
f 3073 3084 3087
f 3087 3078 3085
f 3089 3088 3092
f 3089 3092 3090
f 3090 3092 3093
f 3090 3093 3091
f 3092 3088 3094
f 3092 3094 3093
f 3093 3094 3095
f 3093 3095 3091
f 3094 3088 3096
f 3094 3096 3095
f 3095 3096 3097
f 3095 3097 3091
f 3096 3088 3098
f 3096 3098 3097
f 3097 3098 3099
f 3097 3099 3091
f 3098 3088 3100
f 3098 3100 3099
f 3099 3100 3101
f 3099 3101 3091
f 3100 3088 3102
f 3100 3102 3101
f 3101 3102 3103
f 3101 3103 3091
f 3102 3088 3104
f 3102 3104 3103
f 3103 3104 3105
f 3103 3105 3091
f 3104 3088 3106
f 3104 3106 3105
f 3105 3106 3107
f 3105 3107 3091
f 3106 3088 3108
f 3106 3108 3107
f 3107 3108 3109
f 3107 3109 3091
f 3108 3088 3110
f 3108 3110 3109
f 3109 3110 3111
f 3109 3111 3091
f 3110 3088 3112
f 3110 3112 3111
f 3111 3112 3113
f 3111 3113 3091
f 3112 3088 3114
f 3112 3114 3113
f 3113 3114 3115
f 3113 3115 3091
f 3114 3088 3116
f 3114 3116 3115
f 3115 3116 3117
f 3115 3117 3091
f 3116 3088 3118
f 3116 3118 3117
f 3117 3118 3119
f 3117 3119 3091
f 3118 3088 3120
f 3118 3120 3119
f 3119 3120 3121
f 3119 3121 3091
f 3120 3088 3122
f 3120 3122 3121
f 3121 3122 3123
f 3121 3123 3091
f 3122 3088 3124
f 3122 3124 3123
f 3123 3124 3125
f 3123 3125 3091
f 3124 3088 3126
f 3124 3126 3125
f 3125 3126 3127
f 3125 3127 3091
f 3126 3088 3128
f 3126 3128 3127
f 3127 3128 3129
f 3127 3129 3091
f 3128 3088 3130
f 3128 3130 3129
f 3129 3130 3131
f 3129 3131 3091
f 3130 3088 3132
f 3130 3132 3131
f 3131 3132 3133
f 3131 3133 3091
f 3132 3088 3134
f 3132 3134 3133
f 3133 3134 3135
f 3133 3135 3091
f 3134 3088 3136
f 3134 3136 3135
f 3135 3136 3137
f 3135 3137 3091
f 3136 3088 3138
f 3136 3138 3137
f 3137 3138 3139
f 3137 3139 3091
f 3138 3088 3140
f 3138 3140 3139
f 3139 3140 3141
f 3139 3141 3091
f 3140 3088 3142
f 3140 3142 3141
f 3141 3142 3143
f 3141 3143 3091
f 3142 3088 3144
f 3142 3144 3143
f 3143 3144 3145
f 3143 3145 3091
f 3144 3088 3146
f 3144 3146 3145
f 3145 3146 3147
f 3145 3147 3091
f 3146 3088 3148
f 3146 3148 3147
f 3147 3148 3149
f 3147 3149 3091
f 3148 3088 3150
f 3148 3150 3149
f 3149 3150 3151
f 3149 3151 3091
f 3150 3088 3152
f 3150 3152 3151
f 3151 3152 3153
f 3151 3153 3091
f 3152 3088 3089
f 3152 3089 3153
f 3153 3089 3090
f 3153 3090 3091
f 3155 3154 3158
f 3155 3158 3156
f 3156 3158 3159
f 3156 3159 3157
f 3158 3154 3160
f 3158 3160 3159
f 3159 3160 3161
f 3159 3161 3157
f 3160 3154 3162
f 3160 3162 3161
f 3161 3162 3163
f 3161 3163 3157
f 3162 3154 3164
f 3162 3164 3163
f 3163 3164 3165
f 3163 3165 3157
f 3164 3154 3166
f 3164 3166 3165
f 3165 3166 3167
f 3165 3167 3157
f 3166 3154 3168
f 3166 3168 3167
f 3167 3168 3169
f 3167 3169 3157
f 3168 3154 3170
f 3168 3170 3169
f 3169 3170 3171
f 3169 3171 3157
f 3170 3154 3172
f 3170 3172 3171
f 3171 3172 3173
f 3171 3173 3157
f 3172 3154 3174
f 3172 3174 3173
f 3173 3174 3175
f 3173 3175 3157
f 3174 3154 3176
f 3174 3176 3175
f 3175 3176 3177
f 3175 3177 3157
f 3176 3154 3178
f 3176 3178 3177
f 3177 3178 3179
f 3177 3179 3157
f 3178 3154 3180
f 3178 3180 3179
f 3179 3180 3181
f 3179 3181 3157
f 3180 3154 3182
f 3180 3182 3181
f 3181 3182 3183
f 3181 3183 3157
f 3182 3154 3184
f 3182 3184 3183
f 3183 3184 3185
f 3183 3185 3157
f 3184 3154 3186
f 3184 3186 3185
f 3185 3186 3187
f 3185 3187 3157
f 3186 3154 3188
f 3186 3188 3187
f 3187 3188 3189
f 3187 3189 3157
f 3188 3154 3190
f 3188 3190 3189
f 3189 3190 3191
f 3189 3191 3157
f 3190 3154 3192
f 3190 3192 3191
f 3191 3192 3193
f 3191 3193 3157
f 3192 3154 3194
f 3192 3194 3193
f 3193 3194 3195
f 3193 3195 3157
f 3194 3154 3196
f 3194 3196 3195
f 3195 3196 3197
f 3195 3197 3157
f 3196 3154 3198
f 3196 3198 3197
f 3197 3198 3199
f 3197 3199 3157
f 3198 3154 3200
f 3198 3200 3199
f 3199 3200 3201
f 3199 3201 3157
f 3200 3154 3202
f 3200 3202 3201
f 3201 3202 3203
f 3201 3203 3157
f 3202 3154 3204
f 3202 3204 3203
f 3203 3204 3205
f 3203 3205 3157
f 3204 3154 3206
f 3204 3206 3205
f 3205 3206 3207
f 3205 3207 3157
f 3206 3154 3208
f 3206 3208 3207
f 3207 3208 3209
f 3207 3209 3157
f 3208 3154 3210
f 3208 3210 3209
f 3209 3210 3211
f 3209 3211 3157
f 3210 3154 3212
f 3210 3212 3211
f 3211 3212 3213
f 3211 3213 3157
f 3212 3154 3214
f 3212 3214 3213
f 3213 3214 3215
f 3213 3215 3157
f 3214 3154 3216
f 3214 3216 3215
f 3215 3216 3217
f 3215 3217 3157
f 3216 3154 3218
f 3216 3218 3217
f 3217 3218 3219
f 3217 3219 3157
f 3218 3154 3155
f 3218 3155 3219
f 3219 3155 3156
f 3219 3156 3157
f 3221 3220 3224
f 3221 3224 3222
f 3222 3224 3225
f 3222 3225 3223
f 3224 3220 3226
f 3224 3226 3225
f 3225 3226 3227
f 3225 3227 3223
f 3226 3220 3228
f 3226 3228 3227
f 3227 3228 3229
f 3227 3229 3223
f 3228 3220 3230
f 3228 3230 3229
f 3229 3230 3231
f 3229 3231 3223
f 3230 3220 3232
f 3230 3232 3231
f 3231 3232 3233
f 3231 3233 3223
f 3232 3220 3234
f 3232 3234 3233
f 3233 3234 3235
f 3233 3235 3223
f 3234 3220 3236
f 3234 3236 3235
f 3235 3236 3237
f 3235 3237 3223
f 3236 3220 3238
f 3236 3238 3237
f 3237 3238 3239
f 3237 3239 3223
f 3238 3220 3240
f 3238 3240 3239
f 3239 3240 3241
f 3239 3241 3223
f 3240 3220 3242
f 3240 3242 3241
f 3241 3242 3243
f 3241 3243 3223
f 3242 3220 3244
f 3242 3244 3243
f 3243 3244 3245
f 3243 3245 3223
f 3244 3220 3246
f 3244 3246 3245
f 3245 3246 3247
f 3245 3247 3223
f 3246 3220 3248
f 3246 3248 3247
f 3247 3248 3249
f 3247 3249 3223
f 3248 3220 3250
f 3248 3250 3249
f 3249 3250 3251
f 3249 3251 3223
f 3250 3220 3252
f 3250 3252 3251
f 3251 3252 3253
f 3251 3253 3223
f 3252 3220 3254
f 3252 3254 3253
f 3253 3254 3255
f 3253 3255 3223
f 3254 3220 3256
f 3254 3256 3255
f 3255 3256 3257
f 3255 3257 3223
f 3256 3220 3258
f 3256 3258 3257
f 3257 3258 3259
f 3257 3259 3223
f 3258 3220 3260
f 3258 3260 3259
f 3259 3260 3261
f 3259 3261 3223
f 3260 3220 3262
f 3260 3262 3261
f 3261 3262 3263
f 3261 3263 3223
f 3262 3220 3264
f 3262 3264 3263
f 3263 3264 3265
f 3263 3265 3223
f 3264 3220 3266
f 3264 3266 3265
f 3265 3266 3267
f 3265 3267 3223
f 3266 3220 3268
f 3266 3268 3267
f 3267 3268 3269
f 3267 3269 3223
f 3268 3220 3270
f 3268 3270 3269
f 3269 3270 3271
f 3269 3271 3223
f 3270 3220 3272
f 3270 3272 3271
f 3271 3272 3273
f 3271 3273 3223
f 3272 3220 3274
f 3272 3274 3273
f 3273 3274 3275
f 3273 3275 3223
f 3274 3220 3276
f 3274 3276 3275
f 3275 3276 3277
f 3275 3277 3223
f 3276 3220 3278
f 3276 3278 3277
f 3277 3278 3279
f 3277 3279 3223
f 3278 3220 3280
f 3278 3280 3279
f 3279 3280 3281
f 3279 3281 3223
f 3280 3220 3282
f 3280 3282 3281
f 3281 3282 3283
f 3281 3283 3223
f 3282 3220 3284
f 3282 3284 3283
f 3283 3284 3285
f 3283 3285 3223
f 3284 3220 3221
f 3284 3221 3285
f 3285 3221 3222
f 3285 3222 3223
f 3287 3286 3290
f 3287 3290 3288
f 3288 3290 3291
f 3288 3291 3289
f 3290 3286 3292
f 3290 3292 3291
f 3291 3292 3293
f 3291 3293 3289
f 3292 3286 3294
f 3292 3294 3293
f 3293 3294 3295
f 3293 3295 3289
f 3294 3286 3296
f 3294 3296 3295
f 3295 3296 3297
f 3295 3297 3289
f 3296 3286 3298
f 3296 3298 3297
f 3297 3298 3299
f 3297 3299 3289
f 3298 3286 3300
f 3298 3300 3299
f 3299 3300 3301
f 3299 3301 3289
f 3300 3286 3302
f 3300 3302 3301
f 3301 3302 3303
f 3301 3303 3289
f 3302 3286 3304
f 3302 3304 3303
f 3303 3304 3305
f 3303 3305 3289
f 3304 3286 3306
f 3304 3306 3305
f 3305 3306 3307
f 3305 3307 3289
f 3306 3286 3308
f 3306 3308 3307
f 3307 3308 3309
f 3307 3309 3289
f 3308 3286 3310
f 3308 3310 3309
f 3309 3310 3311
f 3309 3311 3289
f 3310 3286 3312
f 3310 3312 3311
f 3311 3312 3313
f 3311 3313 3289
f 3312 3286 3314
f 3312 3314 3313
f 3313 3314 3315
f 3313 3315 3289
f 3314 3286 3316
f 3314 3316 3315
f 3315 3316 3317
f 3315 3317 3289
f 3316 3286 3318
f 3316 3318 3317
f 3317 3318 3319
f 3317 3319 3289
f 3318 3286 3320
f 3318 3320 3319
f 3319 3320 3321
f 3319 3321 3289
f 3320 3286 3322
f 3320 3322 3321
f 3321 3322 3323
f 3321 3323 3289
f 3322 3286 3324
f 3322 3324 3323
f 3323 3324 3325
f 3323 3325 3289
f 3324 3286 3326
f 3324 3326 3325
f 3325 3326 3327
f 3325 3327 3289
f 3326 3286 3328
f 3326 3328 3327
f 3327 3328 3329
f 3327 3329 3289
f 3328 3286 3330
f 3328 3330 3329
f 3329 3330 3331
f 3329 3331 3289
f 3330 3286 3332
f 3330 3332 3331
f 3331 3332 3333
f 3331 3333 3289
f 3332 3286 3334
f 3332 3334 3333
f 3333 3334 3335
f 3333 3335 3289
f 3334 3286 3336
f 3334 3336 3335
f 3335 3336 3337
f 3335 3337 3289
f 3336 3286 3338
f 3336 3338 3337
f 3337 3338 3339
f 3337 3339 3289
f 3338 3286 3340
f 3338 3340 3339
f 3339 3340 3341
f 3339 3341 3289
f 3340 3286 3342
f 3340 3342 3341
f 3341 3342 3343
f 3341 3343 3289
f 3342 3286 3344
f 3342 3344 3343
f 3343 3344 3345
f 3343 3345 3289
f 3344 3286 3346
f 3344 3346 3345
f 3345 3346 3347
f 3345 3347 3289
f 3346 3286 3348
f 3346 3348 3347
f 3347 3348 3349
f 3347 3349 3289
f 3348 3286 3350
f 3348 3350 3349
f 3349 3350 3351
f 3349 3351 3289
f 3350 3286 3287
f 3350 3287 3351
f 3351 3287 3288
f 3351 3288 3289
f 3477 3478 3352
f 3474 3475 3476
f 3472 3473 3474
f 3470 3471 3472
f 3468 3469 3470
f 3466 3467 3468
f 3464 3465 3466
f 3462 3463 3464
f 3460 3461 3462
f 3458 3459 3460
f 3456 3457 3458
f 3454 3455 3456
f 3452 3453 3454
f 3450 3451 3452
f 3448 3449 3450
f 3446 3447 3448
f 3444 3445 3446
f 3442 3443 3444
f 3440 3441 3442
f 3438 3439 3440
f 3436 3437 3438
f 3434 3435 3436
f 3432 3433 3434
f 3430 3431 3432
f 3406 3407 3408
f 3404 3405 3406
f 3402 3403 3404
f 3400 3401 3402
f 3398 3399 3400
f 3396 3397 3398
f 3394 3395 3396
f 3392 3393 3394
f 3390 3391 3392
f 3388 3389 3390
f 3386 3387 3388
f 3384 3385 3386
f 3382 3383 3384
f 3380 3381 3382
f 3378 3379 3380
f 3376 3377 3378
f 3374 3375 3376
f 3372 3373 3374
f 3370 3371 3372
f 3368 3369 3370
f 3366 3367 3368
f 3364 3365 3366
f 3362 3363 3364
f 3360 3361 3362
f 3358 3359 3360
f 3356 3357 3358
f 3354 3355 3356
f 3352 3353 3354
f 3476 3477 3352
f 3472 3474 3476
f 3468 3470 3472
f 3464 3466 3468
f 3460 3462 3464
f 3456 3458 3460
f 3452 3454 3456
f 3448 3450 3452
f 3444 3446 3448
f 3440 3442 3444
f 3436 3438 3440
f 3432 3434 3436
f 3429 3430 3432
f 3404 3406 3408
f 3400 3402 3404
f 3396 3398 3400
f 3392 3394 3396
f 3388 3390 3392
f 3384 3386 3388
f 3380 3382 3384
f 3376 3378 3380
f 3372 3374 3376
f 3368 3370 3372
f 3364 3366 3368
f 3360 3362 3364
f 3356 3358 3360
f 3352 3354 3356
f 3468 3472 3476
f 3460 3464 3468
f 3452 3456 3460
f 3444 3448 3452
f 3436 3440 3444
f 3429 3432 3436
f 3400 3404 3408
f 3392 3396 3400
f 3384 3388 3392
f 3376 3380 3384
f 3368 3372 3376
f 3360 3364 3368
f 3352 3356 3360
f 3460 3468 3476
f 3444 3452 3460
f 3429 3436 3444
f 3392 3400 3408
f 3376 3384 3392
f 3360 3368 3376
f 3476 3352 3360
f 3444 3460 3476
f 3428 3429 3444
f 3376 3392 3408
f 3476 3360 3376
f 3428 3444 3476
f 3476 3376 3408
f 3427 3428 3476
f 3476 3408 3409
f 3426 3427 3476
f 3476 3409 3410
f 3425 3426 3476
f 3476 3410 3411
f 3424 3425 3476
f 3476 3411 3412
f 3423 3424 3476
f 3476 3412 3413
f 3422 3423 3476
f 3476 3413 3414
f 3421 3422 3476
f 3476 3414 3415
f 3420 3421 3476
f 3476 3415 3416
f 3419 3420 3476
f 3476 3416 3417
f 3418 3419 3476
f 3476 3417 3418
f 3479 3605 3604
f 3603 3602 3601
f 3601 3600 3599
f 3599 3598 3597
f 3597 3596 3595
f 3595 3594 3593
f 3593 3592 3591
f 3591 3590 3589
f 3589 3588 3587
f 3587 3586 3585
f 3585 3584 3583
f 3583 3582 3581
f 3581 3580 3579
f 3579 3578 3577
f 3577 3576 3575
f 3575 3574 3573
f 3573 3572 3571
f 3571 3570 3569
f 3569 3568 3567
f 3567 3566 3565
f 3565 3564 3563
f 3563 3562 3561
f 3561 3560 3559
f 3559 3558 3557
f 3535 3534 3533
f 3533 3532 3531
f 3531 3530 3529
f 3529 3528 3527
f 3527 3526 3525
f 3525 3524 3523
f 3523 3522 3521
f 3521 3520 3519
f 3519 3518 3517
f 3517 3516 3515
f 3515 3514 3513
f 3513 3512 3511
f 3511 3510 3509
f 3509 3508 3507
f 3507 3506 3505
f 3505 3504 3503
f 3503 3502 3501
f 3501 3500 3499
f 3499 3498 3497
f 3497 3496 3495
f 3495 3494 3493
f 3493 3492 3491
f 3491 3490 3489
f 3489 3488 3487
f 3487 3486 3485
f 3485 3484 3483
f 3483 3482 3481
f 3481 3480 3479
f 3479 3604 3603
f 3603 3601 3599
f 3599 3597 3595
f 3595 3593 3591
f 3591 3589 3587
f 3587 3585 3583
f 3583 3581 3579
f 3579 3577 3575
f 3575 3573 3571
f 3571 3569 3567
f 3567 3565 3563
f 3563 3561 3559
f 3559 3557 3556
f 3535 3533 3531
f 3531 3529 3527
f 3527 3525 3523
f 3523 3521 3519
f 3519 3517 3515
f 3515 3513 3511
f 3511 3509 3507
f 3507 3505 3503
f 3503 3501 3499
f 3499 3497 3495
f 3495 3493 3491
f 3491 3489 3487
f 3487 3485 3483
f 3483 3481 3479
f 3603 3599 3595
f 3595 3591 3587
f 3587 3583 3579
f 3579 3575 3571
f 3571 3567 3563
f 3563 3559 3556
f 3535 3531 3527
f 3527 3523 3519
f 3519 3515 3511
f 3511 3507 3503
f 3503 3499 3495
f 3495 3491 3487
f 3487 3483 3479
f 3603 3595 3587
f 3587 3579 3571
f 3571 3563 3556
f 3535 3527 3519
f 3519 3511 3503
f 3503 3495 3487
f 3487 3479 3603
f 3603 3587 3571
f 3571 3556 3555
f 3535 3519 3503
f 3503 3487 3603
f 3603 3571 3555
f 3535 3503 3603
f 3603 3555 3554
f 3536 3535 3603
f 3603 3554 3553
f 3537 3536 3603
f 3603 3553 3552
f 3538 3537 3603
f 3603 3552 3551
f 3539 3538 3603
f 3603 3551 3550
f 3540 3539 3603
f 3603 3550 3549
f 3541 3540 3603
f 3603 3549 3548
f 3542 3541 3603
f 3603 3548 3547
f 3543 3542 3603
f 3603 3547 3546
f 3544 3543 3603
f 3603 3546 3545
f 3545 3544 3603
f 3479 3480 3352
f 3352 3480 3353
f 3480 3481 3353
f 3353 3481 3354
f 3481 3482 3354
f 3354 3482 3355
f 3482 3483 3355
f 3355 3483 3356
f 3483 3484 3356
f 3356 3484 3357
f 3484 3485 3357
f 3357 3485 3358
f 3485 3486 3358
f 3358 3486 3359
f 3486 3487 3359
f 3359 3487 3360
f 3487 3488 3360
f 3360 3488 3361
f 3488 3489 3361
f 3361 3489 3362
f 3489 3490 3362
f 3362 3490 3363
f 3490 3491 3363
f 3363 3491 3364
f 3491 3492 3364
f 3364 3492 3365
f 3492 3493 3365
f 3365 3493 3366
f 3493 3494 3366
f 3366 3494 3367
f 3494 3495 3367
f 3367 3495 3368
f 3495 3496 3368
f 3368 3496 3369
f 3496 3497 3369
f 3369 3497 3370
f 3497 3498 3370
f 3370 3498 3371
f 3498 3499 3371
f 3371 3499 3372
f 3499 3500 3372
f 3372 3500 3373
f 3500 3501 3373
f 3373 3501 3374
f 3501 3502 3374
f 3374 3502 3375
f 3502 3503 3375
f 3375 3503 3376
f 3503 3504 3376
f 3376 3504 3377
f 3504 3505 3377
f 3377 3505 3378
f 3505 3506 3378
f 3378 3506 3379
f 3506 3507 3379
f 3379 3507 3380
f 3507 3508 3380
f 3380 3508 3381
f 3508 3509 3381
f 3381 3509 3382
f 3509 3510 3382
f 3382 3510 3383
f 3510 3511 3383
f 3383 3511 3384
f 3511 3512 3384
f 3384 3512 3385
f 3512 3513 3385
f 3385 3513 3386
f 3513 3514 3386
f 3386 3514 3387
f 3514 3515 3387
f 3387 3515 3388
f 3515 3516 3388
f 3388 3516 3389
f 3516 3517 3389
f 3389 3517 3390
f 3517 3518 3390
f 3390 3518 3391
f 3518 3519 3391
f 3391 3519 3392
f 3519 3520 3392
f 3392 3520 3393
f 3520 3521 3393
f 3393 3521 3394
f 3521 3522 3394
f 3394 3522 3395
f 3522 3523 3395
f 3395 3523 3396
f 3523 3524 3396
f 3396 3524 3397
f 3524 3525 3397
f 3397 3525 3398
f 3525 3526 3398
f 3398 3526 3399
f 3526 3527 3399
f 3399 3527 3400
f 3527 3528 3400
f 3400 3528 3401
f 3528 3529 3401
f 3401 3529 3402
f 3529 3530 3402
f 3402 3530 3403
f 3530 3531 3403
f 3403 3531 3404
f 3531 3532 3404
f 3404 3532 3405
f 3532 3533 3405
f 3405 3533 3406
f 3533 3534 3406
f 3406 3534 3407
f 3534 3535 3407
f 3407 3535 3408
f 3535 3536 3408
f 3408 3536 3409
f 3536 3537 3409
f 3409 3537 3410
f 3537 3538 3410
f 3410 3538 3411
f 3538 3539 3411
f 3411 3539 3412
f 3539 3540 3412
f 3412 3540 3413
f 3540 3541 3413
f 3413 3541 3414
f 3541 3542 3414
f 3414 3542 3415
f 3542 3543 3415
f 3415 3543 3416
f 3543 3544 3416
f 3416 3544 3417
f 3544 3545 3417
f 3417 3545 3418
f 3545 3546 3418
f 3418 3546 3419
f 3546 3547 3419
f 3419 3547 3420
f 3547 3548 3420
f 3420 3548 3421
f 3548 3549 3421
f 3421 3549 3422
f 3549 3550 3422
f 3422 3550 3423
f 3550 3551 3423
f 3423 3551 3424
f 3551 3552 3424
f 3424 3552 3425
f 3552 3553 3425
f 3425 3553 3426
f 3553 3554 3426
f 3426 3554 3427
f 3554 3555 3427
f 3427 3555 3428
f 3555 3556 3428
f 3428 3556 3429
f 3556 3557 3429
f 3429 3557 3430
f 3557 3558 3430
f 3430 3558 3431
f 3558 3559 3431
f 3431 3559 3432
f 3559 3560 3432
f 3432 3560 3433
f 3560 3561 3433
f 3433 3561 3434
f 3561 3562 3434
f 3434 3562 3435
f 3562 3563 3435
f 3435 3563 3436
f 3563 3564 3436
f 3436 3564 3437
f 3564 3565 3437
f 3437 3565 3438
f 3565 3566 3438
f 3438 3566 3439
f 3566 3567 3439
f 3439 3567 3440
f 3567 3568 3440
f 3440 3568 3441
f 3568 3569 3441
f 3441 3569 3442
f 3569 3570 3442
f 3442 3570 3443
f 3570 3571 3443
f 3443 3571 3444
f 3571 3572 3444
f 3444 3572 3445
f 3572 3573 3445
f 3445 3573 3446
f 3573 3574 3446
f 3446 3574 3447
f 3574 3575 3447
f 3447 3575 3448
f 3575 3576 3448
f 3448 3576 3449
f 3576 3577 3449
f 3449 3577 3450
f 3577 3578 3450
f 3450 3578 3451
f 3578 3579 3451
f 3451 3579 3452
f 3579 3580 3452
f 3452 3580 3453
f 3580 3581 3453
f 3453 3581 3454
f 3581 3582 3454
f 3454 3582 3455
f 3582 3583 3455
f 3455 3583 3456
f 3583 3584 3456
f 3456 3584 3457
f 3584 3585 3457
f 3457 3585 3458
f 3585 3586 3458
f 3458 3586 3459
f 3586 3587 3459
f 3459 3587 3460
f 3587 3588 3460
f 3460 3588 3461
f 3588 3589 3461
f 3461 3589 3462
f 3589 3590 3462
f 3462 3590 3463
f 3590 3591 3463
f 3463 3591 3464
f 3591 3592 3464
f 3464 3592 3465
f 3592 3593 3465
f 3465 3593 3466
f 3593 3594 3466
f 3466 3594 3467
f 3594 3595 3467
f 3467 3595 3468
f 3595 3596 3468
f 3468 3596 3469
f 3596 3597 3469
f 3469 3597 3470
f 3597 3598 3470
f 3470 3598 3471
f 3598 3599 3471
f 3471 3599 3472
f 3599 3600 3472
f 3472 3600 3473
f 3600 3601 3473
f 3473 3601 3474
f 3601 3602 3474
f 3474 3602 3475
f 3602 3603 3475
f 3475 3603 3476
f 3603 3604 3476
f 3476 3604 3477
f 3605 3479 3478
f 3478 3479 3352
f 3604 3605 3477
f 3477 3605 3478
f 3664 3665 3606
f 3662 3663 3664
f 3660 3661 3662
f 3658 3659 3660
f 3656 3657 3658
f 3654 3655 3656
f 3652 3653 3654
f 3650 3651 3652
f 3648 3649 3650
f 3646 3647 3648
f 3644 3645 3646
f 3642 3643 3644
f 3640 3641 3642
f 3638 3639 3640
f 3636 3637 3638
f 3634 3635 3636
f 3632 3633 3634
f 3630 3631 3632
f 3628 3629 3630
f 3626 3627 3628
f 3624 3625 3626
f 3622 3623 3624
f 3620 3621 3622
f 3618 3619 3620
f 3616 3617 3618
f 3614 3615 3616
f 3612 3613 3614
f 3610 3611 3612
f 3607 3608 3609
f 3664 3606 3607
f 3660 3662 3664
f 3656 3658 3660
f 3652 3654 3656
f 3648 3650 3652
f 3644 3646 3648
f 3640 3642 3644
f 3636 3638 3640
f 3632 3634 3636
f 3628 3630 3632
f 3624 3626 3628
f 3620 3622 3624
f 3616 3618 3620
f 3612 3614 3616
f 3609 3610 3612
f 3664 3607 3609
f 3656 3660 3664
f 3648 3652 3656
f 3640 3644 3648
f 3632 3636 3640
f 3624 3628 3632
f 3616 3620 3624
f 3609 3612 3616
f 3656 3664 3609
f 3640 3648 3656
f 3624 3632 3640
f 3609 3616 3624
f 3640 3656 3609
f 3609 3624 3640
f 3666 3725 3724
f 3724 3723 3722
f 3722 3721 3720
f 3720 3719 3718
f 3718 3717 3716
f 3716 3715 3714
f 3714 3713 3712
f 3712 3711 3710
f 3710 3709 3708
f 3708 3707 3706
f 3706 3705 3704
f 3704 3703 3702
f 3702 3701 3700
f 3700 3699 3698
f 3698 3697 3696
f 3696 3695 3694
f 3694 3693 3692
f 3692 3691 3690
f 3690 3689 3688
f 3688 3687 3686
f 3686 3685 3684
f 3684 3683 3682
f 3682 3681 3680
f 3680 3679 3678
f 3678 3677 3676
f 3676 3675 3674
f 3674 3673 3672
f 3672 3671 3670
f 3669 3668 3667
f 3667 3666 3724
f 3724 3722 3720
f 3720 3718 3716
f 3716 3714 3712
f 3712 3710 3708
f 3708 3706 3704
f 3704 3702 3700
f 3700 3698 3696
f 3696 3694 3692
f 3692 3690 3688
f 3688 3686 3684
f 3684 3682 3680
f 3680 3678 3676
f 3676 3674 3672
f 3672 3670 3669
f 3669 3667 3724
f 3724 3720 3716
f 3716 3712 3708
f 3708 3704 3700
f 3700 3696 3692
f 3692 3688 3684
f 3684 3680 3676
f 3676 3672 3669
f 3669 3724 3716
f 3716 3708 3700
f 3700 3692 3684
f 3684 3676 3669
f 3669 3716 3700
f 3700 3684 3669
f 3666 3667 3606
f 3606 3667 3607
f 3667 3668 3607
f 3607 3668 3608
f 3668 3669 3608
f 3608 3669 3609
f 3669 3670 3609
f 3609 3670 3610
f 3670 3671 3610
f 3610 3671 3611
f 3671 3672 3611
f 3611 3672 3612
f 3672 3673 3612
f 3612 3673 3613
f 3673 3674 3613
f 3613 3674 3614
f 3674 3675 3614
f 3614 3675 3615
f 3675 3676 3615
f 3615 3676 3616
f 3676 3677 3616
f 3616 3677 3617
f 3677 3678 3617
f 3617 3678 3618
f 3678 3679 3618
f 3618 3679 3619
f 3679 3680 3619
f 3619 3680 3620
f 3680 3681 3620
f 3620 3681 3621
f 3681 3682 3621
f 3621 3682 3622
f 3682 3683 3622
f 3622 3683 3623
f 3683 3684 3623
f 3623 3684 3624
f 3684 3685 3624
f 3624 3685 3625
f 3685 3686 3625
f 3625 3686 3626
f 3686 3687 3626
f 3626 3687 3627
f 3687 3688 3627
f 3627 3688 3628
f 3688 3689 3628
f 3628 3689 3629
f 3689 3690 3629
f 3629 3690 3630
f 3690 3691 3630
f 3630 3691 3631
f 3691 3692 3631
f 3631 3692 3632
f 3692 3693 3632
f 3632 3693 3633
f 3693 3694 3633
f 3633 3694 3634
f 3694 3695 3634
f 3634 3695 3635
f 3695 3696 3635
f 3635 3696 3636
f 3696 3697 3636
f 3636 3697 3637
f 3697 3698 3637
f 3637 3698 3638
f 3698 3699 3638
f 3638 3699 3639
f 3699 3700 3639
f 3639 3700 3640
f 3700 3701 3640
f 3640 3701 3641
f 3701 3702 3641
f 3641 3702 3642
f 3702 3703 3642
f 3642 3703 3643
f 3703 3704 3643
f 3643 3704 3644
f 3704 3705 3644
f 3644 3705 3645
f 3705 3706 3645
f 3645 3706 3646
f 3706 3707 3646
f 3646 3707 3647
f 3707 3708 3647
f 3647 3708 3648
f 3708 3709 3648
f 3648 3709 3649
f 3709 3710 3649
f 3649 3710 3650
f 3710 3711 3650
f 3650 3711 3651
f 3711 3712 3651
f 3651 3712 3652
f 3712 3713 3652
f 3652 3713 3653
f 3713 3714 3653
f 3653 3714 3654
f 3714 3715 3654
f 3654 3715 3655
f 3715 3716 3655
f 3655 3716 3656
f 3716 3717 3656
f 3656 3717 3657
f 3717 3718 3657
f 3657 3718 3658
f 3718 3719 3658
f 3658 3719 3659
f 3719 3720 3659
f 3659 3720 3660
f 3720 3721 3660
f 3660 3721 3661
f 3721 3722 3661
f 3661 3722 3662
f 3722 3723 3662
f 3662 3723 3663
f 3723 3724 3663
f 3663 3724 3664
f 3725 3666 3665
f 3665 3666 3606
f 3724 3725 3664
f 3664 3725 3665
f 3727 3726 3729
f 3729 3728 3727
f 3733 3730 3731
f 3731 3732 3733
f 3731 3730 3727
f 3727 3730 3726
f 3732 3731 3728
f 3728 3731 3727
f 3730 3733 3726
f 3726 3733 3729
f 3733 3732 3729
f 3729 3732 3728
f 3735 3734 3738
f 3735 3738 3736
f 3736 3738 3739
f 3736 3739 3737
f 3738 3734 3740
f 3738 3740 3739
f 3739 3740 3741
f 3739 3741 3737
f 3740 3734 3742
f 3740 3742 3741
f 3741 3742 3743
f 3741 3743 3737
f 3742 3734 3744
f 3742 3744 3743
f 3743 3744 3745
f 3743 3745 3737
f 3744 3734 3746
f 3744 3746 3745
f 3745 3746 3747
f 3745 3747 3737
f 3746 3734 3748
f 3746 3748 3747
f 3747 3748 3749
f 3747 3749 3737
f 3748 3734 3750
f 3748 3750 3749
f 3749 3750 3751
f 3749 3751 3737
f 3750 3734 3752
f 3750 3752 3751
f 3751 3752 3753
f 3751 3753 3737
f 3752 3734 3754
f 3752 3754 3753
f 3753 3754 3755
f 3753 3755 3737
f 3754 3734 3756
f 3754 3756 3755
f 3755 3756 3757
f 3755 3757 3737
f 3756 3734 3758
f 3756 3758 3757
f 3757 3758 3759
f 3757 3759 3737
f 3758 3734 3760
f 3758 3760 3759
f 3759 3760 3761
f 3759 3761 3737
f 3760 3734 3762
f 3760 3762 3761
f 3761 3762 3763
f 3761 3763 3737
f 3762 3734 3764
f 3762 3764 3763
f 3763 3764 3765
f 3763 3765 3737
f 3764 3734 3766
f 3764 3766 3765
f 3765 3766 3767
f 3765 3767 3737
f 3766 3734 3768
f 3766 3768 3767
f 3767 3768 3769
f 3767 3769 3737
f 3768 3734 3770
f 3768 3770 3769
f 3769 3770 3771
f 3769 3771 3737
f 3770 3734 3772
f 3770 3772 3771
f 3771 3772 3773
f 3771 3773 3737
f 3772 3734 3774
f 3772 3774 3773
f 3773 3774 3775
f 3773 3775 3737
f 3774 3734 3776
f 3774 3776 3775
f 3775 3776 3777
f 3775 3777 3737
f 3776 3734 3778
f 3776 3778 3777
f 3777 3778 3779
f 3777 3779 3737
f 3778 3734 3780
f 3778 3780 3779
f 3779 3780 3781
f 3779 3781 3737
f 3780 3734 3782
f 3780 3782 3781
f 3781 3782 3783
f 3781 3783 3737
f 3782 3734 3784
f 3782 3784 3783
f 3783 3784 3785
f 3783 3785 3737
f 3784 3734 3786
f 3784 3786 3785
f 3785 3786 3787
f 3785 3787 3737
f 3786 3734 3788
f 3786 3788 3787
f 3787 3788 3789
f 3787 3789 3737
f 3788 3734 3790
f 3788 3790 3789
f 3789 3790 3791
f 3789 3791 3737
f 3790 3734 3792
f 3790 3792 3791
f 3791 3792 3793
f 3791 3793 3737
f 3792 3734 3794
f 3792 3794 3793
f 3793 3794 3795
f 3793 3795 3737
f 3794 3734 3796
f 3794 3796 3795
f 3795 3796 3797
f 3795 3797 3737
f 3796 3734 3798
f 3796 3798 3797
f 3797 3798 3799
f 3797 3799 3737
f 3798 3734 3735
f 3798 3735 3799
f 3799 3735 3736
f 3799 3736 3737

