# https://github.com/mikedh/trimesh
v 20.20000000 -3.85000000 0.00000000
v 18.20600000 -3.85000000 0.00000000
v 18.20221913 -4.46062784 0.00000000
v 18.18956411 -4.51439098 0.00000000
v 18.16840674 -4.60174712 0.00000000
v 18.13869329 -4.72085611 0.00000000
v 18.10037004 -4.86987779 0.00000000
v 18.05338326 -5.04697199 0.00000000
v 17.99767923 -5.25029855 0.00000000
v 17.93320420 -5.47801731 0.00000000
v 17.85990447 -5.72828812 0.00000000
v 17.77772630 -5.99927081 0.00000000
v 17.68661596 -6.28912522 0.00000000
v 17.58651972 -6.59601119 0.00000000
v 17.47738387 -6.91808856 0.00000000
v 17.35915466 -7.25351716 0.00000000
v 17.23177838 -7.60045685 0.00000000
v 17.09520130 -7.95706745 0.00000000
v 16.94936968 -8.32150881 0.00000000
v 16.79422981 -8.69194077 0.00000000
v 16.62972795 -9.06652316 0.00000000
v 16.45581038 -9.44341583 0.00000000
v 16.27242337 -9.82077861 0.00000000
v 16.07951319 -10.19677134 0.00000000
v 15.87702612 -10.56955387 0.00000000
v 15.66490843 -10.93728603 0.00000000
v 15.44310638 -11.29812766 0.00000000
v 15.17695691 -11.70283093 0.00000000
v 14.90020973 -12.08612386 0.00000000
v 14.61469156 -12.44842285 0.00000000
v 14.32222914 -12.79014427 0.00000000
v 14.02464919 -13.11170451 0.00000000
v 13.72377844 -13.41351996 0.00000000
v 13.42144362 -13.69600702 0.00000000
v 13.11947147 -13.95958205 0.00000000
v 12.81968870 -14.20466145 0.00000000
v 12.52392204 -14.43166162 0.00000000
v 12.23399824 -14.64099892 0.00000000
v 11.95174400 -14.83308976 0.00000000
v 11.67898607 -15.00835051 0.00000000
v 11.41755118 -15.16719757 0.00000000
v 11.16926604 -15.31004732 0.00000000
v 10.93595740 -15.43731615 0.00000000
v 10.71945197 -15.54942044 0.00000000
v 10.52157649 -15.64677658 0.00000000
v 10.34415769 -15.72980095 0.00000000
v 10.18902230 -15.79890996 0.00000000
v 10.05799704 -15.85451997 0.00000000
v 9.95290864 -15.89704738 0.00000000
v 9.87558383 -15.92690858 0.00000000
v 9.82784935 -15.94451995 0.00000000
v 9.81153191 -15.95029787 0.00000000
v 9.81153191 -18.53872340 0.00000000
v 2.50000000 -18.53900000 0.00000000
v 2.50000000 -16.65000000 0.00000000
v -2.50000000 -16.65000000 0.00000000
v -2.50000000 -18.53900000 0.00000000
v -10.68600000 -18.53872340 0.00000000
v -10.68600000 -15.95029787 0.00000000
v -10.96016827 -15.72590796 0.00000000
v -11.22085098 -15.50574908 0.00000000
v -11.46900180 -15.28935111 0.00000000
v -11.70557438 -15.07624394 0.00000000
v -11.93152238 -14.86595745 0.00000000
v -12.14779947 -14.65802153 0.00000000
v -12.35535929 -14.45196607 0.00000000
v -12.55515552 -14.24732095 0.00000000
v -12.74814182 -14.04361605 0.00000000
v -12.93527183 -13.84038128 0.00000000
v -13.11749923 -13.63714650 0.00000000
v -13.29577766 -13.43344161 0.00000000
v -13.47106080 -13.22879649 0.00000000
v -13.64430231 -13.02274102 0.00000000
v -13.81645583 -12.81480511 0.00000000
v -13.98847504 -12.60451862 0.00000000
v -14.16131358 -12.39141145 0.00000000
v -14.33592513 -12.17501347 0.00000000
v -14.51326334 -11.95485459 0.00000000
v -14.69428187 -11.73046468 0.00000000
v -14.87993439 -11.50137363 0.00000000
v -15.07117454 -11.26711133 0.00000000
v -15.26895599 -11.02720765 0.00000000
v -15.47423241 -10.78119250 0.00000000
v -15.68795745 -10.52859574 0.00000000
v -15.90770442 -10.27466476 0.00000000
v -16.11416732 -10.03240604 0.00000000
v -16.30816547 -9.80039581 0.00000000
v -16.49051823 -9.57721029 0.00000000
v -16.66204494 -9.36142570 0.00000000
v -16.82356493 -9.15161828 0.00000000
v -16.97589755 -8.94636425 0.00000000
v -17.11986214 -8.74423984 0.00000000
v -17.25627804 -8.54382127 0.00000000
v -17.38596460 -8.34368477 0.00000000
v -17.50974115 -8.14240656 0.00000000
v -17.62842703 -7.93856287 0.00000000
v -17.74284160 -7.73072993 0.00000000
v -17.85380418 -7.51748396 0.00000000
v -17.96213413 -7.29740119 0.00000000
v -18.06865078 -7.06905785 0.00000000
v -18.17417347 -6.83103015 0.00000000
v -18.27952155 -6.58189433 0.00000000
v -18.38551436 -6.32022662 0.00000000
v -18.49297123 -6.04460323 0.00000000
v -18.60271152 -5.75360040 0.00000000
v -18.71555456 -5.44579435 0.00000000
v -18.83231970 -5.11976131 0.00000000
v -18.95382627 -4.77407750 0.00000000
v -19.08100000 -3.85000000 0.00000000
v -21.07500000 -3.85000000 0.00000000
v -21.07500000 3.85000000 0.00000000
v -19.08100000 3.85000000 0.00000000
v -19.07285019 4.50496855 0.00000000
v -19.04878259 4.58598487 0.00000000
v -19.00878484 4.71723623 0.00000000
v -18.95295096 4.89563332 0.00000000
v -18.88137498 5.11808681 0.00000000
v -18.79415091 5.38150738 0.00000000
v -18.69137279 5.68280571 0.00000000
v -18.57313463 6.01889247 0.00000000
v -18.43953046 6.38667836 0.00000000
v -18.29065430 6.78307404 0.00000000
v -18.12660017 7.20499020 0.00000000
v -17.94746209 7.64933752 0.00000000
v -17.75333409 8.11302667 0.00000000
v -17.54431020 8.59296833 0.00000000
v -17.32048443 9.08607319 0.00000000
v -17.08195080 9.58925192 0.00000000
v -16.82880334 10.09941520 0.00000000
v -16.56113608 10.61347372 0.00000000
v -16.27904303 11.12833814 0.00000000
v -15.98261821 11.64091915 0.00000000
v -15.67195566 12.14812743 0.00000000
v -15.34714939 12.64687365 0.00000000
v -15.00829343 13.13406851 0.00000000
v -14.65548179 13.60662267 0.00000000
v -14.28880851 14.06144681 0.00000000
v -13.94148154 14.44195935 0.00000000
v -13.55720361 14.80299574 0.00000000
v -13.14032662 15.14489178 0.00000000
v -12.69520250 15.46798325 0.00000000
v -12.22618315 15.77260596 0.00000000
v -11.73762049 16.05909569 0.00000000
v -11.23386643 16.32778826 0.00000000
v -10.71927288 16.57901944 0.00000000
v -10.19819176 16.81312504 0.00000000
v -9.67497498 17.03044085 0.00000000
v -9.15397445 17.23130267 0.00000000
v -8.63954208 17.41604630 0.00000000
v -8.13602980 17.58500752 0.00000000
v -7.64778950 17.73852214 0.00000000
v -7.17917311 17.87692596 0.00000000
v -6.73453253 18.00055476 0.00000000
v -6.31821968 18.10974434 0.00000000
v -5.93458647 18.20483050 0.00000000
v -5.58798482 18.28614904 0.00000000
v -5.28276664 18.35403574 0.00000000
v -5.02328383 18.40882642 0.00000000
v -4.81388832 18.45085685 0.00000000
v -4.65893202 18.48046284 0.00000000
v -4.56276683 18.49798019 0.00000000
v -4.10000000 18.50400000 0.00000000
v -4.10000000 20.00800000 0.00000000
v 4.10000000 20.00800000 0.00000000
v 4.10000000 18.50400000 0.00000000
v 3.71601085 18.50221121 0.00000000
v 3.79153132 18.49684967 0.00000000
v 3.91419750 18.48651836 0.00000000
v 4.08139020 18.47007556 0.00000000
v 4.29049021 18.44637957 0.00000000
v 4.53887833 18.41428869 0.00000000
v 4.82393533 18.37266122 0.00000000
v 5.14304203 18.32035543 0.00000000
v 5.49357921 18.25622964 0.00000000
v 5.87292766 18.17914213 0.00000000
v 6.27846818 18.08795120 0.00000000
v 6.70758156 17.98151514 0.00000000
v 7.15764860 17.85869225 0.00000000
v 7.62605008 17.71834082 0.00000000
v 8.11016681 17.55931915 0.00000000
v 8.60737957 17.38048553 0.00000000
v 9.11506915 17.18069825 0.00000000
v 9.63061636 16.95881562 0.00000000
v 10.15140198 16.71369592 0.00000000
v 10.67480681 16.44419745 0.00000000
v 11.19821164 16.14917850 0.00000000
v 11.71899726 15.82749737 0.00000000
v 12.23454446 15.47801235 0.00000000
v 12.74223405 15.09958174 0.00000000
v 13.23944681 14.69106383 0.00000000
v 13.74233004 14.21766123 0.00000000
v 14.21080092 13.72318408 0.00000000
v 14.64604146 13.21107095 0.00000000
v 15.04923364 12.68476037 0.00000000
v 15.42155949 12.14769089 0.00000000
v 15.76420099 11.60330107 0.00000000
v 16.07834015 11.05502945 0.00000000
v 16.36515896 10.50631458 0.00000000
v 16.62583944 9.96059500 0.00000000
v 16.86156357 9.42130928 0.00000000
v 17.07351337 8.89189594 0.00000000
v 17.26287083 8.37579356 0.00000000
v 17.43081795 7.87644066 0.00000000
v 17.57853674 7.39727580 0.00000000
v 17.70720919 6.94173753 0.00000000
v 17.81801731 6.51326440 0.00000000
v 17.91214310 6.11529495 0.00000000
v 17.99076855 5.75126774 0.00000000
v 18.05507567 5.42462131 0.00000000
v 18.10624647 5.13879421 0.00000000
v 18.14546293 4.89722499 0.00000000
v 18.17390707 4.70335220 0.00000000
v 18.19276088 4.56061438 0.00000000
v 18.20320637 4.47245009 0.00000000
v 18.20600000 3.85000000 0.00000000
v 20.20000000 3.85000000 0.00000000
v -9.30300000 -15.43900000 0.00000000
v -8.60300000 -16.13900000 0.00000000
v -6.40300000 -16.13900000 0.00000000
v -6.40300000 -11.03900000 0.00000000
v -9.30300000 -11.03900000 0.00000000
v 7.00300000 -16.13900000 0.00000000
v 9.20300000 -16.13900000 0.00000000
v 9.90300000 -15.43900000 0.00000000
v 9.90300000 -11.03900000 0.00000000
v 7.00300000 -11.03900000 0.00000000
v 12.95961702 8.56978723 0.00000000
v 12.95961702 13.08204255 0.00000000
v 7.60787234 13.08204255 0.00000000
v 7.60787234 8.56978723 0.00000000
v 20.20000000 -3.85000000 1.00000000
v 18.20600000 -3.85000000 1.00000000
v 18.20221913 -4.46062784 1.00000000
v 18.18956411 -4.51439098 1.00000000
v 18.16840674 -4.60174712 1.00000000
v 18.13869329 -4.72085611 1.00000000
v 18.10037004 -4.86987779 1.00000000
v 18.05338326 -5.04697199 1.00000000
v 17.99767923 -5.25029855 1.00000000
v 17.93320420 -5.47801731 1.00000000
v 17.85990447 -5.72828812 1.00000000
v 17.77772630 -5.99927081 1.00000000
v 17.68661596 -6.28912522 1.00000000
v 17.58651972 -6.59601119 1.00000000
v 17.47738387 -6.91808856 1.00000000
v 17.35915466 -7.25351716 1.00000000
v 17.23177838 -7.60045685 1.00000000
v 17.09520130 -7.95706745 1.00000000
v 16.94936968 -8.32150881 1.00000000
v 16.79422981 -8.69194077 1.00000000
v 16.62972795 -9.06652316 1.00000000
v 16.45581038 -9.44341583 1.00000000
v 16.27242337 -9.82077861 1.00000000
v 16.07951319 -10.19677134 1.00000000
v 15.87702612 -10.56955387 1.00000000
v 15.66490843 -10.93728603 1.00000000
v 15.44310638 -11.29812766 1.00000000
v 15.17695691 -11.70283093 1.00000000
v 14.90020973 -12.08612386 1.00000000
v 14.61469156 -12.44842285 1.00000000
v 14.32222914 -12.79014427 1.00000000
v 14.02464919 -13.11170451 1.00000000
v 13.72377844 -13.41351996 1.00000000
v 13.42144362 -13.69600702 1.00000000
v 13.11947147 -13.95958205 1.00000000
v 12.81968870 -14.20466145 1.00000000
v 12.52392204 -14.43166162 1.00000000
v 12.23399824 -14.64099892 1.00000000
v 11.95174400 -14.83308976 1.00000000
v 11.67898607 -15.00835051 1.00000000
v 11.41755118 -15.16719757 1.00000000
v 11.16926604 -15.31004732 1.00000000
v 10.93595740 -15.43731615 1.00000000
v 10.71945197 -15.54942044 1.00000000
v 10.52157649 -15.64677658 1.00000000
v 10.34415769 -15.72980095 1.00000000
v 10.18902230 -15.79890996 1.00000000
v 10.05799704 -15.85451997 1.00000000
v 9.95290864 -15.89704738 1.00000000
v 9.87558383 -15.92690858 1.00000000
v 9.82784935 -15.94451995 1.00000000
v 9.81153191 -15.95029787 1.00000000
v 9.81153191 -18.53872340 1.00000000
v 2.50000000 -18.53900000 1.00000000
v 2.50000000 -16.65000000 1.00000000
v -2.50000000 -16.65000000 1.00000000
v -2.50000000 -18.53900000 1.00000000
v -10.68600000 -18.53872340 1.00000000
v -10.68600000 -15.95029787 1.00000000
v -10.96016827 -15.72590796 1.00000000
v -11.22085098 -15.50574908 1.00000000
v -11.46900180 -15.28935111 1.00000000
v -11.70557438 -15.07624394 1.00000000
v -11.93152238 -14.86595745 1.00000000
v -12.14779947 -14.65802153 1.00000000
v -12.35535929 -14.45196607 1.00000000
v -12.55515552 -14.24732095 1.00000000
v -12.74814182 -14.04361605 1.00000000
v -12.93527183 -13.84038128 1.00000000
v -13.11749923 -13.63714650 1.00000000
v -13.29577766 -13.43344161 1.00000000
v -13.47106080 -13.22879649 1.00000000
v -13.64430231 -13.02274102 1.00000000
v -13.81645583 -12.81480511 1.00000000
v -13.98847504 -12.60451862 1.00000000
v -14.16131358 -12.39141145 1.00000000
v -14.33592513 -12.17501347 1.00000000
v -14.51326334 -11.95485459 1.00000000
v -14.69428187 -11.73046468 1.00000000
v -14.87993439 -11.50137363 1.00000000
v -15.07117454 -11.26711133 1.00000000
v -15.26895599 -11.02720765 1.00000000
v -15.47423241 -10.78119250 1.00000000
v -15.68795745 -10.52859574 1.00000000
v -15.90770442 -10.27466476 1.00000000
v -16.11416732 -10.03240604 1.00000000
v -16.30816547 -9.80039581 1.00000000
v -16.49051823 -9.57721029 1.00000000
v -16.66204494 -9.36142570 1.00000000
v -16.82356493 -9.15161828 1.00000000
v -16.97589755 -8.94636425 1.00000000
v -17.11986214 -8.74423984 1.00000000
v -17.25627804 -8.54382127 1.00000000
v -17.38596460 -8.34368477 1.00000000
v -17.50974115 -8.14240656 1.00000000
v -17.62842703 -7.93856287 1.00000000
v -17.74284160 -7.73072993 1.00000000
v -17.85380418 -7.51748396 1.00000000
v -17.96213413 -7.29740119 1.00000000
v -18.06865078 -7.06905785 1.00000000
v -18.17417347 -6.83103015 1.00000000
v -18.27952155 -6.58189433 1.00000000
v -18.38551436 -6.32022662 1.00000000
v -18.49297123 -6.04460323 1.00000000
v -18.60271152 -5.75360040 1.00000000
v -18.71555456 -5.44579435 1.00000000
v -18.83231970 -5.11976131 1.00000000
v -18.95382627 -4.77407750 1.00000000
v -19.08100000 -3.85000000 1.00000000
v -21.07500000 -3.85000000 1.00000000
v -21.07500000 3.85000000 1.00000000
v -19.08100000 3.85000000 1.00000000
v -19.07285019 4.50496855 1.00000000
v -19.04878259 4.58598487 1.00000000
v -19.00878484 4.71723623 1.00000000
v -18.95295096 4.89563332 1.00000000
v -18.88137498 5.11808681 1.00000000
v -18.79415091 5.38150738 1.00000000
v -18.69137279 5.68280571 1.00000000
v -18.57313463 6.01889247 1.00000000
v -18.43953046 6.38667836 1.00000000
v -18.29065430 6.78307404 1.00000000
v -18.12660017 7.20499020 1.00000000
v -17.94746209 7.64933752 1.00000000
v -17.75333409 8.11302667 1.00000000
v -17.54431020 8.59296833 1.00000000
v -17.32048443 9.08607319 1.00000000
v -17.08195080 9.58925192 1.00000000
v -16.82880334 10.09941520 1.00000000
v -16.56113608 10.61347372 1.00000000
v -16.27904303 11.12833814 1.00000000
v -15.98261821 11.64091915 1.00000000
v -15.67195566 12.14812743 1.00000000
v -15.34714939 12.64687365 1.00000000
v -15.00829343 13.13406851 1.00000000
v -14.65548179 13.60662267 1.00000000
v -14.28880851 14.06144681 1.00000000
v -13.94148154 14.44195935 1.00000000
v -13.55720361 14.80299574 1.00000000
v -13.14032662 15.14489178 1.00000000
v -12.69520250 15.46798325 1.00000000
v -12.22618315 15.77260596 1.00000000
v -11.73762049 16.05909569 1.00000000
v -11.23386643 16.32778826 1.00000000
v -10.71927288 16.57901944 1.00000000
v -10.19819176 16.81312504 1.00000000
v -9.67497498 17.03044085 1.00000000
v -9.15397445 17.23130267 1.00000000
v -8.63954208 17.41604630 1.00000000
v -8.13602980 17.58500752 1.00000000
v -7.64778950 17.73852214 1.00000000
v -7.17917311 17.87692596 1.00000000
v -6.73453253 18.00055476 1.00000000
v -6.31821968 18.10974434 1.00000000
v -5.93458647 18.20483050 1.00000000
v -5.58798482 18.28614904 1.00000000
v -5.28276664 18.35403574 1.00000000
v -5.02328383 18.40882642 1.00000000
v -4.81388832 18.45085685 1.00000000
v -4.65893202 18.48046284 1.00000000
v -4.56276683 18.49798019 1.00000000
v -4.10000000 18.50400000 1.00000000
v -4.10000000 20.00800000 1.00000000
v 4.10000000 20.00800000 1.00000000
v 4.10000000 18.50400000 1.00000000
v 3.71601085 18.50221121 1.00000000
v 3.79153132 18.49684967 1.00000000
v 3.91419750 18.48651836 1.00000000
v 4.08139020 18.47007556 1.00000000
v 4.29049021 18.44637957 1.00000000
v 4.53887833 18.41428869 1.00000000
v 4.82393533 18.37266122 1.00000000
v 5.14304203 18.32035543 1.00000000
v 5.49357921 18.25622964 1.00000000
v 5.87292766 18.17914213 1.00000000
v 6.27846818 18.08795120 1.00000000
v 6.70758156 17.98151514 1.00000000
v 7.15764860 17.85869225 1.00000000
v 7.62605008 17.71834082 1.00000000
v 8.11016681 17.55931915 1.00000000
v 8.60737957 17.38048553 1.00000000
v 9.11506915 17.18069825 1.00000000
v 9.63061636 16.95881562 1.00000000
v 10.15140198 16.71369592 1.00000000
v 10.67480681 16.44419745 1.00000000
v 11.19821164 16.14917850 1.00000000
v 11.71899726 15.82749737 1.00000000
v 12.23454446 15.47801235 1.00000000
v 12.74223405 15.09958174 1.00000000
v 13.23944681 14.69106383 1.00000000
v 13.74233004 14.21766123 1.00000000
v 14.21080092 13.72318408 1.00000000
v 14.64604146 13.21107095 1.00000000
v 15.04923364 12.68476037 1.00000000
v 15.42155949 12.14769089 1.00000000
v 15.76420099 11.60330107 1.00000000
v 16.07834015 11.05502945 1.00000000
v 16.36515896 10.50631458 1.00000000
v 16.62583944 9.96059500 1.00000000
v 16.86156357 9.42130928 1.00000000
v 17.07351337 8.89189594 1.00000000
v 17.26287083 8.37579356 1.00000000
v 17.43081795 7.87644066 1.00000000
v 17.57853674 7.39727580 1.00000000
v 17.70720919 6.94173753 1.00000000
v 17.81801731 6.51326440 1.00000000
v 17.91214310 6.11529495 1.00000000
v 17.99076855 5.75126774 1.00000000
v 18.05507567 5.42462131 1.00000000
v 18.10624647 5.13879421 1.00000000
v 18.14546293 4.89722499 1.00000000
v 18.17390707 4.70335220 1.00000000
v 18.19276088 4.56061438 1.00000000
v 18.20320637 4.47245009 1.00000000
v 18.20600000 3.85000000 1.00000000
v 20.20000000 3.85000000 1.00000000
v -9.30300000 -15.43900000 1.00000000
v -8.60300000 -16.13900000 1.00000000
v -6.40300000 -16.13900000 1.00000000
v -6.40300000 -11.03900000 1.00000000
v -9.30300000 -11.03900000 1.00000000
v 7.00300000 -16.13900000 1.00000000
v 9.20300000 -16.13900000 1.00000000
v 9.90300000 -15.43900000 1.00000000
v 9.90300000 -11.03900000 1.00000000
v 7.00300000 -11.03900000 1.00000000
v 12.95961702 8.56978723 1.00000000
v 12.95961702 13.08204255 1.00000000
v 7.60787234 13.08204255 1.00000000
v 7.60787234 8.56978723 1.00000000
v -16.97589684 -8.94636440 0.00000000
v -16.66204453 -9.36142540 0.00000000
v -16.82356453 -9.15161800 0.00000000
v -16.49051857 -9.57721043 0.00000000
v -16.30816460 -9.80039597 0.00000000
v -16.11416817 -10.03240585 0.00000000
v -12.74814224 -14.04361629 0.00000000
v -12.93527222 -13.84038162 0.00000000
v -12.14779949 -14.65802193 0.00000000
v -12.35535908 -14.45196629 0.00000000
v -12.55515575 -14.24732113 0.00000000
v -11.46900177 -15.28935146 0.00000000
v -11.70557404 -15.07624435 0.00000000
v -10.96016788 -15.72590828 0.00000000
v -11.22085094 -15.50574875 0.00000000
v -11.93152237 -14.86595726 0.00000000
v -11.30918598 -13.79963970 0.00000000
v -11.10685730 -13.99416447 0.00000000
v -10.89517307 -14.19117641 0.00000000
v -14.69428158 -11.73046494 0.00000000
v -14.87993431 -11.50137329 0.00000000
v -13.98847485 -12.60451889 0.00000000
v -13.47106075 -13.22879696 0.00000000
v -13.81645584 -12.81480503 0.00000000
v -13.64430237 -13.02274132 0.00000000
v -14.51326370 -11.95485497 0.00000000
v -14.33592510 -12.17501354 0.00000000
v -14.16131401 -12.39141178 0.00000000
v -13.40171432 -11.42185307 0.00000000
v -15.47423267 -10.78119278 0.00000000
v -15.68795776 -10.52859592 0.00000000
v -15.90770435 -10.27466488 0.00000000
v -15.26895618 -11.02720737 0.00000000
v -15.07117462 -11.26711178 0.00000000
v -15.38321114 -9.03586674 0.00000000
v -14.78055286 -9.74334526 0.00000000
v -14.77187443 -9.75348759 0.00000000
v -15.19719696 -9.25832748 0.00000000
v -14.99733162 -9.49284554 0.00000000
v -14.34757614 -10.25840378 0.00000000
v -14.34304428 -10.26386738 0.00000000
v -14.14526272 -10.50377083 0.00000000
v -14.14159203 -10.50824642 0.00000000
v -13.95035172 -10.74250889 0.00000000
v -13.94763470 -10.74584961 0.00000000
v -13.76198196 -10.97494030 0.00000000
v -13.76030636 -10.97701359 0.00000000
v -13.57873344 -11.20209026 0.00000000
v -14.55814934 -10.00608444 0.00000000
v -14.55285263 -10.01238823 0.00000000
v -13.29577732 -13.43344116 0.00000000
v -13.11749935 -13.63714695 0.00000000
v -12.38855267 -12.64795876 0.00000000
v -12.21923828 -12.84142113 0.00000000
v -12.04711819 -13.03338337 0.00000000
v -12.72287464 -12.25398159 0.00000000
v -12.88987541 -12.05226898 0.00000000
v -13.22836590 -11.63668633 0.00000000
v -13.05805969 -11.84667110 0.00000000
v -12.55609512 -12.45235062 0.00000000
v -11.87113667 -13.22451019 0.00000000
v -11.50326920 -13.60696316 0.00000000
v -11.69021797 -13.41547680 0.00000000
v -14.69428158 -11.73046494 3.06999993
v -14.67589855 -11.75325203 3.06999993
v -14.87993431 -11.50137329 3.06999993
v -14.89630604 -11.48131847 3.06999993
v -13.73222733 -11.01181984 3.06999993
v -13.95035172 -10.74250889 3.06999993
v -13.94763470 -10.74584961 3.06999993
v -13.95254898 -10.73981762 3.06999993
v -13.76198196 -10.97494030 3.06999993
v -18.60271072 -5.75360060 0.00000000
v -18.71555519 -5.44579458 0.00000000
v -18.83231926 -5.11976147 0.00000000
v -18.95382690 -4.77407742 0.00000000
v -17.38596535 -8.34368515 0.00000000
v -17.25627899 -8.54382133 0.00000000
v -17.74284172 -7.73073006 0.00000000
v -17.62842751 -7.93856287 0.00000000
v -17.50974083 -8.14240646 0.00000000
v -17.85380363 -7.51748419 0.00000000
v -17.96213341 -7.29740143 0.00000000
v -18.17417336 -6.83103037 0.00000000
v -18.27952194 -6.58189440 0.00000000
v -18.06865120 -7.06905794 0.00000000
v -17.11986160 -8.74423981 0.00000000
v -16.25661659 -7.87984657 0.00000000
v -16.37120247 -7.70301580 0.00000000
v -16.13503647 -8.05846786 0.00000000
v -16.00529099 -8.24063110 0.00000000
v -16.58414650 -7.34722042 0.00000000
v -16.68482590 -7.16433573 0.00000000
v -16.97628593 -6.57219744 0.00000000
v -16.78309631 -6.97548389 0.00000000
v -16.87994576 -6.77872419 0.00000000
v -16.47998428 -7.52611971 0.00000000
v -18.38551521 -6.32022667 0.00000000
v -18.49297142 -6.04460335 0.00000000
v -17.37251282 -5.61493397 0.00000000
v -17.27033997 -5.87700319 0.00000000
v -17.47794342 -5.33535719 0.00000000
v -17.58733559 -5.03696585 0.00000000
v -17.70139313 -4.71849251 0.00000000
v -17.78154945 -4.49044847 0.00000000
v -17.07295227 -6.35414696 0.00000000
v -17.17072296 -6.12292719 0.00000000
v -21.07500076 -3.84999990 0.00000000
v -19.87500000 -2.65000010 0.00000000
v -19.08099937 -3.84999990 0.00000000
v -19.08099937 -2.65000010 0.00000000
v -18.96645164 -2.65547967 0.00000000
v -18.85295105 -2.67186880 0.00000000
v -18.74153137 -2.69901752 0.00000000
v -18.63321304 -2.73667789 0.00000000
v -18.52898407 -2.78450608 0.00000000
v -21.07500076 0.00000000 0.00000000
v -17.89220428 -3.68639517 0.00000000
v -17.91324997 -3.57366395 0.00000000
v -18.33655548 -2.90882969 0.00000000
v -18.25011253 -2.98418975 0.00000000
v -18.03912354 -3.25460625 0.00000000
v -17.94496155 -3.46345639 0.00000000
v -17.98704720 -3.35677910 0.00000000
v -18.10071564 -3.15787101 0.00000000
v -18.17126083 -3.06745696 0.00000000
v -18.42979622 -2.84206510 0.00000000
v -15.71686745 -8.62201595 0.00000000
v -15.86625290 -8.42797089 0.00000000
v -15.55615520 -8.82419586 0.00000000
v -17.62842751 -7.93856287 3.06999993
v -17.68037987 -7.84419346 3.06999993
v -17.50974083 -8.14240646 3.06999993
v -17.50556755 -8.14919376 3.06999993
v -16.58414650 -7.34722042 3.06999993
v -16.58472252 -7.34617472 3.06999993
v -16.40457344 -7.64874935 3.06999993
v -16.47998428 -7.52611971 3.06999993
v -10.68599987 -18.53872299 0.00000000
v -9.48600006 -17.33876419 0.00000000
v -10.68599987 -15.95029831 0.00000000
v -9.48600006 -15.95029831 0.00000000
v -9.49179554 -15.83249950 0.00000000
v -9.50912762 -15.71583939 0.00000000
v -9.53782749 -15.60144329 0.00000000
v -9.83848286 -15.10075951 0.00000000
v -9.92597198 -15.02166557 0.00000000
v -9.62811565 -15.38383389 0.00000000
v -9.68883228 -15.28272247 0.00000000
v -9.57761860 -15.49041748 0.00000000
v -9.75918102 -15.18805981 0.00000000
v -10.67302704 -14.39128780 0.00000000
v -10.43932152 -14.59508896 0.00000000
v -10.19297218 -14.80314255 0.00000000
v -3.70000005 -17.33895874 0.00000000
v -3.70000005 -16.64999962 0.00000000
v -2.50000000 -18.53899956 0.00000000
v -2.50000000 -16.64999962 0.00000000
v -2.50000000 -15.44999981 0.00000000
v -3.70000005 -12.39999962 0.00000000
v -3.68101645 -12.02567768 0.00000000
v -3.62426066 -11.65519524 0.00000000
v -3.53031516 -11.29235649 0.00000000
v -3.40014386 -10.94088364 0.00000000
v -3.23508239 -10.60438251 0.00000000
v -3.03682470 -10.28630733 0.00000000
v -2.50000000 -12.39999962 0.00000000
v -2.48717332 -12.14707947 0.00000000
v -2.44882488 -11.89675331 0.00000000
v -2.38534808 -11.65159225 0.00000000
v -2.29739451 -11.41411018 0.00000000
v -2.18586659 -11.18674469 0.00000000
v -2.05190849 -10.97182941 0.00000000
v -1.89689529 -10.77156925 0.00000000
v -2.80740499 -9.98992157 0.00000000
v -2.54917765 -9.71826649 0.00000000
v -2.26479220 -9.47412968 0.00000000
v -1.95716679 -9.26001644 0.00000000
v -1.72241735 -10.58801842 0.00000000
v -1.53026497 -10.42306042 0.00000000
v -1.32240999 -10.27838898 0.00000000
v -1.10098541 -10.15548897 0.00000000
v -1.62945831 -9.07812309 0.00000000
v -1.28502941 -8.93031693 0.00000000
v -0.86826313 -10.05561924 0.00000000
v -0.62663132 -9.97980690 0.00000000
v -0.92741436 -8.81811428 0.00000000
v -0.56028277 -8.74266720 0.00000000
v -16.97589684 -8.94636440 6.76999998
v -16.66204453 -9.36142540 6.76999998
v -16.82356453 -9.15161800 6.76999998
v -16.49051857 -9.57721043 6.76999998
v -16.30816460 -9.80039597 6.76999998
v -16.11416817 -10.03240585 6.76999998
v -12.74814224 -14.04361629 6.76999998
v -12.93527222 -13.84038162 6.76999998
v -12.14779949 -14.65802193 6.76999998
v -12.35535908 -14.45196629 6.76999998
v -12.55515575 -14.24732113 6.76999998
v -11.46900177 -15.28935146 6.76999998
v -11.70557404 -15.07624435 6.76999998
v -10.96016788 -15.72590828 6.76999998
v -11.22085094 -15.50574875 6.76999998
v -11.93152237 -14.86595726 6.76999998
v -11.30918598 -13.79963970 6.76999998
v -11.10685730 -13.99416447 6.76999998
v -10.89517307 -14.19117641 6.76999998
v -14.67589855 -11.75325203 6.76999998
v -14.89630604 -11.48131847 6.76999998
v -13.98847485 -12.60451889 6.76999998
v -13.47106075 -13.22879696 6.76999998
v -13.81645584 -12.81480503 6.76999998
v -13.64430237 -13.02274132 6.76999998
v -14.51326370 -11.95485497 6.76999998
v -14.33592510 -12.17501354 6.76999998
v -14.16131401 -12.39141178 6.76999998
v -13.40171432 -11.42185307 6.76999998
v -15.47423267 -10.78119278 6.76999998
v -15.68795776 -10.52859592 6.76999998
v -15.90770435 -10.27466488 6.76999998
v -15.26895618 -11.02720737 6.76999998
v -15.07117462 -11.26711178 6.76999998
v -15.38321114 -9.03586674 6.76999998
v -14.78055286 -9.74334526 6.76999998
v -14.77187443 -9.75348759 6.76999998
v -15.19719696 -9.25832748 6.76999998
v -14.99733162 -9.49284554 6.76999998
v -14.09401798 -10.85096836 6.76999998
v -14.34757614 -10.25840378 6.76999998
v -14.34304428 -10.26386738 6.76999998
v -14.14526272 -10.50377083 6.76999998
v -14.14159203 -10.50824642 6.76999998
v -13.96637726 -11.19578934 6.76999998
v -13.73222733 -11.01181984 6.76999998
v -13.95254898 -10.73981762 6.76999998
v -13.57873344 -11.20209026 6.76999998
v -14.55814934 -10.00608444 6.76999998
v -14.55285263 -10.01238823 6.76999998
v -13.29577732 -13.43344116 6.76999998
v -13.11749935 -13.63714695 6.76999998
v -12.38855267 -12.64795876 6.76999998
v -12.21923828 -12.84142113 6.76999998
v -12.04711819 -13.03338337 6.76999998
v -12.72287464 -12.25398159 6.76999998
v -12.88987541 -12.05226898 6.76999998
v -13.22836590 -11.63668633 6.76999998
v -13.05805969 -11.84667110 6.76999998
v -12.55609512 -12.45235062 6.76999998
v -11.87113667 -13.22451019 6.76999998
v -11.50326920 -13.60696316 6.76999998
v -11.69021797 -13.41547680 6.76999998
v -18.60271072 -5.75360060 6.76999998
v -18.71555519 -5.44579458 6.76999998
v -18.83231926 -5.11976147 6.76999998
v -18.95382690 -4.77407742 6.76999998
v -17.38596535 -8.34368515 6.76999998
v -17.25627899 -8.54382133 6.76999998
v -17.74284172 -7.73073006 6.76999998
v -17.68037987 -7.84419346 6.76999998
v -17.50556755 -8.14919376 6.76999998
v -17.85380363 -7.51748419 6.76999998
v -17.96213341 -7.29740143 6.76999998
v -18.17417336 -6.83103037 6.76999998
v -18.27952194 -6.58189440 6.76999998
v -18.06865120 -7.06905794 6.76999998
v -17.11986160 -8.74423981 6.76999998
v -16.25661659 -7.87984657 6.76999998
v -16.37120247 -7.70301580 6.76999998
v -16.13503647 -8.05846786 6.76999998
v -16.00529099 -8.24063110 6.76999998
v -16.58472252 -7.34617472 6.76999998
v -16.68482590 -7.16433573 6.76999998
v -16.97628593 -6.57219744 6.76999998
v -16.78309631 -6.97548389 6.76999998
v -16.87994576 -6.77872419 6.76999998
v -16.40457344 -7.64874935 6.76999998
v -18.38551521 -6.32022667 6.76999998
v -18.49297142 -6.04460335 6.76999998
v -17.37251282 -5.61493397 6.76999998
v -17.27033997 -5.87700319 6.76999998
v -17.47794342 -5.33535719 6.76999998
v -17.58733559 -5.03696585 6.76999998
v -17.70139313 -4.71849251 6.76999998
v -17.78154945 -4.49044847 6.76999998
v -17.07295227 -6.35414696 6.76999998
v -17.17072296 -6.12292719 6.76999998
v -21.07500076 -3.84999990 6.76999998
v -19.87500000 -2.65000010 6.76999998
v -19.08099937 -3.84999990 6.76999998
v -19.08099937 -2.65000010 6.76999998
v -18.96645164 -2.65547967 6.76999998
v -18.85295105 -2.67186880 6.76999998
v -18.74153137 -2.69901752 6.76999998
v -18.63321304 -2.73667789 6.76999998
v -18.52898407 -2.78450608 6.76999998
v -21.07500076 0.00000000 6.76999998
v -17.89220428 -3.68639517 6.76999998
v -17.91324997 -3.57366395 6.76999998
v -18.33655548 -2.90882969 6.76999998
v -18.25011253 -2.98418975 6.76999998
v -18.03912354 -3.25460625 6.76999998
v -17.94496155 -3.46345639 6.76999998
v -17.98704720 -3.35677910 6.76999998
v -18.10071564 -3.15787101 6.76999998
v -18.17126083 -3.06745696 6.76999998
v -18.42979622 -2.84206510 6.76999998
v -15.71686745 -8.62201595 6.76999998
v -15.86625290 -8.42797089 6.76999998
v -15.55615520 -8.82419586 6.76999998
v -10.68599987 -18.53872299 6.76999998
v -9.48600006 -17.33876419 6.76999998
v -10.68599987 -15.95029831 6.76999998
v -9.48600006 -15.95029831 6.76999998
v -9.49179554 -15.83249950 6.76999998
v -9.50912762 -15.71583939 6.76999998
v -9.53782749 -15.60144329 6.76999998
v -9.83848286 -15.10075951 6.76999998
v -9.92597198 -15.02166557 6.76999998
v -9.62811565 -15.38383389 6.76999998
v -9.68883228 -15.28272247 6.76999998
v -9.57761860 -15.49041748 6.76999998
v -9.75918102 -15.18805981 6.76999998
v -10.67302704 -14.39128780 6.76999998
v -10.43932152 -14.59508896 6.76999998
v -10.19297218 -14.80314255 6.76999998
v -3.70000005 -17.33895874 6.76999998
v -3.70000005 -16.64999962 6.76999998
v -2.50000000 -18.53899956 6.76999998
v -2.50000000 -16.64999962 6.76999998
v -2.50000000 -15.44999981 6.76999998
v -3.70000005 -12.39999962 6.76999998
v -3.68101645 -12.02567768 6.76999998
v -3.62426066 -11.65519524 6.76999998
v -3.53031516 -11.29235649 6.76999998
v -3.40014386 -10.94088364 6.76999998
v -3.23508239 -10.60438251 6.76999998
v -3.03682470 -10.28630733 6.76999998
v -2.50000000 -12.39999962 6.76999998
v -2.48717332 -12.14707947 6.76999998
v -2.44882488 -11.89675331 6.76999998
v -2.38534808 -11.65159225 6.76999998
v -2.29739451 -11.41411018 6.76999998
v -2.18586659 -11.18674469 6.76999998
v -2.05190849 -10.97182941 6.76999998
v -1.89689529 -10.77156925 6.76999998
v -2.80740499 -9.98992157 6.76999998
v -2.54917765 -9.71826649 6.76999998
v -2.26479220 -9.47412968 6.76999998
v -1.95716679 -9.26001644 6.76999998
v -1.72241735 -10.58801842 6.76999998
v -1.53026497 -10.42306042 6.76999998
v -1.32240999 -10.27838898 6.76999998
v -1.10098541 -10.15548897 6.76999998
v -1.62945831 -9.07812309 6.76999998
v -1.28502941 -8.93031693 6.76999998
v -0.86826313 -10.05561924 6.76999998
v -0.62663132 -9.97980690 6.76999998
v -0.92741436 -8.81811428 6.76999998
v -0.56028277 -8.74266720 6.76999998
v -19.87500000 2.65000010 0.00000000
v -19.08099937 2.65000010 0.00000000
v -18.96430779 2.65568733 0.00000000
v -18.84872246 2.67269492 0.00000000
v -18.73533821 2.70086217 0.00000000
v -18.62523079 2.73992157 0.00000000
v -18.51944351 2.78950310 0.00000000
v -21.07500076 3.84999990 0.00000000
v -19.08099937 3.84999990 0.00000000
v -19.07284927 4.50496864 0.00000000
v -19.04878235 4.58598471 0.00000000
v -19.00878525 4.71723604 0.00000000
v -18.95295143 4.89563322 0.00000000
v -18.88137436 5.11808681 0.00000000
v -18.79415131 5.38150740 0.00000000
v -18.41897774 2.84913659 0.00000000
v -18.32478905 2.91825724 0.00000000
v -18.23776627 2.99620938 0.00000000
v -18.15873909 3.08225441 0.00000000
v -18.08845139 3.17557693 0.00000000
v -18.02757263 3.27529192 0.00000000
v -17.97667885 3.38045430 0.00000000
v -17.93625259 3.49006748 0.00000000
v -17.90667534 3.60309219 0.00000000
v -17.88823128 3.71845746 0.00000000
v -17.88109207 3.83506942 0.00000000
v -17.87504578 4.32101536 0.00000000
v -17.86221695 4.36311436 0.00000000
v -17.80916023 4.53263903 0.00000000
v -17.74060440 4.74570227 0.00000000
v -17.65667152 4.99918699 0.00000000
v -17.55748177 5.28996468 0.00000000
v -18.69137192 5.68280554 0.00000000
v -18.57313538 6.01889229 0.00000000
v -18.43953133 6.38667822 0.00000000
v -17.44316673 5.61489868 0.00000000
v -17.31386375 5.97084761 0.00000000
v -18.29065514 6.78307390 0.00000000
v -18.12660027 7.20499039 0.00000000
v -17.94746208 7.64933729 0.00000000
v -17.16971207 6.35466290 0.00000000
v -17.01086426 6.76318932 0.00000000
v -16.83748055 7.19326448 0.00000000
v -16.64973068 7.64171743 0.00000000
v -17.75333405 8.11302662 0.00000000
v -17.54430962 8.59296799 0.00000000
v -17.32048416 9.08607292 0.00000000
v -16.44780159 8.10536861 0.00000000
v -16.23189354 8.58102894 0.00000000
v -16.00222969 9.06549740 0.00000000
v -17.08195114 9.58925152 0.00000000
v -16.82880402 10.09941483 0.00000000
v -15.75905418 9.55556488 0.00000000
v -15.50264263 10.04800606 0.00000000
v -16.56113625 10.61347389 0.00000000
v -16.27904320 11.12833786 0.00000000
v -15.98261833 11.64091873 0.00000000
v -15.23330593 10.53958893 0.00000000
v -14.95139790 11.02706623 0.00000000
v -14.65732765 11.50718594 0.00000000
v -15.67195606 12.14812756 0.00000000
v -15.34714985 12.64687347 0.00000000
v -14.35156631 11.97668839 0.00000000
v -14.03466415 12.43231964 0.00000000
v -15.00829315 13.13406849 0.00000000
v -14.65548134 13.60662270 0.00000000
v -13.70726395 12.87083721 0.00000000
v -13.37769604 13.27963543 0.00000000
v -14.28880882 14.06144714 0.00000000
v -13.94148159 14.44195938 0.00000000
v -13.55720329 14.80299568 0.00000000
v -13.08624077 13.59893799 0.00000000
v -12.76498604 13.90076256 0.00000000
v -13.14032650 15.14489174 0.00000000
v -12.40675259 14.19456291 0.00000000
v -12.01548386 14.47856331 0.00000000
v -11.59553909 14.75131321 0.00000000
v -11.15150642 15.01169109 0.00000000
v -12.69520283 15.46798325 0.00000000
v -12.22618294 15.77260590 0.00000000
v -11.73762035 16.05909538 0.00000000
v -11.23386669 16.32778740 0.00000000
v -14.68688583 11.45892715 3.06999993
v -14.65732765 11.50718594 3.06999993
v -15.63147259 12.21028996 3.06999993
v -15.43961048 12.50489902 3.06999993
v -14.49625492 11.75451565 3.06999993
v -11.83413410 14.59634781 3.06999993
v -11.59553909 14.75131321 3.06999993
v -11.53732777 14.78544807 3.06999993
v -12.58460522 15.53981495 3.06999993
v -12.28972530 15.73133564 3.06999993
v -10.68808746 15.25886917 0.00000000
v -10.21002483 15.49226570 0.00000000
v -9.72206306 15.71149158 0.00000000
v -10.71927261 16.57901955 0.00000000
v -10.19819164 16.81312561 0.00000000
v -9.67497540 17.03044128 0.00000000
v -9.22892189 15.91631603 0.00000000
v -8.73529148 16.10662651 0.00000000
v -8.24582767 16.28240204 0.00000000
v -9.15397453 17.23130226 0.00000000
v -8.63954163 17.41604614 0.00000000
v -7.76514864 16.44370079 0.00000000
v -8.13603020 17.58500671 0.00000000
v -7.29784441 16.59063339 0.00000000
v -6.84847355 16.72335243 0.00000000
v -6.42156935 16.84205055 0.00000000
v -6.02164125 16.94694328 0.00000000
v -5.65318060 17.03826904 0.00000000
v -7.64778948 17.73852158 0.00000000
v -7.17917299 17.87692642 0.00000000
v -6.73453236 18.00055504 0.00000000
v -6.31821966 18.10974503 0.00000000
v -5.93458652 18.20483017 0.00000000
v -5.32065821 17.11628342 0.00000000
v -5.02853155 17.18125916 0.00000000
v -4.78124046 17.23347473 0.00000000
v -4.58320570 17.27322578 0.00000000
v -4.44623566 17.29939461 0.00000000
v -4.08439112 17.30410194 0.00000000
v -3.96782541 17.31130219 0.00000000
v -3.85251164 17.32979774 0.00000000
v -3.73954177 17.35941696 0.00000000
v -3.62998629 17.39987755 0.00000000
v -3.52488256 17.45079613 0.00000000
v -3.42522621 17.51169014 0.00000000
v -3.33196139 17.58198166 0.00000000
v -5.58798504 18.28614998 0.00000000
v -5.28276682 18.35403633 0.00000000
v -5.02328396 18.40882683 0.00000000
v -4.81388855 18.45085716 0.00000000
v -4.65893221 18.48046303 0.00000000
v -4.56276703 18.49798012 0.00000000
v -4.09999990 18.50399971 0.00000000
v -3.24597120 17.66100883 0.00000000
v -3.16807032 17.74802017 0.00000000
v -3.09899640 17.84218979 0.00000000
v -3.03940392 17.94263077 0.00000000
v -4.09999990 20.00799942 0.00000000
v -2.98985720 18.04838753 0.00000000
v -2.95082545 18.15846062 0.00000000
v -2.92267847 18.27180481 0.00000000
v -2.90568304 18.38735008 0.00000000
v -2.90000010 18.50399971 0.00000000
v -2.90000010 18.80800056 0.00000000
v -19.87500000 2.65000010 6.76999998
v -19.08099937 2.65000010 6.76999998
v -18.96430779 2.65568733 6.76999998
v -18.84872246 2.67269492 6.76999998
v -18.73533821 2.70086217 6.76999998
v -18.62523079 2.73992157 6.76999998
v -18.51944351 2.78950310 6.76999998
v -21.07500076 3.84999990 6.76999998
v -19.08099937 3.84999990 6.76999998
v -19.07284927 4.50496864 6.76999998
v -19.04878235 4.58598471 6.76999998
v -19.00878525 4.71723604 6.76999998
v -18.95295143 4.89563322 6.76999998
v -18.88137436 5.11808681 6.76999998
v -18.79415131 5.38150740 6.76999998
v -18.41897774 2.84913659 6.76999998
v -18.32478905 2.91825724 6.76999998
v -18.23776627 2.99620938 6.76999998
v -18.15873909 3.08225441 6.76999998
v -18.08845139 3.17557693 6.76999998
v -18.02757263 3.27529192 6.76999998
v -17.97667885 3.38045430 6.76999998
v -17.93625259 3.49006748 6.76999998
v -17.90667534 3.60309219 6.76999998
v -17.88823128 3.71845746 6.76999998
v -17.88109207 3.83506942 6.76999998
v -17.87504578 4.32101536 6.76999998
v -17.86221695 4.36311436 6.76999998
v -17.80916023 4.53263903 6.76999998
v -17.74060440 4.74570227 6.76999998
v -17.65667152 4.99918699 6.76999998
v -17.55748177 5.28996468 6.76999998
v -18.69137192 5.68280554 6.76999998
v -18.57313538 6.01889229 6.76999998
v -18.43953133 6.38667822 6.76999998
v -17.44316673 5.61489868 6.76999998
v -17.31386375 5.97084761 6.76999998
v -18.29065514 6.78307390 6.76999998
v -18.12660027 7.20499039 6.76999998
v -17.94746208 7.64933729 6.76999998
v -17.16971207 6.35466290 6.76999998
v -17.01086426 6.76318932 6.76999998
v -16.83748055 7.19326448 6.76999998
v -16.64973068 7.64171743 6.76999998
v -17.75333405 8.11302662 6.76999998
v -17.54430962 8.59296799 6.76999998
v -17.32048416 9.08607292 6.76999998
v -16.44780159 8.10536861 6.76999998
v -16.23189354 8.58102894 6.76999998
v -16.00222969 9.06549740 6.76999998
v -17.08195114 9.58925152 6.76999998
v -16.82880402 10.09941483 6.76999998
v -15.75905418 9.55556488 6.76999998
v -15.50264263 10.04800606 6.76999998
v -16.56113625 10.61347389 6.76999998
v -16.27904320 11.12833786 6.76999998
v -15.98261833 11.64091873 6.76999998
v -15.23330593 10.53958893 6.76999998
v -14.95139790 11.02706623 6.76999998
v -14.68688583 11.45892715 6.76999998
v -15.67195606 12.14812756 6.76999998
v -15.63147259 12.21028996 6.76999998
v -15.43961048 12.50489902 6.76999998
v -15.34714985 12.64687347 6.76999998
v -14.49625492 11.75451565 6.76999998
v -14.35156631 11.97668839 6.76999998
v -14.03466415 12.43231964 6.76999998
v -15.00829315 13.13406849 6.76999998
v -14.65548134 13.60662270 6.76999998
v -13.70726395 12.87083721 6.76999998
v -13.37769604 13.27963543 6.76999998
v -14.28880882 14.06144714 6.76999998
v -13.94148159 14.44195938 6.76999998
v -13.55720329 14.80299568 6.76999998
v -13.08624077 13.59893799 6.76999998
v -12.76498604 13.90076256 6.76999998
v -13.14032650 15.14489174 6.76999998
v -12.40675259 14.19456291 6.76999998
v -12.01548386 14.47856331 6.76999998
v -11.83413410 14.59634781 6.76999998
v -11.53732777 14.78544807 6.76999998
v -11.15150642 15.01169109 6.76999998
v -12.69520283 15.46798325 6.76999998
v -12.58460522 15.53981495 6.76999998
v -12.28972530 15.73133564 6.76999998
v -12.22618294 15.77260590 6.76999998
v -11.73762035 16.05909538 6.76999998
v -11.23386669 16.32778740 6.76999998
v -10.68808746 15.25886917 6.76999998
v -10.21002483 15.49226570 6.76999998
v -9.72206306 15.71149158 6.76999998
v -10.71927261 16.57901955 6.76999998
v -10.19819164 16.81312561 6.76999998
v -9.67497540 17.03044128 6.76999998
v -9.22892189 15.91631603 6.76999998
v -8.73529148 16.10662651 6.76999998
v -8.24582767 16.28240204 6.76999998
v -9.15397453 17.23130226 6.76999998
v -8.63954163 17.41604614 6.76999998
v -7.76514864 16.44370079 6.76999998
v -8.13603020 17.58500671 6.76999998
v -7.29784441 16.59063339 6.76999998
v -6.84847355 16.72335243 6.76999998
v -6.42156935 16.84205055 6.76999998
v -6.02164125 16.94694328 6.76999998
v -5.65318060 17.03826904 6.76999998
v -7.64778948 17.73852158 6.76999998
v -7.17917299 17.87692642 6.76999998
v -6.73453236 18.00055504 6.76999998
v -6.31821966 18.10974503 6.76999998
v -5.93458652 18.20483017 6.76999998
v -5.32065821 17.11628342 6.76999998
v -5.02853155 17.18125916 6.76999998
v -4.78124046 17.23347473 6.76999998
v -4.58320570 17.27322578 6.76999998
v -4.44623566 17.29939461 6.76999998
v -4.08439112 17.30410194 6.76999998
v -3.96782541 17.31130219 6.76999998
v -3.85251164 17.32979774 6.76999998
v -3.73954177 17.35941696 6.76999998
v -3.62998629 17.39987755 6.76999998
v -3.52488256 17.45079613 6.76999998
v -3.42522621 17.51169014 6.76999998
v -3.33196139 17.58198166 6.76999998
v -5.58798504 18.28614998 6.76999998
v -5.28276682 18.35403633 6.76999998
v -5.02328396 18.40882683 6.76999998
v -4.81388855 18.45085716 6.76999998
v -4.65893221 18.48046303 6.76999998
v -4.56276703 18.49798012 6.76999998
v -4.09999990 18.50399971 6.76999998
v -3.24597120 17.66100883 6.76999998
v -3.16807032 17.74802017 6.76999998
v -3.09899640 17.84218979 6.76999998
v -3.03940392 17.94263077 6.76999998
v -4.09999990 20.00799942 6.76999998
v -2.98985720 18.04838753 6.76999998
v -2.95082545 18.15846062 6.76999998
v -2.92267847 18.27180481 6.76999998
v -2.90568304 18.38735008 6.76999998
v -2.90000010 18.50399971 6.76999998
v -2.90000010 18.80800056 6.76999998
v 2.50000000 -18.53899956 0.00000000
v 2.50000000 -16.64999962 0.00000000
v 3.70000005 -17.33895493 0.00000000
v 3.70000005 -16.64999962 0.00000000
v 2.50000000 -15.44999981 0.00000000
v -0.37856945 -9.92882919 0.00000000
v -0.12662292 -9.90320873 0.00000000
v 0.12662292 -9.90320873 0.00000000
v 0.37856945 -9.92882919 0.00000000
v 0.62663132 -9.97980690 0.00000000
v 1.10098541 -10.15548897 0.00000000
v 1.32240999 -10.27838898 0.00000000
v 1.89689529 -10.77156925 0.00000000
v 2.05190849 -10.97182941 0.00000000
v 1.53026497 -10.42306042 0.00000000
v 1.72241735 -10.58801842 0.00000000
v 0.86826313 -10.05561924 0.00000000
v 1.28502941 -8.93031693 0.00000000
v 1.62945831 -9.07812309 0.00000000
v 1.95716679 -9.26001644 0.00000000
v 2.50000000 -12.39999962 0.00000000
v 2.48717332 -12.14707947 0.00000000
v 2.44882488 -11.89675331 0.00000000
v 2.38534808 -11.65159225 0.00000000
v 2.29739451 -11.41411018 0.00000000
v 3.70000005 -12.39999962 0.00000000
v 3.68101645 -12.02567768 0.00000000
v 3.62426066 -11.65519524 0.00000000
v 2.18586659 -11.18674469 0.00000000
v 3.40014386 -10.94088364 0.00000000
v 3.03682470 -10.28630733 0.00000000
v 3.23508239 -10.60438251 0.00000000
v 2.54917765 -9.71826649 0.00000000
v 2.26479220 -9.47412968 0.00000000
v 2.80740499 -9.98992157 0.00000000
v 3.53031516 -11.29235649 0.00000000
v 8.61153221 -17.33876801 0.00000000
v 9.81153202 -18.53872299 0.00000000
v 8.61153221 -15.95029831 0.00000000
v 8.61690331 -15.83688450 0.00000000
v 8.63296986 -15.72448730 0.00000000
v 8.65958691 -15.61411095 0.00000000
v 8.69651604 -15.50674438 0.00000000
v 8.74342728 -15.40334892 0.00000000
v 8.79990101 -15.30484962 0.00000000
v 8.86543179 -15.21212864 0.00000000
v 8.93943119 -15.12601566 0.00000000
v 9.02123833 -15.04728222 0.00000000
v 9.11012077 -14.97663307 0.00000000
v 9.82784939 -15.94452000 0.00000000
v 9.81153202 -15.95029831 0.00000000
v 9.87558365 -15.92690849 0.00000000
v 9.20528221 -14.91470051 0.00000000
v 9.30587101 -14.86203861 0.00000000
v 9.41098690 -14.81911945 0.00000000
v 9.41987705 -14.81597233 0.00000000
v 9.45172787 -14.80422115 0.00000000
v 9.51165295 -14.78107834 0.00000000
v 9.59847260 -14.74594402 0.00000000
v 9.71041584 -14.69843292 0.00000000
v 9.84565258 -14.63818836 0.00000000
v -0.18740192 -8.70474911 0.00000000
v 0.18740192 -8.70474911 0.00000000
v 0.56028277 -8.74266720 0.00000000
v 0.92741436 -8.81811428 0.00000000
v 9.95290852 -15.89704704 0.00000000
v 10.05799675 -15.85451984 0.00000000
v 10.18902206 -15.79891014 0.00000000
v 10.34415722 -15.72980118 0.00000000
v 10.52157688 -15.64677620 0.00000000
v 10.71945190 -15.54942036 0.00000000
v 10.93595695 -15.43731594 0.00000000
v 11.16926575 -15.31004715 0.00000000
v 10.00233936 -14.56486607 0.00000000
v 10.17863083 -14.47812939 0.00000000
v 10.37267971 -14.37765312 0.00000000
v 10.58264446 -14.26311779 0.00000000
v 10.80668926 -14.13421440 0.00000000
v 11.04298401 -13.99064350 0.00000000
v 11.41755104 -15.16719723 0.00000000
v 11.67898655 -15.00835037 0.00000000
v 11.28970718 -13.83211040 0.00000000
v 11.95174408 -14.83308983 0.00000000
v 12.23399830 -14.64099884 0.00000000
v 12.52392197 -14.43166161 0.00000000
v 12.81968880 -14.20466137 0.00000000
v 13.11947155 -13.95958233 0.00000000
v 11.54505253 -13.65833282 0.00000000
v 11.80722427 -13.46903419 0.00000000
v 12.07444572 -13.26394272 0.00000000
v 12.34495926 -13.04279041 0.00000000
v 12.61703300 -12.80531311 0.00000000
v 12.88895702 -12.55123997 0.00000000
v 13.42144394 -13.69600677 0.00000000
v 13.72377872 -13.41351986 0.00000000
v 13.15905571 -12.28029346 0.00000000
v 13.42568016 -11.99218273 0.00000000
v 13.68721676 -11.68659592 0.00000000
v 14.02464962 -13.11170483 0.00000000
v 14.32222939 -12.79014397 0.00000000
v 13.94208241 -11.36319256 0.00000000
v 14.61469173 -12.44842243 0.00000000
v 14.90020943 -12.08612347 0.00000000
v 14.18872547 -11.02159405 0.00000000
v 14.43040562 -10.65409851 0.00000000
v 14.63381863 -10.32317352 0.00000000
v 14.82987976 -9.98327637 0.00000000
v 15.01828861 -9.63641357 0.00000000
v 15.17695713 -11.70283127 0.00000000
v 15.44310665 -11.29812813 0.00000000
v 15.66490841 -10.93728638 0.00000000
v 15.87702656 -10.56955433 0.00000000
v 16.07951355 -10.19677162 0.00000000
v 15.19880962 -9.28456688 0.00000000
v 15.37125683 -8.92971420 0.00000000
v 16.27242279 -9.82077885 0.00000000
v 16.45581055 -9.44341564 0.00000000
v 16.62972832 -9.06652355 0.00000000
v 13.80187511 -11.54110432 3.06999993
v 13.94208241 -11.36319256 3.06999993
v 14.73005867 -12.30203152 3.06999993
v 14.90020943 -12.08612347 3.06999993
v 14.94428730 -12.02507687 3.06999993
v 14.01452732 -11.26285648 3.06999993
v 15.53548145 -8.57382870 0.00000000
v 15.69136524 -8.21887016 0.00000000
v 15.83881760 -7.86679411 0.00000000
v 15.97776985 -7.51954412 0.00000000
v 16.10817337 -7.17905521 0.00000000
v 16.22999001 -6.84725523 0.00000000
v 16.79422951 -8.69194031 0.00000000
v 16.94936943 -8.32150841 0.00000000
v 17.09520149 -7.95706749 0.00000000
v 16.34320259 -6.52606249 0.00000000
v 17.23177910 -7.60045671 0.00000000
v 17.35915375 -7.25351715 0.00000000
v 17.47738457 -6.91808844 0.00000000
v 17.58651924 -6.59601116 0.00000000
v 16.44779587 -6.21738911 0.00000000
v 16.54376984 -5.92314100 0.00000000
v 16.63113022 -5.64521694 0.00000000
v 16.70988846 -5.38551044 0.00000000
v 16.78006363 -5.14591074 0.00000000
v 16.84167671 -4.92830133 0.00000000
v 16.89475250 -4.73456192 0.00000000
v 16.93932533 -4.56656742 0.00000000
v 16.97542763 -4.42618752 0.00000000
v 17.00309372 -4.31528139 0.00000000
v 17.00309563 -4.31527185 0.00000000
v 17.68661690 -6.28912544 0.00000000
v 17.77772713 -5.99927092 0.00000000
v 17.85990524 -5.72828817 0.00000000
v 17.93320465 -5.47801733 0.00000000
v 17.99767876 -5.25029850 0.00000000
v 18.05338287 -5.04697180 0.00000000
v 18.10037041 -4.86987782 0.00000000
v 18.13869286 -4.72085619 0.00000000
v 18.16840744 -4.60174704 0.00000000
v 18.18956375 -4.51439095 0.00000000
v 18.20221901 -4.46062803 0.00000000
v 17.00602341 -3.84257007 0.00000000
v 17.01248169 -3.72544932 0.00000000
v 17.03034401 -3.60951877 0.00000000
v 17.05943871 -3.49588585 0.00000000
v 17.09948921 -3.38563657 0.00000000
v 17.15011215 -3.27982402 0.00000000
v 17.21082306 -3.17945957 0.00000000
v 17.28104401 -3.08550191 0.00000000
v 17.36010361 -2.99884892 0.00000000
v 17.44724274 -2.92032862 0.00000000
v 17.54163361 -2.85069108 0.00000000
v 18.20599937 -3.84999990 0.00000000
v 17.64237213 -2.79060197 0.00000000
v 17.74849701 -2.74063516 0.00000000
v 17.85899162 -2.70126796 0.00000000
v 17.97280312 -2.67287683 0.00000000
v 18.08884239 -2.65573287 0.00000000
v 18.20599937 -2.65000010 0.00000000
v 20.20000076 -3.84999990 0.00000000
v 19.00000000 -2.65000010 0.00000000
v 20.20000076 0.00000000 0.00000000
v 15.86072159 -7.81205463 3.06999993
v 15.97776985 -7.51954412 3.06999993
v 15.99056339 -7.48614025 3.06999993
v 16.94936943 -8.32150841 3.06999993
v 16.94468880 -8.33268547 3.06999993
v 17.07518578 -8.00708580 3.06999993
v 2.50000000 -18.53899956 6.76999998
v 2.50000000 -16.64999962 6.76999998
v 3.70000005 -17.33895493 6.76999998
v 3.70000005 -16.64999962 6.76999998
v 2.50000000 -15.44999981 6.76999998
v -0.37856945 -9.92882919 6.76999998
v -0.12662292 -9.90320873 6.76999998
v 0.12662292 -9.90320873 6.76999998
v 0.37856945 -9.92882919 6.76999998
v 0.62663132 -9.97980690 6.76999998
v 1.10098541 -10.15548897 6.76999998
v 1.32240999 -10.27838898 6.76999998
v 1.89689529 -10.77156925 6.76999998
v 2.05190849 -10.97182941 6.76999998
v 1.53026497 -10.42306042 6.76999998
v 1.72241735 -10.58801842 6.76999998
v 0.86826313 -10.05561924 6.76999998
v 1.28502941 -8.93031693 6.76999998
v 1.62945831 -9.07812309 6.76999998
v 1.95716679 -9.26001644 6.76999998
v 2.50000000 -12.39999962 6.76999998
v 2.48717332 -12.14707947 6.76999998
v 2.44882488 -11.89675331 6.76999998
v 2.38534808 -11.65159225 6.76999998
v 2.29739451 -11.41411018 6.76999998
v 3.70000005 -12.39999962 6.76999998
v 3.68101645 -12.02567768 6.76999998
v 3.62426066 -11.65519524 6.76999998
v 2.18586659 -11.18674469 6.76999998
v 3.40014386 -10.94088364 6.76999998
v 3.03682470 -10.28630733 6.76999998
v 3.23508239 -10.60438251 6.76999998
v 2.54917765 -9.71826649 6.76999998
v 2.26479220 -9.47412968 6.76999998
v 2.80740499 -9.98992157 6.76999998
v 3.53031516 -11.29235649 6.76999998
v 8.61153221 -17.33876801 6.76999998
v 9.81153202 -18.53872299 6.76999998
v 8.61153221 -15.95029831 6.76999998
v 8.61690331 -15.83688450 6.76999998
v 8.63296986 -15.72448730 6.76999998
v 8.65958691 -15.61411095 6.76999998
v 8.69651604 -15.50674438 6.76999998
v 8.74342728 -15.40334892 6.76999998
v 8.79990101 -15.30484962 6.76999998
v 8.86543179 -15.21212864 6.76999998
v 8.93943119 -15.12601566 6.76999998
v 9.02123833 -15.04728222 6.76999998
v 9.11012077 -14.97663307 6.76999998
v 9.82784939 -15.94452000 6.76999998
v 9.81153202 -15.95029831 6.76999998
v 9.87558365 -15.92690849 6.76999998
v 9.20528221 -14.91470051 6.76999998
v 9.30587101 -14.86203861 6.76999998
v 9.41098690 -14.81911945 6.76999998
v 9.41987705 -14.81597233 6.76999998
v 9.45172787 -14.80422115 6.76999998
v 9.51165295 -14.78107834 6.76999998
v 9.59847260 -14.74594402 6.76999998
v 9.71041584 -14.69843292 6.76999998
v 9.84565258 -14.63818836 6.76999998
v -0.18740192 -8.70474911 6.76999998
v 0.18740192 -8.70474911 6.76999998
v 0.56028277 -8.74266720 6.76999998
v 0.92741436 -8.81811428 6.76999998
v 9.95290852 -15.89704704 6.76999998
v 10.05799675 -15.85451984 6.76999998
v 10.18902206 -15.79891014 6.76999998
v 10.34415722 -15.72980118 6.76999998
v 10.52157688 -15.64677620 6.76999998
v 10.71945190 -15.54942036 6.76999998
v 10.93595695 -15.43731594 6.76999998
v 11.16926575 -15.31004715 6.76999998
v 10.00233936 -14.56486607 6.76999998
v 10.17863083 -14.47812939 6.76999998
v 10.37267971 -14.37765312 6.76999998
v 10.58264446 -14.26311779 6.76999998
v 10.80668926 -14.13421440 6.76999998
v 11.04298401 -13.99064350 6.76999998
v 11.41755104 -15.16719723 6.76999998
v 11.67898655 -15.00835037 6.76999998
v 11.28970718 -13.83211040 6.76999998
v 11.95174408 -14.83308983 6.76999998
v 12.23399830 -14.64099884 6.76999998
v 12.52392197 -14.43166161 6.76999998
v 12.81968880 -14.20466137 6.76999998
v 13.11947155 -13.95958233 6.76999998
v 11.54505253 -13.65833282 6.76999998
v 11.80722427 -13.46903419 6.76999998
v 12.07444572 -13.26394272 6.76999998
v 12.34495926 -13.04279041 6.76999998
v 12.61703300 -12.80531311 6.76999998
v 12.88895702 -12.55123997 6.76999998
v 13.42144394 -13.69600677 6.76999998
v 13.72377872 -13.41351986 6.76999998
v 13.15905571 -12.28029346 6.76999998
v 13.42568016 -11.99218273 6.76999998
v 13.68721676 -11.68659592 6.76999998
v 14.02464962 -13.11170483 6.76999998
v 14.32222939 -12.79014397 6.76999998
v 13.80187511 -11.54110432 6.76999998
v 14.61469173 -12.44842243 6.76999998
v 14.73005867 -12.30203152 6.76999998
v 14.94428730 -12.02507687 6.76999998
v 14.01452732 -11.26285648 6.76999998
v 14.18872547 -11.02159405 6.76999998
v 14.43040562 -10.65409851 6.76999998
v 14.63381863 -10.32317352 6.76999998
v 14.82987976 -9.98327637 6.76999998
v 15.01828861 -9.63641357 6.76999998
v 15.17695713 -11.70283127 6.76999998
v 15.44310665 -11.29812813 6.76999998
v 15.66490841 -10.93728638 6.76999998
v 15.87702656 -10.56955433 6.76999998
v 16.07951355 -10.19677162 6.76999998
v 15.19880962 -9.28456688 6.76999998
v 15.37125683 -8.92971420 6.76999998
v 16.27242279 -9.82077885 6.76999998
v 16.45581055 -9.44341564 6.76999998
v 16.62972832 -9.06652355 6.76999998
v 15.53548145 -8.57382870 6.76999998
v 15.69136524 -8.21887016 6.76999998
v 15.83881760 -7.86679411 6.76999998
v 15.86072159 -7.81205463 6.76999998
v 15.99056339 -7.48614025 6.76999998
v 16.10817337 -7.17905521 6.76999998
v 16.22999001 -6.84725523 6.76999998
v 16.79422951 -8.69194031 6.76999998
v 16.94468880 -8.33268547 6.76999998
v 17.07518578 -8.00708580 6.76999998
v 17.09520149 -7.95706749 6.76999998
v 16.34320259 -6.52606249 6.76999998
v 17.23177910 -7.60045671 6.76999998
v 17.35915375 -7.25351715 6.76999998
v 17.47738457 -6.91808844 6.76999998
v 17.58651924 -6.59601116 6.76999998
v 16.44779587 -6.21738911 6.76999998
v 16.54376984 -5.92314100 6.76999998
v 16.63113022 -5.64521694 6.76999998
v 16.70988846 -5.38551044 6.76999998
v 16.78006363 -5.14591074 6.76999998
v 16.84167671 -4.92830133 6.76999998
v 16.89475250 -4.73456192 6.76999998
v 16.93932533 -4.56656742 6.76999998
v 16.97542763 -4.42618752 6.76999998
v 17.00309372 -4.31528139 6.76999998
v 17.00309563 -4.31527185 6.76999998
v 17.68661690 -6.28912544 6.76999998
v 17.77772713 -5.99927092 6.76999998
v 17.85990524 -5.72828817 6.76999998
v 17.93320465 -5.47801733 6.76999998
v 17.99767876 -5.25029850 6.76999998
v 18.05338287 -5.04697180 6.76999998
v 18.10037041 -4.86987782 6.76999998
v 18.13869286 -4.72085619 6.76999998
v 18.16840744 -4.60174704 6.76999998
v 18.18956375 -4.51439095 6.76999998
v 18.20221901 -4.46062803 6.76999998
v 17.00602341 -3.84257007 6.76999998
v 17.01248169 -3.72544932 6.76999998
v 17.03034401 -3.60951877 6.76999998
v 17.05943871 -3.49588585 6.76999998
v 17.09948921 -3.38563657 6.76999998
v 17.15011215 -3.27982402 6.76999998
v 17.21082306 -3.17945957 6.76999998
v 17.28104401 -3.08550191 6.76999998
v 17.36010361 -2.99884892 6.76999998
v 17.44724274 -2.92032862 6.76999998
v 17.54163361 -2.85069108 6.76999998
v 18.20599937 -3.84999990 6.76999998
v 17.64237213 -2.79060197 6.76999998
v 17.74849701 -2.74063516 6.76999998
v 17.85899162 -2.70126796 6.76999998
v 17.97280312 -2.67287683 6.76999998
v 18.08884239 -2.65573287 6.76999998
v 18.20599937 -2.65000010 6.76999998
v 20.20000076 -3.84999990 6.76999998
v 19.00000000 -2.65000010 6.76999998
v 20.20000076 0.00000000 6.76999998
v 2.97619510 17.55739784 0.00000000
v 3.07310534 17.48896217 0.00000000
v 3.17629933 17.43043137 0.00000000
v 3.28476882 17.38237572 0.00000000
v 3.39745331 17.34526634 0.00000000
v 3.51325130 17.31946564 0.00000000
v 3.63103127 17.30522346 0.00000000
v 3.69868207 17.30042076 0.00000000
v 3.80511212 17.29145813 0.00000000
v 3.95509696 17.27670670 0.00000000
v 4.14604044 17.25506783 0.00000000
v 4.37528849 17.22545052 0.00000000
v 4.64016867 17.18676949 0.00000000
v 2.73227835 17.81499100 0.00000000
v 2.61640763 18.02171898 0.00000000
v 2.57433581 18.13264656 0.00000000
v 2.66922712 17.91548729 0.00000000
v 2.54342318 18.24718666 0.00000000
v 2.52397156 18.36421776 0.00000000
v 2.51617122 18.48259926 0.00000000
v 2.52009845 18.60117149 0.00000000
v 2.53571463 18.71877670 0.00000000
v 2.80494475 17.72121239 0.00000000
v 2.88651609 17.63506699 0.00000000
v 2.55669212 18.80800056 0.00000000
v 3.71601081 18.50221062 0.00000000
v 3.79153132 18.49684906 0.00000000
v 3.91419744 18.48651886 0.00000000
v 4.08139038 18.47007561 0.00000000
v 4.29049015 18.44637871 0.00000000
v 4.09999990 18.50399971 0.00000000
v 4.53887844 18.41428947 0.00000000
v 4.09999990 20.00799942 0.00000000
v 4.93800211 17.13795090 0.00000000
v 5.26610374 17.07792854 0.00000000
v 6.00235891 16.92007446 0.00000000
v 5.62178564 17.00565147 0.00000000
v 6.40513229 16.82017136 0.00000000
v 6.82741690 16.70492935 0.00000000
v 7.26652575 16.57335663 0.00000000
v 4.82393551 18.37266159 0.00000000
v 5.14304209 18.32035637 0.00000000
v 5.87292767 18.17914200 0.00000000
v 5.49357939 18.25622940 0.00000000
v 6.27846813 18.08795166 0.00000000
v 6.70758152 17.98151588 0.00000000
v 7.15764856 17.85869217 0.00000000
v 8.18450546 16.25732231 0.00000000
v 7.71977901 16.42447281 0.00000000
v 8.11016655 17.55931854 0.00000000
v 8.65804768 16.07097435 0.00000000
v 9.13776779 15.86451054 0.00000000
v 9.62105274 15.63704109 0.00000000
v 8.60737991 17.38048553 0.00000000
v 9.11506939 17.18069839 0.00000000
v 9.63061619 16.95881653 0.00000000
v 7.62605000 17.71833992 0.00000000
v 17.28031158 3.08638859 0.00000000
v 17.44655037 2.92089438 0.00000000
v 17.35937881 2.99956989 0.00000000
v 17.54099655 2.85111594 0.00000000
v 17.09889603 3.38705063 0.00000000
v 17.21010971 3.18051958 0.00000000
v 17.14944458 3.28106117 0.00000000
v 17.05895042 3.49747324 0.00000000
v 17.02998543 3.61127138 0.00000000
v 17.01228333 3.72735572 0.00000000
v 17.00601196 3.84461427 0.00000000
v 16.95950317 4.71397161 0.00000000
v 16.92331314 4.93690014 0.00000000
v 16.87567902 5.20297194 0.00000000
v 16.81549454 5.50867796 0.00000000
v 17.00352478 4.39892817 0.00000000
v 17.00204086 4.41144514 0.00000000
v 16.98536682 4.53767681 0.00000000
v 17.64180946 2.79090214 0.00000000
v 17.74802399 2.74082994 0.00000000
v 17.85862541 2.70137882 0.00000000
v 17.97255135 2.67292643 0.00000000
v 18.08871460 2.65574527 0.00000000
v 18.20599937 2.65000010 0.00000000
v 19.00000000 2.65000010 0.00000000
v 18.20599937 3.84999990 0.00000000
v 18.20320702 4.47245026 0.00000000
v 18.19276047 4.56061459 0.00000000
v 18.17390633 4.70335197 0.00000000
v 18.14546204 4.89722490 0.00000000
v 18.10624695 5.13879442 0.00000000
v 18.05507660 5.42462111 0.00000000
v 20.20000076 3.84999990 0.00000000
v 16.28856468 7.50835037 0.00000000
v 16.74166489 5.85049915 0.00000000
v 16.54876900 6.62837791 0.00000000
v 16.65311050 6.22490931 0.00000000
v 16.42759514 7.05737066 0.00000000
v 17.57853699 7.39727592 0.00000000
v 17.43081856 7.87644053 0.00000000
v 15.95297241 8.46213436 0.00000000
v 16.13068199 7.97778225 0.00000000
v 15.75449944 8.95788574 0.00000000
v 15.53435516 9.46152782 0.00000000
v 15.29166985 9.96957684 0.00000000
v 17.26287079 8.37579346 0.00000000
v 17.07351303 8.89189625 0.00000000
v 16.86156273 9.42130947 0.00000000
v 16.62583923 9.96059513 0.00000000
v 17.91214371 6.11529493 0.00000000
v 17.99076843 5.75126791 0.00000000
v 17.81801796 6.51326418 0.00000000
v 17.70720863 6.94173765 0.00000000
v 10.58804321 15.11560631 0.00000000
v 11.06672478 14.81993198 0.00000000
v 12.44638538 13.78956985 0.00000000
v 11.53894424 14.49981785 0.00000000
v 12.00234413 14.15440083 0.00000000
v 13.71195221 12.45714474 0.00000000
v 15.02560616 10.47858334 0.00000000
v 14.42017746 11.48591709 0.00000000
v 14.73536587 10.98514366 0.00000000
v 14.07928944 11.97763920 0.00000000
v 12.89480877 13.36743450 0.00000000
v 13.31739902 12.92138481 0.00000000
v 12.74223423 15.09958172 0.00000000
v 13.74232960 14.21766090 0.00000000
v 13.23944664 14.69106388 0.00000000
v 14.21080112 13.72318363 0.00000000
v 14.64604187 13.21107101 0.00000000
v 10.10532284 15.38769245 0.00000000
v 10.15140152 16.71369553 0.00000000
v 10.67480659 16.44419670 0.00000000
v 11.19821167 16.14917755 0.00000000
v 11.71899700 15.82749748 0.00000000
v 12.23454475 15.47801208 0.00000000
v 16.07834053 11.05502987 0.00000000
v 15.42155933 12.14769077 0.00000000
v 15.04923344 12.68476009 0.00000000
v 15.76420116 11.60330105 0.00000000
v 16.36515808 10.50631428 0.00000000
v 11.65110016 14.41621685 3.06999993
v 11.53894424 14.49981785 3.06999993
v 11.36448956 14.61807919 3.06999993
v 14.53703785 11.30024815 3.06999993
v 14.42017746 11.48591709 3.06999993
v 14.34487152 11.59454441 3.06999993
v 12.11200905 15.56107807 3.06999993
v 12.23454475 15.47801208 3.06999993
v 12.39687347 15.35701275 3.06999993
v 15.42155933 12.14769077 3.06999993
v 15.48298264 12.05010128 3.06999993
v 15.28718567 12.34152031 3.06999993
v 2.97619510 17.55739784 6.76999998
v 3.07310534 17.48896217 6.76999998
v 3.17629933 17.43043137 6.76999998
v 3.28476882 17.38237572 6.76999998
v 3.39745331 17.34526634 6.76999998
v 3.51325130 17.31946564 6.76999998
v 3.63103127 17.30522346 6.76999998
v 3.69868207 17.30042076 6.76999998
v 3.80511212 17.29145813 6.76999998
v 3.95509696 17.27670670 6.76999998
v 4.14604044 17.25506783 6.76999998
v 4.37528849 17.22545052 6.76999998
v 4.64016867 17.18676949 6.76999998
v 2.73227835 17.81499100 6.76999998
v 2.61640763 18.02171898 6.76999998
v 2.57433581 18.13264656 6.76999998
v 2.66922712 17.91548729 6.76999998
v 2.54342318 18.24718666 6.76999998
v 2.52397156 18.36421776 6.76999998
v 2.51617122 18.48259926 6.76999998
v 2.52009845 18.60117149 6.76999998
v 2.53571463 18.71877670 6.76999998
v 2.80494475 17.72121239 6.76999998
v 2.88651609 17.63506699 6.76999998
v 2.55669212 18.80800056 6.76999998
v 3.71601081 18.50221062 6.76999998
v 3.79153132 18.49684906 6.76999998
v 3.91419744 18.48651886 6.76999998
v 4.08139038 18.47007561 6.76999998
v 4.29049015 18.44637871 6.76999998
v 4.09999990 18.50399971 6.76999998
v 4.53887844 18.41428947 6.76999998
v 4.09999990 20.00799942 6.76999998
v 4.93800211 17.13795090 6.76999998
v 5.26610374 17.07792854 6.76999998
v 6.00235891 16.92007446 6.76999998
v 5.62178564 17.00565147 6.76999998
v 6.40513229 16.82017136 6.76999998
v 6.82741690 16.70492935 6.76999998
v 7.26652575 16.57335663 6.76999998
v 4.82393551 18.37266159 6.76999998
v 5.14304209 18.32035637 6.76999998
v 5.87292767 18.17914200 6.76999998
v 5.49357939 18.25622940 6.76999998
v 6.27846813 18.08795166 6.76999998
v 6.70758152 17.98151588 6.76999998
v 7.15764856 17.85869217 6.76999998
v 8.18450546 16.25732231 6.76999998
v 7.71977901 16.42447281 6.76999998
v 8.11016655 17.55931854 6.76999998
v 8.65804768 16.07097435 6.76999998
v 9.13776779 15.86451054 6.76999998
v 9.62105274 15.63704109 6.76999998
v 8.60737991 17.38048553 6.76999998
v 9.11506939 17.18069839 6.76999998
v 9.63061619 16.95881653 6.76999998
v 7.62605000 17.71833992 6.76999998
v 17.28031158 3.08638859 6.76999998
v 17.44655037 2.92089438 6.76999998
v 17.35937881 2.99956989 6.76999998
v 17.54099655 2.85111594 6.76999998
v 17.09889603 3.38705063 6.76999998
v 17.21010971 3.18051958 6.76999998
v 17.14944458 3.28106117 6.76999998
v 17.05895042 3.49747324 6.76999998
v 17.02998543 3.61127138 6.76999998
v 17.01228333 3.72735572 6.76999998
v 17.00601196 3.84461427 6.76999998
v 16.95950317 4.71397161 6.76999998
v 16.92331314 4.93690014 6.76999998
v 16.87567902 5.20297194 6.76999998
v 16.81549454 5.50867796 6.76999998
v 17.00352478 4.39892817 6.76999998
v 17.00204086 4.41144514 6.76999998
v 16.98536682 4.53767681 6.76999998
v 17.64180946 2.79090214 6.76999998
v 17.74802399 2.74082994 6.76999998
v 17.85862541 2.70137882 6.76999998
v 17.97255135 2.67292643 6.76999998
v 18.08871460 2.65574527 6.76999998
v 18.20599937 2.65000010 6.76999998
v 19.00000000 2.65000010 6.76999998
v 18.20599937 3.84999990 6.76999998
v 18.20320702 4.47245026 6.76999998
v 18.19276047 4.56061459 6.76999998
v 18.17390633 4.70335197 6.76999998
v 18.14546204 4.89722490 6.76999998
v 18.10624695 5.13879442 6.76999998
v 18.05507660 5.42462111 6.76999998
v 20.20000076 3.84999990 6.76999998
v 16.28856468 7.50835037 6.76999998
v 16.74166489 5.85049915 6.76999998
v 16.54876900 6.62837791 6.76999998
v 16.65311050 6.22490931 6.76999998
v 16.42759514 7.05737066 6.76999998
v 17.57853699 7.39727592 6.76999998
v 17.43081856 7.87644053 6.76999998
v 15.95297241 8.46213436 6.76999998
v 16.13068199 7.97778225 6.76999998
v 15.75449944 8.95788574 6.76999998
v 15.53435516 9.46152782 6.76999998
v 15.29166985 9.96957684 6.76999998
v 17.26287079 8.37579346 6.76999998
v 17.07351303 8.89189625 6.76999998
v 16.86156273 9.42130947 6.76999998
v 16.62583923 9.96059513 6.76999998
v 17.91214371 6.11529493 6.76999998
v 17.99076843 5.75126791 6.76999998
v 17.81801796 6.51326418 6.76999998
v 17.70720863 6.94173765 6.76999998
v 10.58804321 15.11560631 6.76999998
v 11.06672478 14.81993198 6.76999998
v 12.44638538 13.78956985 6.76999998
v 11.65110016 14.41621685 6.76999998
v 11.36448956 14.61807919 6.76999998
v 12.00234413 14.15440083 6.76999998
v 13.71195221 12.45714474 6.76999998
v 15.02560616 10.47858334 6.76999998
v 14.53703785 11.30024815 6.76999998
v 14.73536587 10.98514366 6.76999998
v 14.34487152 11.59454441 6.76999998
v 14.07928944 11.97763920 6.76999998
v 12.89480877 13.36743450 6.76999998
v 13.31739902 12.92138481 6.76999998
v 12.74223423 15.09958172 6.76999998
v 13.74232960 14.21766090 6.76999998
v 13.23944664 14.69106388 6.76999998
v 14.21080112 13.72318363 6.76999998
v 14.64604187 13.21107101 6.76999998
v 10.10532284 15.38769245 6.76999998
v 10.15140152 16.71369553 6.76999998
v 10.67480659 16.44419670 6.76999998
v 11.19821167 16.14917755 6.76999998
v 11.71899700 15.82749748 6.76999998
v 12.11200905 15.56107807 6.76999998
v 12.39687347 15.35701275 6.76999998
v 16.07834053 11.05502987 6.76999998
v 15.48298264 12.05010128 6.76999998
v 15.28718567 12.34152031 6.76999998
v 15.04923344 12.68476009 6.76999998
v 15.76420116 11.60330105 6.76999998
v 16.36515808 10.50631428 6.76999998
v -18.38551436 -6.32022662 1.00000000
v -18.47137378 -6.10000000 1.00000000
v -15.90000000 -6.10000000 1.00000000
v -15.90000000 -3.50000000 1.00000000
v -20.50000000 -3.50000000 1.00000000
v -20.50000000 -3.85000000 1.00000000
v -21.07500000 -3.85000000 1.00000000
v -21.07500000 0.00000000 1.00000000
v -21.07500000 3.85000000 1.00000000
v -20.50000000 3.85000000 1.00000000
v -20.50000000 3.50000000 1.00000000
v -15.90000000 3.50000000 1.00000000
v -15.90000000 6.10000000 1.00000000
v -18.54367101 6.10000000 1.00000000
v -18.43953046 6.38667836 1.00000000
v -18.32185480 6.70000000 1.00000000
v -15.90000000 6.70000000 1.00000000
v -15.90000000 9.30000000 1.00000000
v -17.21907168 9.30000000 1.00000000
v -17.08195080 9.58925192 1.00000000
v -16.92775490 9.90000000 1.00000000
v -15.90000000 9.90000000 1.00000000
v -15.90000000 11.77580712 1.00000000
v -15.67195566 12.14812743 1.00000000
v -15.34714939 12.64687365 1.00000000
v -15.03198891 13.10000000 1.00000000
v -10.70000000 13.10000000 1.00000000
v -10.70000000 15.70000000 1.00000000
v -12.33797258 15.70000000 1.00000000
v -12.22618315 15.77260596 1.00000000
v -11.73762049 16.05909569 1.00000000
v -11.28596481 16.30000000 1.00000000
v -10.70000000 16.30000000 1.00000000
v -10.70000000 16.58767815 1.00000000
v -10.19819176 16.81312504 1.00000000
v -10.10000000 16.85390856 1.00000000
v -10.10000000 16.30000000 1.00000000
v -5.50000000 16.30000000 1.00000000
v -5.50000000 18.30571864 1.00000000
v -5.28276664 18.35403574 1.00000000
v -5.02328383 18.40882642 1.00000000
v -4.90000000 18.43357228 1.00000000
v -4.90000000 16.30000000 1.00000000
v -0.30000000 16.30000000 1.00000000
v -0.30000000 18.90000000 1.00000000
v -4.10000000 18.90000000 1.00000000
v -4.10000000 19.50000000 1.00000000
v -0.30000000 19.50000000 1.00000000
v -0.30000000 20.00800000 1.00000000
v 0.30000000 20.00800000 1.00000000
v 0.30000000 19.50000000 1.00000000
v 4.10000000 19.50000000 1.00000000
v 4.10000000 18.90000000 1.00000000
v 0.30000000 18.90000000 1.00000000
v 0.30000000 16.30000000 1.00000000
v 4.90000000 16.30000000 1.00000000
v 4.90000000 18.36019322 1.00000000
v 5.14304203 18.32035543 1.00000000
v 5.49357921 18.25622964 1.00000000
v 5.50000000 18.25492487 1.00000000
v 5.50000000 16.30000000 1.00000000
v 10.10000000 16.30000000 1.00000000
v 10.10000000 16.73788944 1.00000000
v 10.15140198 16.71369592 1.00000000
v 10.67480681 16.44419745 1.00000000
v 10.70000000 16.42999722 1.00000000
v 10.70000000 16.30000000 1.00000000
v 10.93063322 16.30000000 1.00000000
v 11.19821164 16.14917850 1.00000000
v 11.71899726 15.82749737 1.00000000
v 11.90707660 15.70000000 1.00000000
v 10.70000000 15.70000000 1.00000000
v 10.70000000 13.18200000 1.00000000
v 10.10000000 13.18200000 1.00000000
v 10.10000000 15.70000000 1.00000000
v 5.50000000 15.70000000 1.00000000
v 5.50000000 13.10000000 1.00000000
v 7.50800000 13.10000000 1.00000000
v 7.50800000 12.50000000 1.00000000
v 5.50000000 12.50000000 1.00000000
v 5.50000000 9.90000000 1.00000000
v 7.50800000 9.90000000 1.00000000
v 7.50800000 9.30000000 1.00000000
v 5.50000000 9.30000000 1.00000000
v 5.50000000 7.27100000 1.00000000
v 4.90000000 7.27100000 1.00000000
v 4.90000000 9.30000000 1.00000000
v 0.30000000 9.30000000 1.00000000
v 0.30000000 6.70000000 1.00000000
v 1.66600000 6.70000000 1.00000000
v 1.66600000 6.10000000 1.00000000
v 0.30000000 6.10000000 1.00000000
v 0.30000000 3.50000000 1.00000000
v 1.66600000 3.50000000 1.00000000
v 1.66600000 2.90000000 1.00000000
v 0.30000000 2.90000000 1.00000000
v 0.30000000 0.30000000 1.00000000
v 1.66600000 0.30000000 1.00000000
v 1.66600000 -0.30000000 1.00000000
v 0.30000000 -0.30000000 1.00000000
v 0.30000000 -2.90000000 1.00000000
v 1.66600000 -2.90000000 1.00000000
v 1.66600000 -3.50000000 1.00000000
v 0.30000000 -3.50000000 1.00000000
v 0.30000000 -6.10000000 1.00000000
v 1.66600000 -6.10000000 1.00000000
v 1.66600000 -6.70000000 1.00000000
v 0.30000000 -6.70000000 1.00000000
v 0.30000000 -7.17000000 1.00000000
v -0.30000000 -7.17000000 1.00000000
v -0.30000000 -6.70000000 1.00000000
v -1.66600000 -6.70000000 1.00000000
v -1.66600000 -6.10000000 1.00000000
v -0.30000000 -6.10000000 1.00000000
v -0.30000000 -3.50000000 1.00000000
v -1.66600000 -3.50000000 1.00000000
v -1.66600000 -2.90000000 1.00000000
v -0.30000000 -2.90000000 1.00000000
v -0.30000000 -0.30000000 1.00000000
v -1.66600000 -0.30000000 1.00000000
v -1.66600000 0.30000000 1.00000000
v -0.30000000 0.30000000 1.00000000
v -0.30000000 2.90000000 1.00000000
v -1.66600000 2.90000000 1.00000000
v -1.66600000 3.50000000 1.00000000
v -0.30000000 3.50000000 1.00000000
v -0.30000000 6.10000000 1.00000000
v -1.66600000 6.10000000 1.00000000
v -1.66600000 6.70000000 1.00000000
v -0.30000000 6.70000000 1.00000000
v -0.30000000 9.30000000 1.00000000
v -4.90000000 9.30000000 1.00000000
v -4.90000000 7.27100000 1.00000000
v -5.50000000 7.27100000 1.00000000
v -5.50000000 9.30000000 1.00000000
v -10.10000000 9.30000000 1.00000000
v -10.10000000 7.27100000 1.00000000
v -10.70000000 7.27100000 1.00000000
v -10.70000000 9.30000000 1.00000000
v -15.30000000 9.30000000 1.00000000
v -15.30000000 6.70000000 1.00000000
v -10.89100000 6.70000000 1.00000000
v -10.89100000 6.10000000 1.00000000
v -15.30000000 6.10000000 1.00000000
v -15.30000000 3.50000000 1.00000000
v -10.89100000 3.50000000 1.00000000
v -10.89100000 2.90000000 1.00000000
v -15.30000000 2.90000000 1.00000000
v -15.30000000 0.30000000 1.00000000
v -10.89100000 0.30000000 1.00000000
v -10.89100000 -0.30000000 1.00000000
v -15.30000000 -0.30000000 1.00000000
v -15.30000000 -2.90000000 1.00000000
v -10.89100000 -2.90000000 1.00000000
v -10.89100000 -3.50000000 1.00000000
v -15.30000000 -3.50000000 1.00000000
v -15.30000000 -6.10000000 1.00000000
v -10.89100000 -6.10000000 1.00000000
v -10.89100000 -6.70000000 1.00000000
v -15.30000000 -6.70000000 1.00000000
v -15.30000000 -7.17000000 1.00000000
v -15.90000000 -7.17000000 1.00000000
v -15.90000000 -6.70000000 1.00000000
v -18.22958010 -6.70000000 1.00000000
v -18.27952155 -6.58189433 1.00000000
v -20.50000000 -2.90000000 1.00000000
v -15.90000000 -2.90000000 1.00000000
v -15.90000000 -0.30000000 1.00000000
v -20.50000000 -0.30000000 1.00000000
v 4.90000000 13.10000000 1.00000000
v 4.90000000 15.70000000 1.00000000
v 0.30000000 15.70000000 1.00000000
v 0.30000000 13.10000000 1.00000000
v -0.30000000 13.10000000 1.00000000
v -0.30000000 15.70000000 1.00000000
v -4.90000000 15.70000000 1.00000000
v -4.90000000 13.10000000 1.00000000
v 4.90000000 9.90000000 1.00000000
v 4.90000000 12.50000000 1.00000000
v 0.30000000 12.50000000 1.00000000
v 0.30000000 9.90000000 1.00000000
v -0.30000000 9.90000000 1.00000000
v -0.30000000 12.50000000 1.00000000
v -4.90000000 12.50000000 1.00000000
v -4.90000000 9.90000000 1.00000000
v -20.50000000 2.90000000 1.00000000
v -20.50000000 0.30000000 1.00000000
v -15.90000000 0.30000000 1.00000000
v -15.90000000 2.90000000 1.00000000
v -15.30000000 12.50000000 1.00000000
v -15.30000000 9.90000000 1.00000000
v -10.70000000 9.90000000 1.00000000
v -10.70000000 12.50000000 1.00000000
v -10.10000000 15.70000000 1.00000000
v -10.10000000 13.10000000 1.00000000
v -5.50000000 13.10000000 1.00000000
v -5.50000000 15.70000000 1.00000000
v -10.10000000 12.50000000 1.00000000
v -10.10000000 9.90000000 1.00000000
v -5.50000000 9.90000000 1.00000000
v -5.50000000 12.50000000 1.00000000
v -18.38551436 -6.32022662 1.50000000
v -18.47137378 -6.10000000 1.50000000
v -15.90000000 -6.10000000 1.50000000
v -15.90000000 -3.50000000 1.50000000
v -20.50000000 -3.50000000 1.50000000
v -20.50000000 -3.85000000 1.50000000
v -21.07500000 -3.85000000 1.50000000
v -21.07500000 0.00000000 1.50000000
v -21.07500000 3.85000000 1.50000000
v -20.50000000 3.85000000 1.50000000
v -20.50000000 3.50000000 1.50000000
v -15.90000000 3.50000000 1.50000000
v -15.90000000 6.10000000 1.50000000
v -18.54367101 6.10000000 1.50000000
v -18.43953046 6.38667836 1.50000000
v -18.32185480 6.70000000 1.50000000
v -15.90000000 6.70000000 1.50000000
v -15.90000000 9.30000000 1.50000000
v -17.21907168 9.30000000 1.50000000
v -17.08195080 9.58925192 1.50000000
v -16.92775490 9.90000000 1.50000000
v -15.90000000 9.90000000 1.50000000
v -15.90000000 11.77580712 1.50000000
v -15.67195566 12.14812743 1.50000000
v -15.34714939 12.64687365 1.50000000
v -15.03198891 13.10000000 1.50000000
v -10.70000000 13.10000000 1.50000000
v -10.70000000 15.70000000 1.50000000
v -12.33797258 15.70000000 1.50000000
v -12.22618315 15.77260596 1.50000000
v -11.73762049 16.05909569 1.50000000
v -11.28596481 16.30000000 1.50000000
v -10.70000000 16.30000000 1.50000000
v -10.70000000 16.58767815 1.50000000
v -10.19819176 16.81312504 1.50000000
v -10.10000000 16.85390856 1.50000000
v -10.10000000 16.30000000 1.50000000
v -5.50000000 16.30000000 1.50000000
v -5.50000000 18.30571864 1.50000000
v -5.28276664 18.35403574 1.50000000
v -5.02328383 18.40882642 1.50000000
v -4.90000000 18.43357228 1.50000000
v -4.90000000 16.30000000 1.50000000
v -0.30000000 16.30000000 1.50000000
v -0.30000000 18.90000000 1.50000000
v -4.10000000 18.90000000 1.50000000
v -4.10000000 19.50000000 1.50000000
v -0.30000000 19.50000000 1.50000000
v -0.30000000 20.00800000 1.50000000
v 0.30000000 20.00800000 1.50000000
v 0.30000000 19.50000000 1.50000000
v 4.10000000 19.50000000 1.50000000
v 4.10000000 18.90000000 1.50000000
v 0.30000000 18.90000000 1.50000000
v 0.30000000 16.30000000 1.50000000
v 4.90000000 16.30000000 1.50000000
v 4.90000000 18.36019322 1.50000000
v 5.14304203 18.32035543 1.50000000
v 5.49357921 18.25622964 1.50000000
v 5.50000000 18.25492487 1.50000000
v 5.50000000 16.30000000 1.50000000
v 10.10000000 16.30000000 1.50000000
v 10.10000000 16.73788944 1.50000000
v 10.15140198 16.71369592 1.50000000
v 10.67480681 16.44419745 1.50000000
v 10.70000000 16.42999722 1.50000000
v 10.70000000 16.30000000 1.50000000
v 10.93063322 16.30000000 1.50000000
v 11.19821164 16.14917850 1.50000000
v 11.71899726 15.82749737 1.50000000
v 11.90707660 15.70000000 1.50000000
v 10.70000000 15.70000000 1.50000000
v 10.70000000 13.18200000 1.50000000
v 10.10000000 13.18200000 1.50000000
v 10.10000000 15.70000000 1.50000000
v 5.50000000 15.70000000 1.50000000
v 5.50000000 13.10000000 1.50000000
v 7.50800000 13.10000000 1.50000000
v 7.50800000 12.50000000 1.50000000
v 5.50000000 12.50000000 1.50000000
v 5.50000000 9.90000000 1.50000000
v 7.50800000 9.90000000 1.50000000
v 7.50800000 9.30000000 1.50000000
v 5.50000000 9.30000000 1.50000000
v 5.50000000 7.27100000 1.50000000
v 4.90000000 7.27100000 1.50000000
v 4.90000000 9.30000000 1.50000000
v 0.30000000 9.30000000 1.50000000
v 0.30000000 6.70000000 1.50000000
v 1.66600000 6.70000000 1.50000000
v 1.66600000 6.10000000 1.50000000
v 0.30000000 6.10000000 1.50000000
v 0.30000000 3.50000000 1.50000000
v 1.66600000 3.50000000 1.50000000
v 1.66600000 2.90000000 1.50000000
v 0.30000000 2.90000000 1.50000000
v 0.30000000 0.30000000 1.50000000
v 1.66600000 0.30000000 1.50000000
v 1.66600000 -0.30000000 1.50000000
v 0.30000000 -0.30000000 1.50000000
v 0.30000000 -2.90000000 1.50000000
v 1.66600000 -2.90000000 1.50000000
v 1.66600000 -3.50000000 1.50000000
v 0.30000000 -3.50000000 1.50000000
v 0.30000000 -6.10000000 1.50000000
v 1.66600000 -6.10000000 1.50000000
v 1.66600000 -6.70000000 1.50000000
v 0.30000000 -6.70000000 1.50000000
v 0.30000000 -7.17000000 1.50000000
v -0.30000000 -7.17000000 1.50000000
v -0.30000000 -6.70000000 1.50000000
v -1.66600000 -6.70000000 1.50000000
v -1.66600000 -6.10000000 1.50000000
v -0.30000000 -6.10000000 1.50000000
v -0.30000000 -3.50000000 1.50000000
v -1.66600000 -3.50000000 1.50000000
v -1.66600000 -2.90000000 1.50000000
v -0.30000000 -2.90000000 1.50000000
v -0.30000000 -0.30000000 1.50000000
v -1.66600000 -0.30000000 1.50000000
v -1.66600000 0.30000000 1.50000000
v -0.30000000 0.30000000 1.50000000
v -0.30000000 2.90000000 1.50000000
v -1.66600000 2.90000000 1.50000000
v -1.66600000 3.50000000 1.50000000
v -0.30000000 3.50000000 1.50000000
v -0.30000000 6.10000000 1.50000000
v -1.66600000 6.10000000 1.50000000
v -1.66600000 6.70000000 1.50000000
v -0.30000000 6.70000000 1.50000000
v -0.30000000 9.30000000 1.50000000
v -4.90000000 9.30000000 1.50000000
v -4.90000000 7.27100000 1.50000000
v -5.50000000 7.27100000 1.50000000
v -5.50000000 9.30000000 1.50000000
v -10.10000000 9.30000000 1.50000000
v -10.10000000 7.27100000 1.50000000
v -10.70000000 7.27100000 1.50000000
v -10.70000000 9.30000000 1.50000000
v -15.30000000 9.30000000 1.50000000
v -15.30000000 6.70000000 1.50000000
v -10.89100000 6.70000000 1.50000000
v -10.89100000 6.10000000 1.50000000
v -15.30000000 6.10000000 1.50000000
v -15.30000000 3.50000000 1.50000000
v -10.89100000 3.50000000 1.50000000
v -10.89100000 2.90000000 1.50000000
v -15.30000000 2.90000000 1.50000000
v -15.30000000 0.30000000 1.50000000
v -10.89100000 0.30000000 1.50000000
v -10.89100000 -0.30000000 1.50000000
v -15.30000000 -0.30000000 1.50000000
v -15.30000000 -2.90000000 1.50000000
v -10.89100000 -2.90000000 1.50000000
v -10.89100000 -3.50000000 1.50000000
v -15.30000000 -3.50000000 1.50000000
v -15.30000000 -6.10000000 1.50000000
v -10.89100000 -6.10000000 1.50000000
v -10.89100000 -6.70000000 1.50000000
v -15.30000000 -6.70000000 1.50000000
v -15.30000000 -7.17000000 1.50000000
v -15.90000000 -7.17000000 1.50000000
v -15.90000000 -6.70000000 1.50000000
v -18.22958010 -6.70000000 1.50000000
v -18.27952155 -6.58189433 1.50000000
v -20.50000000 -2.90000000 1.50000000
v -15.90000000 -2.90000000 1.50000000
v -15.90000000 -0.30000000 1.50000000
v -20.50000000 -0.30000000 1.50000000
v 4.90000000 13.10000000 1.50000000
v 4.90000000 15.70000000 1.50000000
v 0.30000000 15.70000000 1.50000000
v 0.30000000 13.10000000 1.50000000
v -0.30000000 13.10000000 1.50000000
v -0.30000000 15.70000000 1.50000000
v -4.90000000 15.70000000 1.50000000
v -4.90000000 13.10000000 1.50000000
v 4.90000000 9.90000000 1.50000000
v 4.90000000 12.50000000 1.50000000
v 0.30000000 12.50000000 1.50000000
v 0.30000000 9.90000000 1.50000000
v -0.30000000 9.90000000 1.50000000
v -0.30000000 12.50000000 1.50000000
v -4.90000000 12.50000000 1.50000000
v -4.90000000 9.90000000 1.50000000
v -20.50000000 2.90000000 1.50000000
v -20.50000000 0.30000000 1.50000000
v -15.90000000 0.30000000 1.50000000
v -15.90000000 2.90000000 1.50000000
v -15.30000000 12.50000000 1.50000000
v -15.30000000 9.90000000 1.50000000
v -10.70000000 9.90000000 1.50000000
v -10.70000000 12.50000000 1.50000000
v -10.10000000 15.70000000 1.50000000
v -10.10000000 13.10000000 1.50000000
v -5.50000000 13.10000000 1.50000000
v -5.50000000 15.70000000 1.50000000
v -10.10000000 12.50000000 1.50000000
v -10.10000000 9.90000000 1.50000000
v -5.50000000 9.90000000 1.50000000
v -5.50000000 12.50000000 1.50000000
v 13.06000000 13.10000000 1.00000000
v 13.10000000 13.10000000 1.00000000
v 13.10000000 12.50000000 1.00000000
v 13.06000000 12.50000000 1.00000000
v 13.06000000 13.10000000 1.50000000
v 13.10000000 13.10000000 1.50000000
v 13.10000000 12.50000000 1.50000000
v 13.06000000 12.50000000 1.50000000
v 17.76972532 6.70000000 1.00000000
v 17.81801731 6.51326440 1.00000000
v 17.91214310 6.11529495 1.00000000
v 17.91544662 6.10000000 1.00000000
v 15.90000000 6.10000000 1.00000000
v 15.90000000 3.50000000 1.00000000
v 20.20000000 3.50000000 1.00000000
v 20.20000000 2.90000000 1.00000000
v 15.90000000 2.90000000 1.00000000
v 15.90000000 0.30000000 1.00000000
v 20.20000000 0.30000000 1.00000000
v 20.20000000 0.00000000 1.00000000
v 20.20000000 -0.30000000 1.00000000
v 15.90000000 -0.30000000 1.00000000
v 15.90000000 -2.90000000 1.00000000
v 20.20000000 -2.90000000 1.00000000
v 20.20000000 -3.50000000 1.00000000
v 15.90000000 -3.50000000 1.00000000
v 15.90000000 -6.10000000 1.00000000
v 17.74606395 -6.10000000 1.00000000
v 17.68661596 -6.28912522 1.00000000
v 17.58651972 -6.59601119 1.00000000
v 17.55128313 -6.70000000 1.00000000
v 15.90000000 -6.70000000 1.00000000
v 15.90000000 -7.17000000 1.00000000
v 15.30000000 -7.17000000 1.00000000
v 15.30000000 -6.70000000 1.00000000
v 10.89100000 -6.70000000 1.00000000
v 10.89100000 -6.10000000 1.00000000
v 15.30000000 -6.10000000 1.00000000
v 15.30000000 -3.50000000 1.00000000
v 10.89100000 -3.50000000 1.00000000
v 10.89100000 -2.90000000 1.00000000
v 15.30000000 -2.90000000 1.00000000
v 15.30000000 -0.30000000 1.00000000
v 10.89100000 -0.30000000 1.00000000
v 10.89100000 0.30000000 1.00000000
v 15.30000000 0.30000000 1.00000000
v 15.30000000 2.90000000 1.00000000
v 10.89100000 2.90000000 1.00000000
v 10.89100000 3.50000000 1.00000000
v 15.30000000 3.50000000 1.00000000
v 15.30000000 6.10000000 1.00000000
v 10.89100000 6.10000000 1.00000000
v 10.89100000 6.70000000 1.00000000
v 15.30000000 6.70000000 1.00000000
v 15.30000000 8.50000000 1.00000000
v 15.90000000 8.50000000 1.00000000
v 15.90000000 6.70000000 1.00000000
v 17.76972532 6.70000000 1.50000000
v 17.81801731 6.51326440 1.50000000
v 17.91214310 6.11529495 1.50000000
v 17.91544662 6.10000000 1.50000000
v 15.90000000 6.10000000 1.50000000
v 15.90000000 3.50000000 1.50000000
v 20.20000000 3.50000000 1.50000000
v 20.20000000 2.90000000 1.50000000
v 15.90000000 2.90000000 1.50000000
v 15.90000000 0.30000000 1.50000000
v 20.20000000 0.30000000 1.50000000
v 20.20000000 0.00000000 1.50000000
v 20.20000000 -0.30000000 1.50000000
v 15.90000000 -0.30000000 1.50000000
v 15.90000000 -2.90000000 1.50000000
v 20.20000000 -2.90000000 1.50000000
v 20.20000000 -3.50000000 1.50000000
v 15.90000000 -3.50000000 1.50000000
v 15.90000000 -6.10000000 1.50000000
v 17.74606395 -6.10000000 1.50000000
v 17.68661596 -6.28912522 1.50000000
v 17.58651972 -6.59601119 1.50000000
v 17.55128313 -6.70000000 1.50000000
v 15.90000000 -6.70000000 1.50000000
v 15.90000000 -7.17000000 1.50000000
v 15.30000000 -7.17000000 1.50000000
v 15.30000000 -6.70000000 1.50000000
v 10.89100000 -6.70000000 1.50000000
v 10.89100000 -6.10000000 1.50000000
v 15.30000000 -6.10000000 1.50000000
v 15.30000000 -3.50000000 1.50000000
v 10.89100000 -3.50000000 1.50000000
v 10.89100000 -2.90000000 1.50000000
v 15.30000000 -2.90000000 1.50000000
v 15.30000000 -0.30000000 1.50000000
v 10.89100000 -0.30000000 1.50000000
v 10.89100000 0.30000000 1.50000000
v 15.30000000 0.30000000 1.50000000
v 15.30000000 2.90000000 1.50000000
v 10.89100000 2.90000000 1.50000000
v 10.89100000 3.50000000 1.50000000
v 15.30000000 3.50000000 1.50000000
v 15.30000000 6.10000000 1.50000000
v 10.89100000 6.10000000 1.50000000
v 10.89100000 6.70000000 1.50000000
v 15.30000000 6.70000000 1.50000000
v 15.30000000 8.50000000 1.50000000
v 15.90000000 8.50000000 1.50000000
v 15.90000000 6.70000000 1.50000000
v 13.06000000 9.90000000 1.00000000
v 13.10000000 9.90000000 1.00000000
v 13.10000000 9.30000000 1.00000000
v 13.06000000 9.30000000 1.00000000
v 13.06000000 9.90000000 1.50000000
v 13.10000000 9.90000000 1.50000000
v 13.10000000 9.30000000 1.50000000
v 13.06000000 9.30000000 1.50000000
v 10.10000000 8.47000000 1.00000000
v 10.70000000 8.47000000 1.00000000
v 10.70000000 7.27100000 1.00000000
v 10.10000000 7.27100000 1.00000000
v 10.10000000 8.47000000 1.50000000
v 10.70000000 8.47000000 1.50000000
v 10.70000000 7.27100000 1.50000000
v 10.10000000 7.27100000 1.50000000
v 15.17731961 12.50000000 1.00000000
v 13.10000000 12.50000000 1.00000000
v 13.10000000 13.10000000 1.00000000
v 14.73112988 13.10000000 1.00000000
v 15.04923364 12.68476037 1.00000000
v 15.17731961 12.50000000 6.77000000
v 13.10000000 12.50000000 6.77000000
v 13.10000000 13.10000000 6.77000000
v 14.73112988 13.10000000 6.77000000
v 15.04923364 12.68476037 6.77000000
v 15.42155949 12.14769089 1.00000000
v 15.76420099 11.60330107 1.00000000
v 15.90000000 11.36628909 1.00000000
v 15.90000000 9.90000000 1.00000000
v 16.65232578 9.90000000 1.00000000
v 16.86156357 9.42130928 1.00000000
v 16.91012955 9.30000000 1.00000000
v 15.90000000 9.30000000 1.00000000
v 15.90000000 8.50000000 1.00000000
v 15.30000000 8.50000000 1.00000000
v 15.30000000 9.30000000 1.00000000
v 13.10000000 9.30000000 1.00000000
v 13.10000000 9.90000000 1.00000000
v 15.30000000 9.90000000 1.00000000
v 15.30000000 12.32303701 1.00000000
v 15.42155949 12.14769089 6.77000000
v 15.76420099 11.60330107 6.77000000
v 15.90000000 11.36628909 6.77000000
v 15.90000000 9.90000000 6.77000000
v 16.65232578 9.90000000 6.77000000
v 16.86156357 9.42130928 6.77000000
v 16.91012955 9.30000000 6.77000000
v 15.90000000 9.30000000 6.77000000
v 15.90000000 8.50000000 6.77000000
v 15.30000000 8.50000000 6.77000000
v 15.30000000 9.30000000 6.77000000
v 13.10000000 9.30000000 6.77000000
v 13.10000000 9.90000000 6.77000000
v 15.30000000 9.90000000 6.77000000
v 15.30000000 12.32303701 6.77000000
v -8.90000000 4.95000000 1.00000000
v -8.90000000 6.40000000 1.00000000
v -9.85700000 6.40000000 1.00000000
v -9.85700000 -6.20000000 1.00000000
v -8.15000000 -6.20000000 1.00000000
v -8.15000000 -7.17100000 1.00000000
v -10.79100000 -7.17100000 1.00000000
v -10.79100000 7.13600000 1.00000000
v -8.00000000 7.13600000 1.00000000
v -8.00000000 4.95000000 1.00000000
v -8.90000000 4.95000000 5.60000000
v -8.90000000 6.40000000 5.60000000
v -9.85700000 6.40000000 5.60000000
v -9.85700000 -6.20000000 5.60000000
v -8.15000000 -6.20000000 5.60000000
v -8.15000000 -7.17100000 5.60000000
v -10.79100000 -7.17100000 5.60000000
v -10.79100000 7.13600000 5.60000000
v -8.00000000 7.13600000 5.60000000
v -8.00000000 4.95000000 5.60000000
v 3.65000000 4.95000000 1.00000000
v 3.65000000 6.40000000 1.00000000
v 2.70100000 6.40000000 1.00000000
v 2.70100000 -6.20000000 1.00000000
v 4.35000000 -6.20000000 1.00000000
v 4.35000000 -7.17100000 1.00000000
v 1.76600000 -7.17100000 1.00000000
v 1.76600000 7.17100000 1.00000000
v 4.50000000 7.17100000 1.00000000
v 4.50000000 4.95000000 1.00000000
v 3.65000000 4.95000000 5.60000000
v 3.65000000 6.40000000 5.60000000
v 2.70100000 6.40000000 5.60000000
v 2.70100000 -6.20000000 5.60000000
v 4.35000000 -6.20000000 5.60000000
v 4.35000000 -7.17100000 5.60000000
v 1.76600000 -7.17100000 5.60000000
v 1.76600000 7.17100000 5.60000000
v 4.50000000 7.17100000 5.60000000
v 4.50000000 4.95000000 5.60000000
v -4.35000000 -6.20000000 1.00000000
v -2.70100000 -6.20000000 1.00000000
v -2.70100000 6.40000000 1.00000000
v -3.65000000 6.40000000 1.00000000
v -3.65000000 4.95000000 1.00000000
v -4.50000000 4.95000000 1.00000000
v -4.50000000 7.17100000 1.00000000
v -1.76600000 7.17100000 1.00000000
v -1.76600000 -7.13600000 1.00000000
v -4.35000000 -7.13600000 1.00000000
v -4.35000000 -6.20000000 5.60000000
v -2.70100000 -6.20000000 5.60000000
v -2.70100000 6.40000000 5.60000000
v -3.65000000 6.40000000 5.60000000
v -3.65000000 4.95000000 5.60000000
v -4.50000000 4.95000000 5.60000000
v -4.50000000 7.17100000 5.60000000
v -1.76600000 7.17100000 5.60000000
v -1.76600000 -7.13600000 5.60000000
v -4.35000000 -7.13600000 5.60000000
v 8.15000000 -6.20000000 1.00000000
v 9.85700000 -6.20000000 1.00000000
v 9.85700000 6.40000000 1.00000000
v 8.90000000 6.40000000 1.00000000
v 8.90000000 4.95000000 1.00000000
v 8.00000000 4.95000000 1.00000000
v 8.00000000 7.17100000 1.00000000
v 10.79100000 7.17100000 1.00000000
v 10.79100000 -7.13600000 1.00000000
v 8.15000000 -7.13600000 1.00000000
v 8.15000000 -6.20000000 5.60000000
v 9.85700000 -6.20000000 5.60000000
v 9.85700000 6.40000000 5.60000000
v 8.90000000 6.40000000 5.60000000
v 8.90000000 4.95000000 5.60000000
v 8.00000000 4.95000000 5.60000000
v 8.00000000 7.17100000 5.60000000
v 10.79100000 7.17100000 5.60000000
v 10.79100000 -7.13600000 5.60000000
v 8.15000000 -7.13600000 5.60000000
v -9.85700000 -4.95000000 1.00000000
v -9.85700000 -4.35000000 1.00000000
v -8.05700000 -4.35000000 1.00000000
v -8.05700000 -4.95000000 1.00000000
v -9.85700000 -4.95000000 2.15000000
v -9.85700000 -4.35000000 2.15000000
v -8.05700000 -4.35000000 2.15000000
v -8.05700000 -4.95000000 2.15000000
v -4.50100000 -4.95000000 1.00000000
v -4.50100000 -4.35000000 1.00000000
v -2.70100000 -4.35000000 1.00000000
v -2.70100000 -4.95000000 1.00000000
v -4.50100000 -4.95000000 2.15000000
v -4.50100000 -4.35000000 2.15000000
v -2.70100000 -4.35000000 2.15000000
v -2.70100000 -4.95000000 2.15000000
v -9.85700000 -1.65000000 1.00000000
v -9.85700000 -1.05000000 1.00000000
v -8.05700000 -1.05000000 1.00000000
v -8.05700000 -1.65000000 1.00000000
v -9.85700000 -1.65000000 2.15000000
v -9.85700000 -1.05000000 2.15000000
v -8.05700000 -1.05000000 2.15000000
v -8.05700000 -1.65000000 2.15000000
v -4.50100000 -1.65000000 1.00000000
v -4.50100000 -1.05000000 1.00000000
v -2.70100000 -1.05000000 1.00000000
v -2.70100000 -1.65000000 1.00000000
v -4.50100000 -1.65000000 2.15000000
v -4.50100000 -1.05000000 2.15000000
v -2.70100000 -1.05000000 2.15000000
v -2.70100000 -1.65000000 2.15000000
v -9.85700000 1.65000000 1.00000000
v -9.85700000 2.25000000 1.00000000
v -8.05700000 2.25000000 1.00000000
v -8.05700000 1.65000000 1.00000000
v -9.85700000 1.65000000 2.15000000
v -9.85700000 2.25000000 2.15000000
v -8.05700000 2.25000000 2.15000000
v -8.05700000 1.65000000 2.15000000
v -4.50100000 1.65000000 1.00000000
v -4.50100000 2.25000000 1.00000000
v -2.70100000 2.25000000 1.00000000
v -2.70100000 1.65000000 1.00000000
v -4.50100000 1.65000000 2.15000000
v -4.50100000 2.25000000 2.15000000
v -2.70100000 2.25000000 2.15000000
v -2.70100000 1.65000000 2.15000000
v -9.85700000 4.95000000 1.00000000
v -9.85700000 5.55000000 1.00000000
v -8.05700000 5.55000000 1.00000000
v -8.05700000 4.95000000 1.00000000
v -9.85700000 4.95000000 2.15000000
v -9.85700000 5.55000000 2.15000000
v -8.05700000 5.55000000 2.15000000
v -8.05700000 4.95000000 2.15000000
v -4.50100000 4.95000000 1.00000000
v -4.50100000 5.55000000 1.00000000
v -2.70100000 5.55000000 1.00000000
v -2.70100000 4.95000000 1.00000000
v -4.50100000 4.95000000 2.15000000
v -4.50100000 5.55000000 2.15000000
v -2.70100000 5.55000000 2.15000000
v -2.70100000 4.95000000 2.15000000
v 2.70100000 -4.95000000 1.00000000
v 2.70100000 -4.35000000 1.00000000
v 4.50100000 -4.35000000 1.00000000
v 4.50100000 -4.95000000 1.00000000
v 2.70100000 -4.95000000 2.15000000
v 2.70100000 -4.35000000 2.15000000
v 4.50100000 -4.35000000 2.15000000
v 4.50100000 -4.95000000 2.15000000
v 8.05700000 -4.95000000 1.00000000
v 8.05700000 -4.35000000 1.00000000
v 9.85700000 -4.35000000 1.00000000
v 9.85700000 -4.95000000 1.00000000
v 8.05700000 -4.95000000 2.15000000
v 8.05700000 -4.35000000 2.15000000
v 9.85700000 -4.35000000 2.15000000
v 9.85700000 -4.95000000 2.15000000
v 2.70100000 -1.65000000 1.00000000
v 2.70100000 -1.05000000 1.00000000
v 4.50100000 -1.05000000 1.00000000
v 4.50100000 -1.65000000 1.00000000
v 2.70100000 -1.65000000 2.15000000
v 2.70100000 -1.05000000 2.15000000
v 4.50100000 -1.05000000 2.15000000
v 4.50100000 -1.65000000 2.15000000
v 8.05700000 -1.65000000 1.00000000
v 8.05700000 -1.05000000 1.00000000
v 9.85700000 -1.05000000 1.00000000
v 9.85700000 -1.65000000 1.00000000
v 8.05700000 -1.65000000 2.15000000
v 8.05700000 -1.05000000 2.15000000
v 9.85700000 -1.05000000 2.15000000
v 9.85700000 -1.65000000 2.15000000
v 2.70100000 1.65000000 1.00000000
v 2.70100000 2.25000000 1.00000000
v 4.50100000 2.25000000 1.00000000
v 4.50100000 1.65000000 1.00000000
v 2.70100000 1.65000000 2.15000000
v 2.70100000 2.25000000 2.15000000
v 4.50100000 2.25000000 2.15000000
v 4.50100000 1.65000000 2.15000000
v 8.05700000 1.65000000 1.00000000
v 8.05700000 2.25000000 1.00000000
v 9.85700000 2.25000000 1.00000000
v 9.85700000 1.65000000 1.00000000
v 8.05700000 1.65000000 2.15000000
v 8.05700000 2.25000000 2.15000000
v 9.85700000 2.25000000 2.15000000
v 9.85700000 1.65000000 2.15000000
v 2.70100000 4.95000000 1.00000000
v 2.70100000 5.55000000 1.00000000
v 4.50100000 5.55000000 1.00000000
v 4.50100000 4.95000000 1.00000000
v 2.70100000 4.95000000 2.15000000
v 2.70100000 5.55000000 2.15000000
v 4.50100000 5.55000000 2.15000000
v 4.50100000 4.95000000 2.15000000
v 8.05700000 4.95000000 1.00000000
v 8.05700000 5.55000000 1.00000000
v 9.85700000 5.55000000 1.00000000
v 9.85700000 4.95000000 1.00000000
v 8.05700000 4.95000000 2.15000000
v 8.05700000 5.55000000 2.15000000
v 9.85700000 5.55000000 2.15000000
v 9.85700000 4.95000000 2.15000000
v 3.90000000 6.25000000 1.00000000
v 3.90000000 12.85000000 1.00000000
v 3.90000000 12.18000000 14.09000000
v 3.90000000 11.14275139 14.09000000
v 3.90000000 10.57900000 13.33833148
v 3.90000000 10.62581962 13.25036121
v 3.90000000 10.66669476 13.15947630
v 3.90000000 10.70144503 13.06607788
v 3.90000000 10.72991703 12.97057820
v 3.90000000 10.75198511 12.87339875
v 3.90000000 10.76755187 12.77496847
v 3.90000000 10.77654859 12.67572179
v 3.90000000 10.77893557 12.57609676
v 3.90000000 10.77470226 12.47653309
v 3.90000000 10.76386737 12.37747023
v 3.90000000 10.74647870 12.27934542
v 3.90000000 10.72261301 12.18259174
v 3.90000000 10.69237563 12.08763625
v 3.90000000 10.65590002 11.99489805
v 3.90000000 10.61334718 11.90478645
v 3.90000000 10.56490491 11.81769918
v 3.90000000 10.51078704 11.73402063
v 3.90000000 10.45123242 11.65412012
v 3.90000000 10.38650390 11.57835031
v 3.90000000 10.31688719 11.50704562
v 3.90000000 10.24268954 11.44052079
v 3.90000000 10.16423845 11.37906941
v 3.90000000 10.08188018 11.32296274
v 3.90000000 9.99597822 11.27244840
v 3.90000000 9.90691173 11.22774934
v 3.90000000 9.81507383 11.18906287
v 3.90000000 9.72086984 11.15655972
v 3.90000000 9.62471558 11.13038336
v 3.90000000 9.52703542 11.11064932
v 3.90000000 9.42826051 11.09744471
v 3.90000000 9.32882681 11.09082780
v 3.90000000 9.22917319 11.09082780
v 3.90000000 9.12973949 11.09744471
v 3.90000000 9.03096458 11.11064932
v 3.90000000 8.93328442 11.13038336
v 3.90000000 8.83713016 11.15655972
v 3.90000000 8.74292617 11.18906287
v 3.90000000 8.65108827 11.22774934
v 3.90000000 8.56202178 11.27244840
v 3.90000000 8.47611982 11.32296274
v 3.90000000 8.39376155 11.37906941
v 3.90000000 8.31531046 11.44052079
v 3.90000000 8.24111281 11.50704562
v 3.90000000 8.17149610 11.57835031
v 3.90000000 8.10676758 11.65412012
v 3.90000000 8.04721296 11.73402063
v 3.90000000 7.99309509 11.81769918
v 3.90000000 7.94465282 11.90478645
v 3.90000000 7.90209998 11.99489805
v 3.90000000 7.86562437 12.08763625
v 3.90000000 7.83538699 12.18259174
v 3.90000000 7.81152130 12.27934542
v 3.90000000 7.79413263 12.37747023
v 3.90000000 7.78329774 12.47653309
v 3.90000000 7.77906443 12.57609676
v 3.90000000 7.78145141 12.67572179
v 3.90000000 7.79044813 12.77496847
v 3.90000000 7.80601489 12.87339875
v 3.90000000 7.82808297 12.97057820
v 3.90000000 7.85655497 13.06607788
v 3.90000000 7.89130524 13.15947630
v 3.90000000 7.93218038 13.25036121
v 3.90000000 7.97900000 13.33833148
v 3.90000000 7.41524861 14.09000000
v 3.90000000 6.55000000 14.09000000
v 5.40000000 6.25000000 1.00000000
v 5.40000000 12.85000000 1.00000000
v 5.40000000 12.18000000 14.09000000
v 5.40000000 11.14275139 14.09000000
v 5.40000000 10.57900000 13.33833148
v 5.40000000 10.62581962 13.25036121
v 5.40000000 10.66669476 13.15947630
v 5.40000000 10.70144503 13.06607788
v 5.40000000 10.72991703 12.97057820
v 5.40000000 10.75198511 12.87339875
v 5.40000000 10.76755187 12.77496847
v 5.40000000 10.77654859 12.67572179
v 5.40000000 10.77893557 12.57609676
v 5.40000000 10.77470226 12.47653309
v 5.40000000 10.76386737 12.37747023
v 5.40000000 10.74647870 12.27934542
v 5.40000000 10.72261301 12.18259174
v 5.40000000 10.69237563 12.08763625
v 5.40000000 10.65590002 11.99489805
v 5.40000000 10.61334718 11.90478645
v 5.40000000 10.56490491 11.81769918
v 5.40000000 10.51078704 11.73402063
v 5.40000000 10.45123242 11.65412012
v 5.40000000 10.38650390 11.57835031
v 5.40000000 10.31688719 11.50704562
v 5.40000000 10.24268954 11.44052079
v 5.40000000 10.16423845 11.37906941
v 5.40000000 10.08188018 11.32296274
v 5.40000000 9.99597822 11.27244840
v 5.40000000 9.90691173 11.22774934
v 5.40000000 9.81507383 11.18906287
v 5.40000000 9.72086984 11.15655972
v 5.40000000 9.62471558 11.13038336
v 5.40000000 9.52703542 11.11064932
v 5.40000000 9.42826051 11.09744471
v 5.40000000 9.32882681 11.09082780
v 5.40000000 9.22917319 11.09082780
v 5.40000000 9.12973949 11.09744471
v 5.40000000 9.03096458 11.11064932
v 5.40000000 8.93328442 11.13038336
v 5.40000000 8.83713016 11.15655972
v 5.40000000 8.74292617 11.18906287
v 5.40000000 8.65108827 11.22774934
v 5.40000000 8.56202178 11.27244840
v 5.40000000 8.47611982 11.32296274
v 5.40000000 8.39376155 11.37906941
v 5.40000000 8.31531046 11.44052079
v 5.40000000 8.24111281 11.50704562
v 5.40000000 8.17149610 11.57835031
v 5.40000000 8.10676758 11.65412012
v 5.40000000 8.04721296 11.73402063
v 5.40000000 7.99309509 11.81769918
v 5.40000000 7.94465282 11.90478645
v 5.40000000 7.90209998 11.99489805
v 5.40000000 7.86562437 12.08763625
v 5.40000000 7.83538699 12.18259174
v 5.40000000 7.81152130 12.27934542
v 5.40000000 7.79413263 12.37747023
v 5.40000000 7.78329774 12.47653309
v 5.40000000 7.77906443 12.57609676
v 5.40000000 7.78145141 12.67572179
v 5.40000000 7.79044813 12.77496847
v 5.40000000 7.80601489 12.87339875
v 5.40000000 7.82808297 12.97057820
v 5.40000000 7.85655497 13.06607788
v 5.40000000 7.89130524 13.15947630
v 5.40000000 7.93218038 13.25036121
v 5.40000000 7.97900000 13.33833148
v 5.40000000 7.41524861 14.09000000
v 5.40000000 6.55000000 14.09000000
v 13.10000000 6.25000000 1.00000000
v 13.10000000 12.85000000 1.00000000
v 13.10000000 12.18000000 14.09000000
v 13.10000000 11.14275139 14.09000000
v 13.10000000 10.57900000 13.33833148
v 13.10000000 10.62581962 13.25036121
v 13.10000000 10.66669476 13.15947630
v 13.10000000 10.70144503 13.06607788
v 13.10000000 10.72991703 12.97057820
v 13.10000000 10.75198511 12.87339875
v 13.10000000 10.76755187 12.77496847
v 13.10000000 10.77654859 12.67572179
v 13.10000000 10.77893557 12.57609676
v 13.10000000 10.77470226 12.47653309
v 13.10000000 10.76386737 12.37747023
v 13.10000000 10.74647870 12.27934542
v 13.10000000 10.72261301 12.18259174
v 13.10000000 10.69237563 12.08763625
v 13.10000000 10.65590002 11.99489805
v 13.10000000 10.61334718 11.90478645
v 13.10000000 10.56490491 11.81769918
v 13.10000000 10.51078704 11.73402063
v 13.10000000 10.45123242 11.65412012
v 13.10000000 10.38650390 11.57835031
v 13.10000000 10.31688719 11.50704562
v 13.10000000 10.24268954 11.44052079
v 13.10000000 10.16423845 11.37906941
v 13.10000000 10.08188018 11.32296274
v 13.10000000 9.99597822 11.27244840
v 13.10000000 9.90691173 11.22774934
v 13.10000000 9.81507383 11.18906287
v 13.10000000 9.72086984 11.15655972
v 13.10000000 9.62471558 11.13038336
v 13.10000000 9.52703542 11.11064932
v 13.10000000 9.42826051 11.09744471
v 13.10000000 9.32882681 11.09082780
v 13.10000000 9.22917319 11.09082780
v 13.10000000 9.12973949 11.09744471
v 13.10000000 9.03096458 11.11064932
v 13.10000000 8.93328442 11.13038336
v 13.10000000 8.83713016 11.15655972
v 13.10000000 8.74292617 11.18906287
v 13.10000000 8.65108827 11.22774934
v 13.10000000 8.56202178 11.27244840
v 13.10000000 8.47611982 11.32296274
v 13.10000000 8.39376155 11.37906941
v 13.10000000 8.31531046 11.44052079
v 13.10000000 8.24111281 11.50704562
v 13.10000000 8.17149610 11.57835031
v 13.10000000 8.10676758 11.65412012
v 13.10000000 8.04721296 11.73402063
v 13.10000000 7.99309509 11.81769918
v 13.10000000 7.94465282 11.90478645
v 13.10000000 7.90209998 11.99489805
v 13.10000000 7.86562437 12.08763625
v 13.10000000 7.83538699 12.18259174
v 13.10000000 7.81152130 12.27934542
v 13.10000000 7.79413263 12.37747023
v 13.10000000 7.78329774 12.47653309
v 13.10000000 7.77906443 12.57609676
v 13.10000000 7.78145141 12.67572179
v 13.10000000 7.79044813 12.77496847
v 13.10000000 7.80601489 12.87339875
v 13.10000000 7.82808297 12.97057820
v 13.10000000 7.85655497 13.06607788
v 13.10000000 7.89130524 13.15947630
v 13.10000000 7.93218038 13.25036121
v 13.10000000 7.97900000 13.33833148
v 13.10000000 7.41524861 14.09000000
v 13.10000000 6.55000000 14.09000000
v 14.60000000 6.25000000 1.00000000
v 14.60000000 12.85000000 1.00000000
v 14.60000000 12.18000000 14.09000000
v 14.60000000 11.14275139 14.09000000
v 14.60000000 10.57900000 13.33833148
v 14.60000000 10.62581962 13.25036121
v 14.60000000 10.66669476 13.15947630
v 14.60000000 10.70144503 13.06607788
v 14.60000000 10.72991703 12.97057820
v 14.60000000 10.75198511 12.87339875
v 14.60000000 10.76755187 12.77496847
v 14.60000000 10.77654859 12.67572179
v 14.60000000 10.77893557 12.57609676
v 14.60000000 10.77470226 12.47653309
v 14.60000000 10.76386737 12.37747023
v 14.60000000 10.74647870 12.27934542
v 14.60000000 10.72261301 12.18259174
v 14.60000000 10.69237563 12.08763625
v 14.60000000 10.65590002 11.99489805
v 14.60000000 10.61334718 11.90478645
v 14.60000000 10.56490491 11.81769918
v 14.60000000 10.51078704 11.73402063
v 14.60000000 10.45123242 11.65412012
v 14.60000000 10.38650390 11.57835031
v 14.60000000 10.31688719 11.50704562
v 14.60000000 10.24268954 11.44052079
v 14.60000000 10.16423845 11.37906941
v 14.60000000 10.08188018 11.32296274
v 14.60000000 9.99597822 11.27244840
v 14.60000000 9.90691173 11.22774934
v 14.60000000 9.81507383 11.18906287
v 14.60000000 9.72086984 11.15655972
v 14.60000000 9.62471558 11.13038336
v 14.60000000 9.52703542 11.11064932
v 14.60000000 9.42826051 11.09744471
v 14.60000000 9.32882681 11.09082780
v 14.60000000 9.22917319 11.09082780
v 14.60000000 9.12973949 11.09744471
v 14.60000000 9.03096458 11.11064932
v 14.60000000 8.93328442 11.13038336
v 14.60000000 8.83713016 11.15655972
v 14.60000000 8.74292617 11.18906287
v 14.60000000 8.65108827 11.22774934
v 14.60000000 8.56202178 11.27244840
v 14.60000000 8.47611982 11.32296274
v 14.60000000 8.39376155 11.37906941
v 14.60000000 8.31531046 11.44052079
v 14.60000000 8.24111281 11.50704562
v 14.60000000 8.17149610 11.57835031
v 14.60000000 8.10676758 11.65412012
v 14.60000000 8.04721296 11.73402063
v 14.60000000 7.99309509 11.81769918
v 14.60000000 7.94465282 11.90478645
v 14.60000000 7.90209998 11.99489805
v 14.60000000 7.86562437 12.08763625
v 14.60000000 7.83538699 12.18259174
v 14.60000000 7.81152130 12.27934542
v 14.60000000 7.79413263 12.37747023
v 14.60000000 7.78329774 12.47653309
v 14.60000000 7.77906443 12.57609676
v 14.60000000 7.78145141 12.67572179
v 14.60000000 7.79044813 12.77496847
v 14.60000000 7.80601489 12.87339875
v 14.60000000 7.82808297 12.97057820
v 14.60000000 7.85655497 13.06607788
v 14.60000000 7.89130524 13.15947630
v 14.60000000 7.93218038 13.25036121
v 14.60000000 7.97900000 13.33833148
v 14.60000000 7.41524861 14.09000000
v 14.60000000 6.55000000 14.09000000
v 3.20000000 7.10000000 12.40000000
v 3.20000000 7.10000000 13.00000000
v 3.90000000 7.10000000 13.60000000
v 3.90000000 7.10000000 12.40000000
v 3.20000000 8.00000000 12.40000000
v 3.20000000 8.00000000 13.00000000
v 3.90000000 8.00000000 13.60000000
v 3.90000000 8.00000000 12.40000000
v 3.20000000 10.60000000 12.40000000
v 3.20000000 10.60000000 13.00000000
v 3.90000000 10.60000000 13.60000000
v 3.90000000 10.60000000 12.40000000
v 3.20000000 11.55000000 12.40000000
v 3.20000000 11.55000000 13.00000000
v 3.90000000 11.55000000 13.60000000
v 3.90000000 11.55000000 12.40000000
v 14.60000000 7.10000000 12.40000000
v 15.30000000 7.10000000 12.40000000
v 15.30000000 7.10000000 13.00000000
v 14.60000000 7.10000000 13.60000000
v 14.60000000 8.00000000 12.40000000
v 15.30000000 8.00000000 12.40000000
v 15.30000000 8.00000000 13.00000000
v 14.60000000 8.00000000 13.60000000
v 14.60000000 10.60000000 12.40000000
v 15.30000000 10.60000000 12.40000000
v 15.30000000 10.60000000 13.00000000
v 14.60000000 10.60000000 13.60000000
v 14.60000000 11.55000000 12.40000000
v 15.30000000 11.55000000 12.40000000
v 15.30000000 11.55000000 13.00000000
v 14.60000000 11.55000000 13.60000000
v 1.90000000 6.25000000 1.00000000
v 3.90000000 6.25000000 1.00000000
v 3.90000000 6.25000000 13.70000000
v 1.90000000 7.05000000 1.00000000
v 3.90000000 7.05000000 1.00000000
v 3.90000000 7.05000000 13.70000000
v 1.90000000 11.65000000 1.00000000
v 3.90000000 11.65000000 1.00000000
v 3.90000000 11.65000000 13.70000000
v 1.90000000 12.85000000 1.00000000
v 3.90000000 12.85000000 1.00000000
v 3.90000000 12.85000000 13.70000000
v 4.17301063 -3.74289640 1.00000000
v 4.22760060 -3.58403174 1.00000000
v 4.30324071 -3.43014351 1.00000000
v 4.39915478 -3.28281082 1.00000000
v 4.51435860 -3.14354549 1.00000000
v 4.64767004 -3.01377658 1.00000000
v 4.79772112 -2.89483568 1.00000000
v 4.96297214 -2.78794331 1.00000000
v 5.14172738 -2.69419630 1.00000000
v 5.33215257 -2.61455665 1.00000000
v 5.53229371 -2.54984155 1.00000000
v 5.74009706 -2.50071507 1.00000000
v 5.95343028 -2.46768131 1.00000000
v 5.97900000 -2.46572210 1.00000000
v 5.97900000 -2.44900000 1.00000000
v 6.57900000 -2.44900000 1.00000000
v 6.57900000 -2.46572210 1.00000000
v 6.60456972 -2.46768131 1.00000000
v 6.81790294 -2.50071507 1.00000000
v 7.02570629 -2.54984155 1.00000000
v 7.22584743 -2.61455665 1.00000000
v 7.41627262 -2.69419630 1.00000000
v 7.59502786 -2.78794331 1.00000000
v 7.76027888 -2.89483568 1.00000000
v 7.91032996 -3.01377658 1.00000000
v 8.04364140 -3.14354549 1.00000000
v 8.15884522 -3.28281082 1.00000000
v 8.25475929 -3.43014351 1.00000000
v 8.33039940 -3.58403174 1.00000000
v 8.38498937 -3.74289640 1.00000000
v 8.41796905 -3.90510732 1.00000000
v 8.42900000 -4.06900000 1.00000000
v 7.82900000 -4.06900000 1.00000000
v 7.82104745 -3.96580831 1.00000000
v 7.79727141 -3.86367551 1.00000000
v 7.75791585 -3.76364961 1.00000000
v 7.70338461 -3.66675703 1.00000000
v 7.63423726 -3.57399200 1.00000000
v 7.55118333 -3.48630642 1.00000000
v 7.45507509 -3.40460007 1.00000000
v 7.34689872 -3.32971136 1.00000000
v 7.22776427 -3.26240875 1.00000000
v 7.09889422 -3.20338286 1.00000000
v 6.96161093 -3.15323937 1.00000000
v 6.81732314 -3.11249283 1.00000000
v 6.66751143 -3.08156134 1.00000000
v 6.57900000 -3.06959143 1.00000000
v 6.57900000 -4.06900000 1.00000000
v 5.97900000 -4.06900000 1.00000000
v 5.97900000 -3.06959143 1.00000000
v 5.89048857 -3.08156134 1.00000000
v 5.74067686 -3.11249283 1.00000000
v 5.59638907 -3.15323937 1.00000000
v 5.45910578 -3.20338286 1.00000000
v 5.33023573 -3.26240875 1.00000000
v 5.21110128 -3.32971136 1.00000000
v 5.10292491 -3.40460007 1.00000000
v 5.00681667 -3.48630642 1.00000000
v 4.92376274 -3.57399200 1.00000000
v 4.85461539 -3.66675703 1.00000000
v 4.80008415 -3.76364961 1.00000000
v 4.76072859 -3.86367551 1.00000000
v 4.73695255 -3.96580831 1.00000000
v 4.72900000 -4.06900000 1.00000000
v 4.12900000 -4.06900000 1.00000000
v 4.14003095 -3.90510732 1.00000000
v 4.17301063 -3.74289640 10.50000000
v 4.22760060 -3.58403174 10.50000000
v 4.30324071 -3.43014351 10.50000000
v 4.39915478 -3.28281082 10.50000000
v 4.51435860 -3.14354549 10.50000000
v 4.64767004 -3.01377658 10.50000000
v 4.79772112 -2.89483568 10.50000000
v 4.96297214 -2.78794331 10.50000000
v 5.14172738 -2.69419630 10.50000000
v 5.33215257 -2.61455665 10.50000000
v 5.53229371 -2.54984155 10.50000000
v 5.74009706 -2.50071507 10.50000000
v 5.95343028 -2.46768131 10.50000000
v 5.97900000 -2.46572210 10.50000000
v 5.97900000 -2.44900000 10.50000000
v 6.57900000 -2.44900000 10.50000000
v 6.57900000 -2.46572210 10.50000000
v 6.60456972 -2.46768131 10.50000000
v 6.81790294 -2.50071507 10.50000000
v 7.02570629 -2.54984155 10.50000000
v 7.22584743 -2.61455665 10.50000000
v 7.41627262 -2.69419630 10.50000000
v 7.59502786 -2.78794331 10.50000000
v 7.76027888 -2.89483568 10.50000000
v 7.91032996 -3.01377658 10.50000000
v 8.04364140 -3.14354549 10.50000000
v 8.15884522 -3.28281082 10.50000000
v 8.25475929 -3.43014351 10.50000000
v 8.33039940 -3.58403174 10.50000000
v 8.38498937 -3.74289640 10.50000000
v 8.41796905 -3.90510732 10.50000000
v 8.42900000 -4.06900000 10.50000000
v 7.82900000 -4.06900000 10.50000000
v 7.82104745 -3.96580831 10.50000000
v 7.79727141 -3.86367551 10.50000000
v 7.75791585 -3.76364961 10.50000000
v 7.70338461 -3.66675703 10.50000000
v 7.63423726 -3.57399200 10.50000000
v 7.55118333 -3.48630642 10.50000000
v 7.45507509 -3.40460007 10.50000000
v 7.34689872 -3.32971136 10.50000000
v 7.22776427 -3.26240875 10.50000000
v 7.09889422 -3.20338286 10.50000000
v 6.96161093 -3.15323937 10.50000000
v 6.81732314 -3.11249283 10.50000000
v 6.66751143 -3.08156134 10.50000000
v 6.57900000 -3.06959143 10.50000000
v 6.57900000 -4.06900000 10.50000000
v 5.97900000 -4.06900000 10.50000000
v 5.97900000 -3.06959143 10.50000000
v 5.89048857 -3.08156134 10.50000000
v 5.74067686 -3.11249283 10.50000000
v 5.59638907 -3.15323937 10.50000000
v 5.45910578 -3.20338286 10.50000000
v 5.33023573 -3.26240875 10.50000000
v 5.21110128 -3.32971136 10.50000000
v 5.10292491 -3.40460007 10.50000000
v 5.00681667 -3.48630642 10.50000000
v 4.92376274 -3.57399200 10.50000000
v 4.85461539 -3.66675703 10.50000000
v 4.80008415 -3.76364961 10.50000000
v 4.76072859 -3.86367551 10.50000000
v 4.73695255 -3.96580831 10.50000000
v 4.72900000 -4.06900000 10.50000000
v 4.12900000 -4.06900000 10.50000000
v 4.14003095 -3.90510732 10.50000000
v 15.24283369 13.68719877 0.00000000
v 15.24283369 13.68719877 4.82000000
v 13.68719877 15.24283369 0.00000000
v 13.68719877 15.24283369 4.82000000
v 16.09136183 14.53572691 0.00000000
v 16.09136183 14.53572691 4.82000000
v 14.53572691 16.09136183 0.00000000
v 14.53572691 16.09136183 4.82000000
v 15.31354437 13.19222402 0.00000000
v 15.31354437 13.19222402 0.40000000
v 13.19222402 15.31354437 0.00000000
v 13.19222402 15.31354437 0.40000000
v 16.58633657 14.46501623 0.00000000
v 16.58633657 14.46501623 0.40000000
v 14.46501623 16.58633657 0.00000000
v 14.46501623 16.58633657 0.40000000
v 15.34889971 14.07610750 4.82000000
v 15.34889971 14.07610750 4.94000000
v 14.07610750 15.34889971 4.82000000
v 14.07610750 15.34889971 4.94000000
v 15.70245310 14.42966089 4.82000000
v 15.70245310 14.42966089 4.94000000
v 14.42966089 15.70245310 4.82000000
v 14.42966089 15.70245310 4.94000000
v -13.89393265 15.44956757 0.00000000
v -13.89393265 15.44956757 4.82000000
v -15.44956757 13.89393265 0.00000000
v -15.44956757 13.89393265 4.82000000
v -14.74246079 16.29809571 0.00000000
v -14.74246079 16.29809571 4.82000000
v -16.29809571 14.74246079 0.00000000
v -16.29809571 14.74246079 4.82000000
v -13.39895790 15.52027825 0.00000000
v -13.39895790 15.52027825 0.40000000
v -15.52027825 13.39895790 0.00000000
v -15.52027825 13.39895790 0.40000000
v -14.67175011 16.79307045 0.00000000
v -14.67175011 16.79307045 0.40000000
v -16.79307045 14.67175011 0.00000000
v -16.79307045 14.67175011 0.40000000
v -14.28284138 15.55563359 4.82000000
v -14.28284138 15.55563359 4.94000000
v -15.55563359 14.28284138 4.82000000
v -15.55563359 14.28284138 4.94000000
v -14.63639477 15.90918698 4.82000000
v -14.63639477 15.90918698 4.94000000
v -15.90918698 14.63639477 4.82000000
v -15.90918698 14.63639477 4.94000000
v -17.40966753 -9.29787923 0.00000000
v -17.40966753 -9.29787923 4.82000000
v -16.26672548 -11.17768866 0.00000000
v -16.26672548 -11.17768866 4.82000000
v -18.43501812 -9.92130217 0.00000000
v -18.43501812 -9.92130217 4.82000000
v -17.29207608 -11.80111159 0.00000000
v -17.29207608 -11.80111159 4.82000000
v -17.36113752 -8.80023997 0.00000000
v -17.36113752 -8.80023997 0.40000000
v -15.80258019 -11.36361646 0.00000000
v -15.80258019 -11.36361646 0.40000000
v -18.89916342 -9.73537437 0.00000000
v -18.89916342 -9.73537437 0.40000000
v -17.34060608 -12.29875086 0.00000000
v -17.34060608 -12.29875086 0.40000000
v -17.60482429 -9.65060269 4.82000000
v -17.60482429 -9.65060269 4.94000000
v -16.66968989 -11.18862858 4.82000000
v -16.66968989 -11.18862858 4.94000000
v -18.03205371 -9.91036224 4.82000000
v -18.03205371 -9.91036224 4.94000000
v -17.09691931 -11.44838814 4.82000000
v -17.09691931 -11.44838814 4.94000000
v 16.05567110 -11.53284852 0.00000000
v 16.05567110 -11.53284852 4.82000000
v 17.23773023 -9.67738734 0.00000000
v 17.23773023 -9.67738734 4.82000000
v 17.06774083 -12.17760805 0.00000000
v 17.06774083 -12.17760805 4.82000000
v 18.24979997 -10.32214687 0.00000000
v 18.24979997 -10.32214687 4.82000000
v 15.58773382 -11.70901522 0.00000000
v 15.58773382 -11.70901522 0.40000000
v 17.19963264 -9.17884088 0.00000000
v 17.19963264 -9.17884088 0.40000000
v 17.10583842 -12.67615452 0.00000000
v 17.10583842 -12.67615452 0.40000000
v 18.71773725 -10.14598018 0.00000000
v 18.71773725 -10.14598018 0.40000000
v 16.45831802 -11.55222510 4.82000000
v 16.45831802 -11.55222510 4.94000000
v 17.42545732 -10.03412050 4.82000000
v 17.42545732 -10.03412050 4.94000000
v 16.88001375 -11.82087490 4.82000000
v 16.88001375 -11.82087490 4.94000000
v 17.84715304 -10.30277030 4.82000000
v 17.84715304 -10.30277030 4.94000000
v 15.28776635 12.34068370 4.97000000
v 15.12856643 12.57032507 4.97000000
v 14.96387830 12.79617974 4.97000000
v 14.79383920 13.01814182 4.97000000
v 14.62207641 13.23926872 4.97000000
v 14.44090073 13.45244383 4.97000000
v 14.25949088 13.66589446 4.97000000
v 14.06988160 13.87192627 4.97000000
v 13.87723557 14.07526667 4.97000000
v 13.68107223 14.27532791 4.97000000
v 13.47708712 14.46735475 4.97000000
v 13.27307176 14.65941009 4.97000000
v 13.05851547 14.83971989 4.97000000
v 12.84207626 15.01754979 4.97000000
v 12.62120262 15.18979828 4.97000000
v 12.39669097 15.35714873 4.97000000
v 17.30309322 13.96750810 4.97000000
v 17.12064150 14.22554014 4.97000000
v 16.93230166 14.47945319 4.97000000
v 16.73821567 14.72913572 4.97000000
v 16.54201566 14.97763959 4.97000000
v 16.33601732 15.21784268 4.97000000
v 16.12940436 15.45796688 4.97000000
v 15.91421659 15.69031249 4.97000000
v 15.69562180 15.91960166 4.97000000
v 15.47314465 16.14524140 4.97000000
v 15.24248597 16.36247135 4.97000000
v 15.01144262 16.57934934 4.97000000
v 14.76950938 16.78409636 4.97000000
v 14.52534971 16.98597314 4.97000000
v 14.27641769 17.18187335 4.97000000
v 14.02351537 17.37247560 4.97000000
v 15.28776635 12.34068370 6.77000000
v 15.12856643 12.57032507 6.77000000
v 14.96387830 12.79617974 6.77000000
v 14.79383920 13.01814182 6.77000000
v 14.62207641 13.23926872 6.77000000
v 14.44090073 13.45244383 6.77000000
v 14.25949088 13.66589446 6.77000000
v 14.06988160 13.87192627 6.77000000
v 13.87723557 14.07526667 6.77000000
v 13.68107223 14.27532791 6.77000000
v 13.47708712 14.46735475 6.77000000
v 13.27307176 14.65941009 6.77000000
v 13.05851547 14.83971989 6.77000000
v 12.84207626 15.01754979 6.77000000
v 12.62120262 15.18979828 6.77000000
v 12.39669097 15.35714873 6.77000000
v -12.58418009 15.54009103 4.97000000
v -12.81502796 15.38100844 4.97000000
v -13.04197575 15.21627934 4.97000000
v -13.26320803 15.04411225 4.97000000
v -13.47998876 14.86632246 4.97000000
v -13.68877091 14.67938577 4.97000000
v -13.89301832 14.48749146 4.97000000
v -14.08579797 14.28385412 4.97000000
v -14.27476368 14.07683356 4.97000000
v -14.45201806 13.85900052 4.97000000
v -14.62793486 13.64079208 4.97000000
v -14.79697464 13.41710785 4.97000000
v -14.96436719 13.19290310 4.97000000
v -15.12610351 12.96468543 4.97000000
v -15.28552551 12.73547424 4.97000000
v -15.44049981 12.50353231 4.97000000
v -14.21412480 17.55289511 4.97000000
v -14.47291627 17.37085928 4.97000000
v -14.72748448 17.18278903 4.97000000
v -14.97600859 16.98689742 4.97000000
v -15.21974726 16.78500439 4.97000000
v -15.45514820 16.57359043 4.97000000
v -15.68567005 16.35684958 4.97000000
v -15.90437467 16.12800129 4.97000000
v -16.11891084 15.89541027 4.97000000
v -16.32137618 15.65165225 4.97000000
v -16.52213952 15.40716936 4.97000000
v -16.71565657 15.15686635 4.97000000
v -16.90715236 14.90570366 4.97000000
v -17.09261319 14.65019416 4.97000000
v -17.27537635 14.39336255 4.97000000
v -17.45330389 14.13347701 4.97000000
v -12.58418009 15.54009103 6.77000000
v -12.81502796 15.38100844 6.77000000
v -13.04197575 15.21627934 6.77000000
v -13.26320803 15.04411225 6.77000000
v -13.47998876 14.86632246 6.77000000
v -13.68877091 14.67938577 6.77000000
v -13.89301832 14.48749146 6.77000000
v -14.08579797 14.28385412 6.77000000
v -14.27476368 14.07683356 6.77000000
v -14.45201806 13.85900052 6.77000000
v -14.62793486 13.64079208 6.77000000
v -14.79697464 13.41710785 6.77000000
v -14.96436719 13.19290310 6.77000000
v -15.12610351 12.96468543 6.77000000
v -15.28552551 12.73547424 6.77000000
v -15.44049981 12.50353231 6.77000000
v -17.50412114 -8.15154549 4.97000000
v -17.35310507 -8.39439465 4.97000000
v -17.19558829 -8.63298502 4.97000000
v -17.03215721 -8.86737642 4.97000000
v -16.86354778 -9.09774511 4.97000000
v -16.69057850 -9.32436185 4.97000000
v -16.51408440 -9.54756349 4.97000000
v -16.33486061 -9.76772304 4.97000000
v -16.15362057 -9.98522231 4.97000000
v -15.97097049 -10.20042984 4.97000000
v -15.78739875 -10.41368527 4.97000000
v -15.60509560 -10.62652827 4.97000000
v -15.42520234 -10.83995297 4.97000000
v -15.24706527 -11.05376052 4.97000000
v -15.07044073 -11.26801021 4.97000000
v -14.89511812 -11.48277410 4.97000000
v -19.85201083 -9.24494112 4.97000000
v -19.68463705 -9.52225041 4.97000000
v -19.51025682 -9.79505627 4.97000000
v -19.32946021 -10.06341108 4.97000000
v -19.14298694 -10.32748376 4.97000000
v -18.95165937 -10.58753773 4.97000000
v -18.75631653 -10.84390261 4.97000000
v -18.55775762 -11.09694420 4.97000000
v -18.35670029 -11.34703718 4.97000000
v -18.15375504 -11.59454304 4.97000000
v -17.94941466 -11.83979439 4.97000000
v -17.74587390 -12.08432397 4.97000000
v -17.54427867 -12.32911902 4.97000000
v -17.34397996 -12.57397392 4.97000000
v -17.14473895 -12.81894119 4.97000000
v -16.94634991 -13.06408626 4.97000000
v -17.50412114 -8.15154549 6.77000000
v -17.35310507 -8.39439465 6.77000000
v -17.19558829 -8.63298502 6.77000000
v -17.03215721 -8.86737642 6.77000000
v -16.86354778 -9.09774511 6.77000000
v -16.69057850 -9.32436185 6.77000000
v -16.51408440 -9.54756349 6.77000000
v -16.33486061 -9.76772304 6.77000000
v -16.15362057 -9.98522231 6.77000000
v -15.97097049 -10.20042984 6.77000000
v -15.78739875 -10.41368527 6.77000000
v -15.60509560 -10.62652827 6.77000000
v -15.42520234 -10.83995297 6.77000000
v -15.24706527 -11.05376052 6.77000000
v -15.07044073 -11.26801021 6.77000000
v -14.89511812 -11.48277410 6.77000000
v 14.94503359 -12.02404313 4.97000000
v 15.11024558 -11.79522566 4.97000000
v 15.26942289 -11.56222842 4.97000000
v 15.42436618 -11.32662376 4.97000000
v 15.57289551 -11.08697848 4.97000000
v 15.71784836 -10.84550813 4.97000000
v 15.85844926 -10.60175914 4.97000000
v 15.99352236 -10.35508209 4.97000000
v 16.12548363 -10.10717239 4.97000000
v 16.25354248 -9.85757853 4.97000000
v 16.37685693 -9.60588150 4.97000000
v 16.49738743 -9.35331519 4.97000000
v 16.61449461 -9.09953499 4.97000000
v 16.72738050 -8.84416138 4.97000000
v 16.83770724 -8.58812846 4.97000000
v 16.94525946 -8.33132292 4.97000000
v 16.96299608 -13.64759706 4.97000000
v 17.15186135 -13.38893362 4.97000000
v 17.33425054 -13.12574585 4.97000000
v 17.51195931 -12.85961265 4.97000000
v 17.68280279 -12.58910739 4.97000000
v 17.84961364 -12.31645232 4.97000000
v 18.01161166 -12.04120059 4.97000000
v 18.16761638 -11.76270960 4.97000000
v 18.32003924 -11.48268164 4.97000000
v 18.46808522 -11.20067214 4.97000000
v 18.61090804 -10.91626910 4.97000000
v 18.75046391 -10.63071348 4.97000000
v 18.88610935 -10.34366780 4.97000000
v 19.01704240 -10.05475974 4.97000000
v 19.14492128 -9.76493064 4.97000000
v 19.26952683 -9.47407450 4.97000000
v 14.94503359 -12.02404313 6.77000000
v 15.11024558 -11.79522566 6.77000000
v 15.26942289 -11.56222842 6.77000000
v 15.42436618 -11.32662376 6.77000000
v 15.57289551 -11.08697848 6.77000000
v 15.71784836 -10.84550813 6.77000000
v 15.85844926 -10.60175914 6.77000000
v 15.99352236 -10.35508209 6.77000000
v 16.12548363 -10.10717239 6.77000000
v 16.25354248 -9.85757853 6.77000000
v 16.37685693 -9.60588150 6.77000000
v 16.49738743 -9.35331519 6.77000000
v 16.61449461 -9.09953499 6.77000000
v 16.72738050 -8.84416138 6.77000000
v 16.83770724 -8.58812846 6.77000000
v 16.94525946 -8.33132292 6.77000000
f 229 230 125
f 125 230 227
f 123 124 125
f 121 122 123
f 119 120 121
f 117 118 119
f 115 116 117
f 113 114 115
f 110 111 112
f 107 108 109
f 105 106 107
f 103 104 105
f 101 102 103
f 99 100 101
f 97 98 99
f 95 96 97
f 93 94 95
f 91 92 93
f 89 90 91
f 87 88 89
f 85 86 87
f 76 77 78
f 74 75 76
f 72 73 74
f 70 71 72
f 68 69 70
f 66 67 68
f 64 65 66
f 62 63 64
f 221 217 62
f 222 219 220
f 62 217 218
f 60 61 62
f 57 58 59
f 53 54 55
f 50 51 52
f 48 49 50
f 46 47 48
f 44 45 46
f 42 43 44
f 40 41 42
f 38 39 40
f 36 37 38
f 34 35 36
f 32 33 34
f 30 31 32
f 28 29 30
f 26 27 28
f 24 25 26
f 22 23 24
f 20 21 22
f 18 19 20
f 16 17 18
f 14 15 16
f 12 13 14
f 10 11 12
f 8 9 10
f 6 7 8
f 4 5 6
f 2 3 4
f 216 1 2
f 213 214 215
f 211 212 213
f 209 210 211
f 207 208 209
f 205 206 207
f 203 204 205
f 201 202 203
f 199 200 201
f 197 198 199
f 195 196 197
f 193 194 195
f 191 192 193
f 189 190 191
f 187 188 189
f 185 186 187
f 183 184 185
f 181 182 183
f 179 180 181
f 177 178 179
f 175 176 177
f 173 174 175
f 171 172 173
f 169 170 171
f 167 168 169
f 164 165 166
f 162 163 164
f 160 161 162
f 158 159 160
f 156 157 158
f 154 155 156
f 152 153 154
f 150 151 152
f 148 149 150
f 146 147 148
f 144 145 146
f 142 143 144
f 140 141 142
f 138 139 140
f 136 137 138
f 134 135 136
f 132 133 134
f 130 131 132
f 128 129 130
f 126 127 128
f 229 125 126
f 123 125 227
f 119 121 123
f 115 117 119
f 112 113 115
f 109 110 112
f 105 107 109
f 101 103 105
f 97 99 101
f 93 95 97
f 89 91 93
f 85 87 89
f 74 76 78
f 70 72 74
f 66 68 70
f 62 64 66
f 226 222 220
f 60 62 218
f 57 59 60
f 48 50 52
f 44 46 48
f 40 42 44
f 36 38 40
f 32 34 36
f 28 30 32
f 24 26 28
f 20 22 24
f 16 18 20
f 12 14 16
f 8 10 12
f 4 6 8
f 215 216 2
f 211 213 215
f 207 209 211
f 203 205 207
f 199 201 203
f 195 197 199
f 191 193 195
f 187 189 191
f 183 185 187
f 179 181 183
f 175 177 179
f 171 173 175
f 167 169 171
f 162 164 166
f 158 160 162
f 154 156 158
f 150 152 154
f 146 148 150
f 142 144 146
f 138 140 142
f 134 136 138
f 130 132 134
f 126 128 130
f 119 123 227
f 112 115 119
f 105 109 112
f 97 101 105
f 89 93 97
f 84 85 89
f 74 78 79
f 66 70 74
f 221 62 66
f 57 60 218
f 44 48 52
f 36 40 44
f 28 32 36
f 20 24 28
f 12 16 20
f 4 8 12
f 215 2 4
f 207 211 215
f 199 203 207
f 191 195 199
f 183 187 191
f 175 179 183
f 167 171 175
f 162 166 167
f 154 158 162
f 146 150 154
f 138 142 146
f 130 134 138
f 229 126 130
f 112 119 227
f 97 105 112
f 84 89 97
f 66 74 79
f 56 57 218
f 36 44 52
f 20 28 36
f 4 12 20
f 207 215 4
f 191 199 207
f 175 183 191
f 162 167 175
f 146 154 162
f 130 138 146
f 97 112 227
f 83 84 97
f 66 79 80
f 56 218 223
f 20 36 52
f 207 4 20
f 162 175 191
f 130 146 162
f 83 97 227
f 66 80 81
f 55 56 223
f 207 20 52
f 130 162 191
f 82 83 227
f 66 81 82
f 53 55 223
f 229 130 191
f 221 66 82
f 52 53 223
f 228 229 191
f 221 82 227
f 52 223 224
f 228 191 207
f 220 221 227
f 207 52 224
f 227 228 207
f 226 220 227
f 207 224 225
f 226 227 207
f 207 225 226
f 355 460 459
f 457 460 355
f 355 354 353
f 353 352 351
f 351 350 349
f 349 348 347
f 347 346 345
f 345 344 343
f 342 341 340
f 339 338 337
f 337 336 335
f 335 334 333
f 333 332 331
f 331 330 329
f 329 328 327
f 327 326 325
f 325 324 323
f 323 322 321
f 321 320 319
f 319 318 317
f 317 316 315
f 308 307 306
f 306 305 304
f 304 303 302
f 302 301 300
f 300 299 298
f 298 297 296
f 296 295 294
f 294 293 292
f 292 447 451
f 450 449 452
f 448 447 292
f 292 291 290
f 289 288 287
f 285 284 283
f 282 281 280
f 280 279 278
f 278 277 276
f 276 275 274
f 274 273 272
f 272 271 270
f 270 269 268
f 268 267 266
f 266 265 264
f 264 263 262
f 262 261 260
f 260 259 258
f 258 257 256
f 256 255 254
f 254 253 252
f 252 251 250
f 250 249 248
f 248 247 246
f 246 245 244
f 244 243 242
f 242 241 240
f 240 239 238
f 238 237 236
f 236 235 234
f 234 233 232
f 232 231 446
f 445 444 443
f 443 442 441
f 441 440 439
f 439 438 437
f 437 436 435
f 435 434 433
f 433 432 431
f 431 430 429
f 429 428 427
f 427 426 425
f 425 424 423
f 423 422 421
f 421 420 419
f 419 418 417
f 417 416 415
f 415 414 413
f 413 412 411
f 411 410 409
f 409 408 407
f 407 406 405
f 405 404 403
f 403 402 401
f 401 400 399
f 399 398 397
f 396 395 394
f 394 393 392
f 392 391 390
f 390 389 388
f 388 387 386
f 386 385 384
f 384 383 382
f 382 381 380
f 380 379 378
f 378 377 376
f 376 375 374
f 374 373 372
f 372 371 370
f 370 369 368
f 368 367 366
f 366 365 364
f 364 363 362
f 362 361 360
f 360 359 358
f 358 357 356
f 356 355 459
f 457 355 353
f 353 351 349
f 349 347 345
f 345 343 342
f 342 340 339
f 339 337 335
f 335 333 331
f 331 329 327
f 327 325 323
f 323 321 319
f 319 317 315
f 308 306 304
f 304 302 300
f 300 298 296
f 296 294 292
f 450 452 456
f 448 292 290
f 290 289 287
f 282 280 278
f 278 276 274
f 274 272 270
f 270 268 266
f 266 264 262
f 262 260 258
f 258 256 254
f 254 252 250
f 250 248 246
f 246 244 242
f 242 240 238
f 238 236 234
f 232 446 445
f 445 443 441
f 441 439 437
f 437 435 433
f 433 431 429
f 429 427 425
f 425 423 421
f 421 419 417
f 417 415 413
f 413 411 409
f 409 407 405
f 405 403 401
f 401 399 397
f 396 394 392
f 392 390 388
f 388 386 384
f 384 382 380
f 380 378 376
f 376 374 372
f 372 370 368
f 368 366 364
f 364 362 360
f 360 358 356
f 457 353 349
f 349 345 342
f 342 339 335
f 335 331 327
f 327 323 319
f 319 315 314
f 309 308 304
f 304 300 296
f 296 292 451
f 448 290 287
f 282 278 274
f 274 270 266
f 266 262 258
f 258 254 250
f 250 246 242
f 242 238 234
f 234 232 445
f 445 441 437
f 437 433 429
f 429 425 421
f 421 417 413
f 413 409 405
f 405 401 397
f 397 396 392
f 392 388 384
f 384 380 376
f 376 372 368
f 368 364 360
f 360 356 459
f 457 349 342
f 342 335 327
f 327 319 314
f 309 304 296
f 448 287 286
f 282 274 266
f 266 258 250
f 250 242 234
f 234 445 437
f 437 429 421
f 421 413 405
f 405 397 392
f 392 384 376
f 376 368 360
f 457 342 327
f 327 314 313
f 310 309 296
f 453 448 286
f 282 266 250
f 250 234 437
f 421 405 392
f 392 376 360
f 457 327 313
f 311 310 296
f 453 286 285
f 282 250 437
f 421 392 360
f 457 313 312
f 312 311 296
f 453 285 283
f 421 360 459
f 312 296 451
f 453 283 282
f 421 459 458
f 457 312 451
f 454 453 282
f 437 421 458
f 457 451 450
f 454 282 437
f 437 458 457
f 457 450 456
f 455 454 437
f 437 457 456
f 456 455 437
f 231 232 1
f 1 232 2
f 232 233 2
f 2 233 3
f 233 234 3
f 3 234 4
f 234 235 4
f 4 235 5
f 235 236 5
f 5 236 6
f 236 237 6
f 6 237 7
f 237 238 7
f 7 238 8
f 238 239 8
f 8 239 9
f 239 240 9
f 9 240 10
f 240 241 10
f 10 241 11
f 241 242 11
f 11 242 12
f 242 243 12
f 12 243 13
f 243 244 13
f 13 244 14
f 244 245 14
f 14 245 15
f 245 246 15
f 15 246 16
f 246 247 16
f 16 247 17
f 247 248 17
f 17 248 18
f 248 249 18
f 18 249 19
f 249 250 19
f 19 250 20
f 250 251 20
f 20 251 21
f 251 252 21
f 21 252 22
f 252 253 22
f 22 253 23
f 253 254 23
f 23 254 24
f 254 255 24
f 24 255 25
f 255 256 25
f 25 256 26
f 256 257 26
f 26 257 27
f 257 258 27
f 27 258 28
f 258 259 28
f 28 259 29
f 259 260 29
f 29 260 30
f 260 261 30
f 30 261 31
f 261 262 31
f 31 262 32
f 262 263 32
f 32 263 33
f 263 264 33
f 33 264 34
f 264 265 34
f 34 265 35
f 265 266 35
f 35 266 36
f 266 267 36
f 36 267 37
f 267 268 37
f 37 268 38
f 268 269 38
f 38 269 39
f 269 270 39
f 39 270 40
f 270 271 40
f 40 271 41
f 271 272 41
f 41 272 42
f 272 273 42
f 42 273 43
f 273 274 43
f 43 274 44
f 274 275 44
f 44 275 45
f 275 276 45
f 45 276 46
f 276 277 46
f 46 277 47
f 277 278 47
f 47 278 48
f 278 279 48
f 48 279 49
f 279 280 49
f 49 280 50
f 280 281 50
f 50 281 51
f 281 282 51
f 51 282 52
f 282 283 52
f 52 283 53
f 283 284 53
f 53 284 54
f 284 285 54
f 54 285 55
f 285 286 55
f 55 286 56
f 286 287 56
f 56 287 57
f 287 288 57
f 57 288 58
f 288 289 58
f 58 289 59
f 289 290 59
f 59 290 60
f 290 291 60
f 60 291 61
f 291 292 61
f 61 292 62
f 292 293 62
f 62 293 63
f 293 294 63
f 63 294 64
f 294 295 64
f 64 295 65
f 295 296 65
f 65 296 66
f 296 297 66
f 66 297 67
f 297 298 67
f 67 298 68
f 298 299 68
f 68 299 69
f 299 300 69
f 69 300 70
f 300 301 70
f 70 301 71
f 301 302 71
f 71 302 72
f 302 303 72
f 72 303 73
f 303 304 73
f 73 304 74
f 304 305 74
f 74 305 75
f 305 306 75
f 75 306 76
f 306 307 76
f 76 307 77
f 307 308 77
f 77 308 78
f 308 309 78
f 78 309 79
f 309 310 79
f 79 310 80
f 310 311 80
f 80 311 81
f 311 312 81
f 81 312 82
f 312 313 82
f 82 313 83
f 313 314 83
f 83 314 84
f 314 315 84
f 84 315 85
f 315 316 85
f 85 316 86
f 316 317 86
f 86 317 87
f 317 318 87
f 87 318 88
f 318 319 88
f 88 319 89
f 319 320 89
f 89 320 90
f 320 321 90
f 90 321 91
f 321 322 91
f 91 322 92
f 322 323 92
f 92 323 93
f 323 324 93
f 93 324 94
f 324 325 94
f 94 325 95
f 325 326 95
f 95 326 96
f 326 327 96
f 96 327 97
f 327 328 97
f 97 328 98
f 328 329 98
f 98 329 99
f 329 330 99
f 99 330 100
f 330 331 100
f 100 331 101
f 331 332 101
f 101 332 102
f 332 333 102
f 102 333 103
f 333 334 103
f 103 334 104
f 334 335 104
f 104 335 105
f 335 336 105
f 105 336 106
f 336 337 106
f 106 337 107
f 337 338 107
f 107 338 108
f 338 339 108
f 108 339 109
f 339 340 109
f 109 340 110
f 340 341 110
f 110 341 111
f 341 342 111
f 111 342 112
f 342 343 112
f 112 343 113
f 343 344 113
f 113 344 114
f 344 345 114
f 114 345 115
f 345 346 115
f 115 346 116
f 346 347 116
f 116 347 117
f 347 348 117
f 117 348 118
f 348 349 118
f 118 349 119
f 349 350 119
f 119 350 120
f 350 351 120
f 120 351 121
f 351 352 121
f 121 352 122
f 352 353 122
f 122 353 123
f 353 354 123
f 123 354 124
f 354 355 124
f 124 355 125
f 355 356 125
f 125 356 126
f 356 357 126
f 126 357 127
f 357 358 127
f 127 358 128
f 358 359 128
f 128 359 129
f 359 360 129
f 129 360 130
f 360 361 130
f 130 361 131
f 361 362 131
f 131 362 132
f 362 363 132
f 132 363 133
f 363 364 133
f 133 364 134
f 364 365 134
f 134 365 135
f 365 366 135
f 135 366 136
f 366 367 136
f 136 367 137
f 367 368 137
f 137 368 138
f 368 369 138
f 138 369 139
f 369 370 139
f 139 370 140
f 370 371 140
f 140 371 141
f 371 372 141
f 141 372 142
f 372 373 142
f 142 373 143
f 373 374 143
f 143 374 144
f 374 375 144
f 144 375 145
f 375 376 145
f 145 376 146
f 376 377 146
f 146 377 147
f 377 378 147
f 147 378 148
f 378 379 148
f 148 379 149
f 379 380 149
f 149 380 150
f 380 381 150
f 150 381 151
f 381 382 151
f 151 382 152
f 382 383 152
f 152 383 153
f 383 384 153
f 153 384 154
f 384 385 154
f 154 385 155
f 385 386 155
f 155 386 156
f 386 387 156
f 156 387 157
f 387 388 157
f 157 388 158
f 388 389 158
f 158 389 159
f 389 390 159
f 159 390 160
f 390 391 160
f 160 391 161
f 391 392 161
f 161 392 162
f 392 393 162
f 162 393 163
f 393 394 163
f 163 394 164
f 394 395 164
f 164 395 165
f 395 396 165
f 165 396 166
f 396 397 166
f 166 397 167
f 397 398 167
f 167 398 168
f 398 399 168
f 168 399 169
f 399 400 169
f 169 400 170
f 400 401 170
f 170 401 171
f 401 402 171
f 171 402 172
f 402 403 172
f 172 403 173
f 403 404 173
f 173 404 174
f 404 405 174
f 174 405 175
f 405 406 175
f 175 406 176
f 406 407 176
f 176 407 177
f 407 408 177
f 177 408 178
f 408 409 178
f 178 409 179
f 409 410 179
f 179 410 180
f 410 411 180
f 180 411 181
f 411 412 181
f 181 412 182
f 412 413 182
f 182 413 183
f 413 414 183
f 183 414 184
f 414 415 184
f 184 415 185
f 415 416 185
f 185 416 186
f 416 417 186
f 186 417 187
f 417 418 187
f 187 418 188
f 418 419 188
f 188 419 189
f 419 420 189
f 189 420 190
f 420 421 190
f 190 421 191
f 421 422 191
f 191 422 192
f 422 423 192
f 192 423 193
f 423 424 193
f 193 424 194
f 424 425 194
f 194 425 195
f 425 426 195
f 195 426 196
f 426 427 196
f 196 427 197
f 427 428 197
f 197 428 198
f 428 429 198
f 198 429 199
f 429 430 199
f 199 430 200
f 430 431 200
f 200 431 201
f 431 432 201
f 201 432 202
f 432 433 202
f 202 433 203
f 433 434 203
f 203 434 204
f 434 435 204
f 204 435 205
f 435 436 205
f 205 436 206
f 436 437 206
f 206 437 207
f 437 438 207
f 207 438 208
f 438 439 208
f 208 439 209
f 439 440 209
f 209 440 210
f 440 441 210
f 210 441 211
f 441 442 211
f 211 442 212
f 442 443 212
f 212 443 213
f 443 444 213
f 213 444 214
f 444 445 214
f 214 445 215
f 446 231 216
f 216 231 1
f 445 446 215
f 215 446 216
f 447 448 217
f 217 448 218
f 449 450 219
f 219 450 220
f 451 447 221
f 221 447 217
f 450 451 220
f 220 451 221
f 452 449 222
f 222 449 219
f 448 453 218
f 218 453 223
f 453 454 223
f 223 454 224
f 454 455 224
f 224 455 225
f 456 452 226
f 226 452 222
f 455 456 225
f 225 456 226
f 457 458 227
f 227 458 228
f 458 459 228
f 228 459 229
f 460 457 230
f 230 457 227
f 459 460 229
f 229 460 230
f 461 538 462
f 462 539 491
f 461 462 463
f 462 492 465
f 462 465 464
f 465 492 466
f 462 491 492
f 467 512 470
f 467 468 512
f 470 493 601
f 469 470 476
f 467 470 471
f 551 600 601
f 470 601 472
f 472 473 476
f 472 601 474
f 472 474 475
f 470 472 476
f 513 600 520
f 516 600 517
f 516 520 600
f 514 515 600
f 515 521 600
f 521 523 600
f 522 600 523
f 477 600 522
f 513 514 600
f 482 488 484
f 483 484 512
f 470 480 481
f 483 485 484
f 470 484 480
f 486 488 487
f 480 484 486
f 484 488 486
f 470 494 493
f 470 481 494
f 493 551 601
f 588 600 589
f 551 589 600
f 495 600 590
f 588 590 600
f 493 550 551
f 493 548 550
f 497 509 510
f 496 497 499
f 497 505 518
f 495 498 517
f 498 499 517
f 500 501 510
f 497 501 505
f 501 503 505
f 501 502 503
f 497 517 499
f 503 504 505
f 489 505 507
f 497 518 519
f 505 506 507
f 489 507 508
f 489 518 505
f 497 519 517
f 497 510 501
f 483 512 511
f 470 512 484
f 495 517 600
f 480 486 525
f 480 526 481
f 503 531 504
f 505 532 506
f 504 530 505
f 506 528 507
f 466 492 654
f 461 463 649
f 462 651 463
f 462 464 650
f 465 466 653
f 464 465 652
f 467 656 468
f 469 476 657
f 469 658 470
f 467 471 655
f 470 659 471
f 473 664 476
f 472 661 473
f 474 663 475
f 474 601 662
f 472 475 660
f 477 522 665
f 477 666 478
f 478 667 479
f 480 524 526
f 480 525 524
f 481 526 527
f 481 682 494
f 483 511 671
f 484 485 672
f 482 484 670
f 483 673 485
f 486 487 674
f 487 488 675
f 482 676 488
f 489 508 677
f 504 531 529
f 504 529 530
f 505 530 532
f 506 532 528
f 490 493 678
f 490 679 491
f 491 680 492
f 493 494 681
f 495 590 683
f 497 697 509
f 496 499 684
f 496 685 497
f 498 687 499
f 495 686 498
f 500 690 501
f 500 510 689
f 502 692 503
f 501 691 502
f 507 696 508
f 509 698 510
f 511 512 699
f 468 700 512
f 513 520 701
f 514 703 515
f 513 702 514
f 517 519 705
f 516 517 704
f 518 707 519
f 489 706 518
f 516 708 520
f 515 709 521
f 521 711 523
f 522 523 710
f 481 527 682
f 486 674 525
f 503 692 531
f 507 528 696
f 533 534 535
f 533 535 570
f 535 536 570
f 533 570 571
f 537 541 538
f 462 538 539
f 539 541 540
f 538 541 539
f 539 542 543
f 539 543 544
f 533 539 544
f 544 545 558
f 543 546 544
f 491 539 571
f 461 547 538
f 490 571 493
f 490 491 571
f 493 552 557
f 493 557 549
f 493 549 548
f 493 553 552
f 493 571 553
f 533 544 558
f 533 558 559
f 533 571 539
f 555 571 556
f 554 556 571
f 553 571 555
f 560 561 571
f 560 571 562
f 562 571 563
f 563 571 564
f 554 571 566
f 566 571 567
f 561 567 571
f 540 541 591
f 539 540 592
f 537 594 541
f 552 553 596
f 549 557 597
f 552 598 557
f 568 569 571
f 568 577 569
f 568 571 570
f 571 572 573
f 571 573 575
f 573 574 575
f 571 575 581
f 575 576 587
f 569 577 827
f 564 571 565
f 565 579 578
f 565 584 579
f 565 581 584
f 565 571 581
f 580 581 587
f 581 586 585
f 582 584 585
f 579 584 583
f 581 585 584
f 575 587 581
f 533 559 712
f 533 713 534
f 535 715 536
f 534 714 535
f 536 749 570
f 541 593 591
f 540 591 592
f 541 594 593
f 552 596 595
f 557 598 597
f 552 595 598
f 538 547 717
f 537 538 716
f 543 725 546
f 542 722 543
f 544 724 545
f 544 546 723
f 539 721 542
f 461 726 547
f 548 549 727
f 548 729 550
f 550 730 551
f 553 555 732
f 554 735 556
f 554 566 733
f 555 556 734
f 545 737 558
f 558 738 559
f 560 740 561
f 560 562 739
f 563 564 742
f 562 563 741
f 564 565 743
f 565 578 744
f 566 567 745
f 561 746 567
f 539 592 718
f 537 716 594
f 553 732 596
f 549 597 736
f 568 570 747
f 569 750 571
f 571 751 572
f 572 752 573
f 573 753 574
f 574 754 575
f 575 755 576
f 568 756 577
f 569 820 748
f 578 579 757
f 579 583 758
f 580 587 759
f 581 765 586
f 580 760 581
f 582 585 761
f 583 584 762
f 582 763 584
f 585 586 764
f 576 766 587
f 588 769 590
f 588 589 767
f 551 768 589
f 599 601 600
f 600 603 602
f 600 605 603
f 477 478 600
f 478 479 600
f 479 612 600
f 600 612 613
f 600 613 611
f 600 611 605
f 603 605 604
f 607 611 614
f 606 611 607
f 605 611 608
f 608 611 609
f 605 608 610
f 611 613 614
f 599 600 615
f 599 615 617
f 615 616 617
f 616 620 627
f 616 618 617
f 616 1112 618
f 616 627 619
f 616 619 1112
f 620 621 622
f 620 622 627
f 622 623 624
f 622 624 626
f 624 625 626
f 622 628 627
f 622 629 628
f 622 638 629
f 622 626 638
f 629 638 630
f 630 638 631
f 631 638 632
f 632 638 633
f 633 638 634
f 634 638 639
f 626 635 636
f 626 636 638
f 638 640 639
f 636 637 638
f 638 641 640
f 638 642 641
f 638 645 642
f 638 646 645
f 638 643 644
f 638 644 648
f 638 1113 646
f 638 1114 1113
f 638 1115 1114
f 638 1116 1115
f 638 648 1172
f 599 772 601
f 600 602 771
f 602 603 773
f 603 604 774
f 605 610 776
f 604 605 775
f 607 614 778
f 606 607 777
f 609 611 780
f 608 609 779
f 608 781 610
f 606 782 611
f 479 783 612
f 612 784 613
f 613 785 614
f 599 617 770
f 600 786 615
f 615 787 616
f 616 791 620
f 617 618 788
f 618 1109 789
f 619 627 790
f 620 792 621
f 621 793 622
f 622 794 623
f 623 795 624
f 624 796 625
f 625 797 626
f 627 628 798
f 628 629 799
f 629 630 800
f 630 631 801
f 631 632 802
f 632 633 803
f 633 634 804
f 634 639 805
f 626 806 635
f 635 807 636
f 636 808 637
f 637 809 638
f 638 814 643
f 639 640 810
f 640 641 811
f 641 642 812
f 642 645 813
f 643 815 644
f 645 646 816
f 646 1113 817
f 644 647 648
f 644 818 647
f 647 819 648
f 492 680 654
f 462 650 651
f 463 651 649
f 464 652 650
f 465 653 652
f 466 654 653
f 468 656 700
f 467 655 656
f 470 658 659
f 469 657 658
f 471 659 655
f 473 661 664
f 472 660 661
f 601 772 662
f 474 662 663
f 475 663 660
f 476 664 657
f 477 665 666
f 478 666 667
f 479 667 783
f 482 670 676
f 483 671 673
f 511 699 671
f 485 673 672
f 484 672 670
f 487 675 674
f 488 676 675
f 489 677 706
f 493 681 678
f 491 679 680
f 490 678 679
f 494 682 681
f 495 683 686
f 497 685 697
f 499 687 684
f 496 684 685
f 498 686 687
f 500 689 690
f 502 691 692
f 501 690 691
f 508 696 677
f 509 697 698
f 510 698 689
f 512 700 699
f 520 708 701
f 514 702 703
f 513 701 702
f 519 707 705
f 517 705 704
f 518 706 707
f 516 704 708
f 521 709 711
f 523 711 710
f 522 710 665
f 515 703 709
f 649 650 717
f 650 679 720
f 649 651 650
f 650 653 680
f 650 652 653
f 653 654 680
f 650 680 679
f 678 681 720
f 678 720 679
f 681 728 720
f 655 658 700
f 655 700 656
f 657 664 658
f 655 659 658
f 658 772 668
f 658 660 772
f 660 664 661
f 660 662 772
f 660 663 662
f 658 664 660
f 701 708 771
f 704 705 771
f 704 771 708
f 771 693 772
f 702 771 703
f 703 771 709
f 709 771 711
f 710 711 771
f 665 710 771
f 701 771 702
f 682 527 669
f 674 668 525
f 692 695 531
f 696 528 694
f 670 672 676
f 671 700 672
f 671 672 673
f 658 668 672
f 674 675 676
f 672 668 674
f 672 674 676
f 677 693 706
f 706 693 707
f 681 682 688
f 682 669 688
f 681 730 729
f 681 729 727
f 730 688 768
f 681 688 730
f 683 769 688
f 686 688 687
f 685 698 697
f 683 688 686
f 684 687 685
f 767 688 769
f 767 768 688
f 689 698 690
f 685 695 690
f 685 688 695
f 690 695 692
f 690 692 691
f 696 694 693
f 677 696 693
f 685 687 688
f 685 690 698
f 671 699 700
f 658 672 700
f 772 693 668
f 705 693 771
f 705 707 693
f 559 738 712
f 533 712 713
f 534 713 714
f 535 714 715
f 536 715 749
f 538 717 716
f 542 721 722
f 543 722 725
f 544 723 724
f 545 724 737
f 546 725 723
f 539 718 721
f 547 726 717
f 461 649 726
f 551 730 768
f 549 728 727
f 550 729 730
f 548 727 729
f 554 733 735
f 555 734 732
f 556 735 734
f 549 736 728
f 558 737 738
f 561 740 746
f 560 739 740
f 562 741 739
f 563 742 741
f 564 743 742
f 565 744 743
f 567 746 745
f 566 745 733
f 568 747 756
f 570 749 747
f 569 748 750
f 571 750 751
f 572 751 752
f 573 752 753
f 574 753 754
f 575 754 755
f 576 755 766
f 578 757 744
f 583 762 758
f 579 758 757
f 580 759 760
f 581 760 765
f 582 761 763
f 585 764 761
f 584 763 762
f 586 765 764
f 587 766 759
f 588 767 769
f 589 768 767
f 590 769 683
f 718 592 719
f 716 720 594
f 732 731 596
f 712 714 713
f 712 749 714
f 714 749 715
f 712 750 749
f 716 717 720
f 718 722 721
f 718 723 722
f 712 723 718
f 723 737 724
f 722 723 725
f 650 720 717
f 649 717 726
f 728 736 720
f 681 727 728
f 732 719 731
f 712 737 723
f 712 738 737
f 718 719 750
f 712 718 750
f 732 750 719
f 734 735 750
f 733 750 735
f 732 734 750
f 739 750 740
f 739 741 750
f 741 742 750
f 742 743 750
f 733 745 750
f 745 746 750
f 740 750 746
f 747 750 748
f 747 748 756
f 747 749 750
f 750 752 751
f 750 754 752
f 752 754 753
f 750 760 754
f 754 766 755
f 748 973 756
f 743 744 750
f 744 757 758
f 744 758 763
f 744 763 760
f 744 760 750
f 759 766 760
f 760 764 765
f 761 764 763
f 758 762 763
f 760 763 764
f 754 760 766
f 599 770 772
f 602 773 771
f 603 774 773
f 604 775 774
f 605 776 775
f 606 777 782
f 607 778 777
f 609 780 779
f 610 781 776
f 608 779 781
f 611 782 780
f 612 783 784
f 613 784 785
f 614 785 778
f 600 771 786
f 617 788 770
f 615 786 787
f 616 787 791
f 618 789 788
f 619 790 1299
f 620 791 792
f 621 792 793
f 622 793 794
f 623 794 795
f 624 795 796
f 625 796 797
f 627 798 790
f 628 799 798
f 629 800 799
f 630 801 800
f 631 802 801
f 626 797 806
f 632 803 802
f 633 804 803
f 634 805 804
f 639 810 805
f 635 806 807
f 636 807 808
f 637 808 809
f 638 809 814
f 640 811 810
f 641 812 811
f 642 813 812
f 643 814 815
f 645 816 813
f 646 817 816
f 817 1113 1300
f 770 771 772
f 771 773 774
f 771 774 776
f 665 771 666
f 666 771 667
f 667 771 783
f 771 784 783
f 771 782 784
f 771 776 782
f 774 775 776
f 778 785 782
f 777 778 782
f 776 779 782
f 779 780 782
f 776 781 779
f 782 785 784
f 770 786 771
f 770 788 786
f 786 788 787
f 787 798 791
f 787 788 789
f 787 789 1299
f 787 790 798
f 787 1299 790
f 791 793 792
f 791 798 793
f 793 795 794
f 793 797 795
f 795 797 796
f 793 798 799
f 793 799 800
f 793 800 809
f 793 809 797
f 800 801 809
f 801 802 809
f 802 803 809
f 803 804 809
f 804 805 809
f 805 810 809
f 797 807 806
f 797 809 807
f 809 810 811
f 807 809 808
f 809 811 812
f 809 812 813
f 809 813 816
f 809 816 817
f 809 815 814
f 809 819 815
f 809 817 1300
f 809 1300 1301
f 809 1301 1302
f 809 1302 1303
f 809 1359 819
f 644 815 818
f 647 818 819
f 815 819 818
f 569 827 820
f 820 822 821
f 820 824 822
f 822 824 823
f 820 836 824
f 824 826 825
f 824 836 826
f 820 844 836
f 820 827 828
f 820 828 844
f 828 829 830
f 830 831 832
f 830 832 834
f 832 833 834
f 826 836 835
f 836 838 837
f 836 840 838
f 838 840 839
f 836 844 840
f 840 842 841
f 840 844 842
f 842 844 843
f 828 846 844
f 844 846 845
f 830 834 857
f 834 852 853
f 834 853 857
f 853 854 857
f 828 830 874
f 828 874 846
f 846 874 847
f 847 874 848
f 848 874 849
f 857 858 859
f 830 857 874
f 857 859 865
f 849 874 850
f 850 874 851
f 851 874 855
f 855 874 856
f 856 874 860
f 860 874 861
f 859 864 865
f 857 865 874
f 865 866 870
f 861 874 862
f 862 874 863
f 863 874 867
f 867 874 868
f 865 870 874
f 870 871 874
f 868 874 869
f 869 874 872
f 872 874 873
f 577 973 827
f 820 821 966
f 821 822 967
f 822 823 968
f 823 824 969
f 824 825 970
f 825 826 971
f 827 974 828
f 828 975 829
f 829 976 830
f 830 977 831
f 831 978 832
f 832 979 833
f 833 980 834
f 826 835 972
f 835 836 981
f 836 837 982
f 837 838 983
f 838 839 984
f 839 840 985
f 840 841 986
f 841 842 987
f 842 843 988
f 843 844 989
f 844 845 990
f 845 846 991
f 846 847 992
f 847 848 993
f 848 849 994
f 849 850 995
f 850 851 996
f 851 855 997
f 834 998 852
f 852 999 853
f 853 1000 854
f 854 1003 857
f 855 856 1001
f 856 860 1002
f 857 1004 858
f 858 1005 859
f 859 1010 864
f 860 861 1006
f 861 862 1007
f 862 863 1008
f 863 867 1009
f 864 1011 865
f 865 1012 866
f 867 868 1013
f 868 869 1014
f 866 1016 870
f 870 1017 871
f 869 872 1015
f 872 873 1018
f 873 877 1019
f 874 875 876
f 874 876 881
f 873 874 877
f 874 878 877
f 874 879 878
f 874 882 879
f 876 880 881
f 874 881 889
f 874 883 882
f 874 886 883
f 874 887 886
f 881 884 885
f 881 885 889
f 874 916 887
f 874 889 916
f 885 888 889
f 889 890 893
f 889 893 899
f 887 916 891
f 891 916 892
f 892 916 894
f 894 916 895
f 880 905 881
f 879 882 906
f 895 896 907
f 896 897 909
f 893 898 899
f 889 899 916
f 899 900 901
f 895 916 896
f 896 916 897
f 899 901 916
f 898 911 899
f 871 1020 874
f 874 1021 875
f 875 1022 876
f 879 903 902
f 880 904 905
f 879 906 903
f 877 878 1023
f 878 879 1024
f 876 1026 880
f 882 883 1031
f 883 886 1032
f 881 1033 884
f 884 1034 885
f 885 1037 888
f 886 887 1035
f 888 1038 889
f 889 1039 890
f 896 908 907
f 896 909 908
f 887 891 1036
f 891 892 1040
f 890 1042 893
f 892 894 1041
f 894 895 1043
f 897 912 1047
f 879 902 1024
f 880 1026 904
f 881 905 1028
f 882 1031 906
f 895 907 1045
f 897 1047 909
f 898 910 911
f 893 1048 898
f 899 1052 900
f 900 1053 901
f 901 1057 915
f 898 1048 910
f 899 911 1051
f 897 916 912
f 901 915 916
f 916 917 921
f 916 921 924
f 912 954 913
f 912 916 954
f 921 922 924
f 916 924 933
f 913 965 914
f 914 965 918
f 918 965 919
f 919 965 920
f 920 965 923
f 923 965 925
f 925 965 926
f 924 930 931
f 924 931 933
f 916 933 954
f 931 932 933
f 933 934 948
f 913 954 965
f 933 948 950
f 926 965 927
f 927 965 928
f 928 965 929
f 935 947 936
f 936 947 937
f 937 947 938
f 939 941 940
f 938 947 939
f 939 943 941
f 941 943 942
f 939 947 943
f 943 945 944
f 943 947 945
f 945 947 946
f 948 949 950
f 933 950 954
f 929 965 935
f 950 951 952
f 950 952 954
f 952 953 954
f 935 965 947
f 947 956 955
f 947 958 956
f 956 958 957
f 947 963 958
f 947 965 963
f 954 959 965
f 958 961 960
f 958 963 961
f 961 963 962
f 963 965 964
f 959 1506 965
f 912 913 1054
f 913 914 1055
f 914 918 1056
f 915 1058 916
f 916 1059 917
f 918 919 1060
f 919 920 1061
f 917 1063 921
f 921 1064 922
f 922 1066 924
f 920 923 1062
f 923 925 1065
f 925 926 1067
f 926 927 1068
f 927 928 1069
f 928 929 1070
f 924 1072 930
f 930 1073 931
f 931 1074 932
f 932 1075 933
f 933 1076 934
f 934 1090 948
f 929 935 1071
f 935 936 1077
f 936 937 1078
f 937 938 1079
f 938 939 1080
f 939 940 1081
f 940 941 1082
f 941 942 1083
f 942 943 1084
f 943 944 1085
f 944 945 1086
f 945 946 1087
f 946 947 1088
f 948 1091 949
f 949 1092 950
f 950 1093 951
f 951 1094 952
f 952 1095 953
f 953 1096 954
f 947 955 1089
f 955 956 1097
f 956 957 1098
f 957 958 1099
f 958 960 1100
f 954 1101 959
f 960 961 1102
f 961 962 1103
f 962 963 1104
f 963 964 1105
f 964 965 1106
f 965 1498 1107
f 577 756 973
f 748 820 966
f 821 967 966
f 822 968 967
f 823 969 968
f 824 970 969
f 825 971 970
f 826 972 971
f 827 973 974
f 828 974 975
f 829 975 976
f 830 976 977
f 831 977 978
f 832 978 979
f 833 979 980
f 834 980 998
f 835 981 972
f 836 982 981
f 837 983 982
f 838 984 983
f 839 985 984
f 840 986 985
f 841 987 986
f 842 988 987
f 843 989 988
f 844 990 989
f 845 991 990
f 846 992 991
f 847 993 992
f 848 994 993
f 849 995 994
f 850 996 995
f 851 997 996
f 855 1001 997
f 852 998 999
f 853 999 1000
f 854 1000 1003
f 856 1002 1001
f 860 1006 1002
f 857 1003 1004
f 858 1004 1005
f 859 1005 1010
f 861 1007 1006
f 862 1008 1007
f 863 1009 1008
f 867 1013 1009
f 864 1010 1011
f 865 1011 1012
f 866 1012 1016
f 868 1014 1013
f 869 1015 1014
f 870 1016 1017
f 871 1017 1020
f 872 1018 1015
f 873 1019 1018
f 748 966 973
f 966 967 968
f 966 968 970
f 968 969 970
f 966 970 982
f 970 971 972
f 970 972 982
f 966 982 990
f 966 974 973
f 966 990 974
f 974 976 975
f 976 978 977
f 976 980 978
f 978 980 979
f 972 981 982
f 982 983 984
f 982 984 986
f 984 985 986
f 982 986 990
f 986 987 988
f 986 988 990
f 988 989 990
f 974 990 992
f 990 991 992
f 976 1003 980
f 980 999 998
f 980 1003 999
f 999 1003 1000
f 974 1020 976
f 974 992 1020
f 992 993 1020
f 993 994 1020
f 994 995 1020
f 1003 1005 1004
f 976 1020 1003
f 1003 1011 1005
f 995 996 1020
f 996 997 1020
f 997 1001 1020
f 1001 1002 1020
f 1002 1006 1020
f 1006 1007 1020
f 1005 1011 1010
f 1003 1020 1011
f 1011 1016 1012
f 1007 1008 1020
f 1008 1009 1020
f 1009 1013 1020
f 1013 1014 1020
f 1011 1020 1016
f 1016 1020 1017
f 1014 1015 1020
f 1015 1018 1020
f 1018 1019 1020
f 874 1020 1021
f 875 1021 1022
f 877 1023 1019
f 878 1024 1023
f 876 1022 1026
f 881 1028 1029
f 883 1032 1031
f 886 1035 1032
f 881 1029 1033
f 884 1033 1034
f 885 1034 1037
f 887 1036 1035
f 888 1037 1038
f 889 1038 1039
f 890 1039 1042
f 891 1040 1036
f 892 1041 1040
f 894 1043 1041
f 895 1044 1043
f 895 1045 1044
f 912 1054 1047
f 893 1042 1048
f 899 1051 1052
f 900 1052 1053
f 901 1053 1057
f 1020 1022 1021
f 1020 1027 1022
f 1024 902 1025
f 1026 1027 904
f 1031 1030 906
f 1047 1046 909
f 1019 1023 1020
f 1020 1023 1024
f 1020 1024 1027
f 1024 1025 1027
f 1022 1027 1026
f 1031 1028 1030
f 1031 1032 1028
f 1032 1035 1028
f 1029 1034 1033
f 1029 1028 1038
f 1029 1038 1034
f 1035 1036 1028
f 1036 1049 1028
f 1034 1038 1037
f 1038 1028 1049
f 1038 1042 1039
f 1036 1040 1049
f 1040 1041 1049
f 1038 1049 1042
f 1041 1043 1049
f 1043 1044 1049
f 1044 1045 1049
f 1048 1049 910
f 1051 911 1050
f 1042 1049 1048
f 1051 1050 1046
f 1051 1053 1052
f 1051 1046 1058
f 1047 1058 1046
f 1051 1058 1053
f 913 1055 1054
f 914 1056 1055
f 915 1057 1058
f 916 1058 1059
f 917 1059 1063
f 918 1060 1056
f 919 1061 1060
f 920 1062 1061
f 921 1063 1064
f 922 1064 1066
f 923 1065 1062
f 925 1067 1065
f 926 1068 1067
f 927 1069 1068
f 928 1070 1069
f 929 1071 1070
f 924 1066 1072
f 930 1072 1073
f 931 1073 1074
f 932 1074 1075
f 933 1075 1076
f 934 1076 1090
f 935 1077 1071
f 936 1078 1077
f 937 1079 1078
f 938 1080 1079
f 939 1081 1080
f 940 1082 1081
f 941 1083 1082
f 942 1084 1083
f 943 1085 1084
f 944 1086 1085
f 945 1087 1086
f 946 1088 1087
f 947 1089 1088
f 948 1090 1091
f 949 1091 1092
f 950 1092 1093
f 951 1093 1094
f 952 1094 1095
f 953 1095 1096
f 955 1097 1089
f 956 1098 1097
f 957 1099 1098
f 958 1100 1099
f 954 1096 1101
f 960 1102 1100
f 961 1103 1102
f 962 1104 1103
f 963 1105 1104
f 964 1106 1105
f 965 1107 1106
f 959 1101 1656
f 1047 1054 1058
f 1053 1058 1057
f 1058 1063 1059
f 1058 1066 1063
f 1054 1055 1096
f 1054 1096 1058
f 1063 1066 1064
f 1058 1075 1066
f 1055 1056 1107
f 1056 1060 1107
f 1060 1061 1107
f 1061 1062 1107
f 1062 1065 1107
f 1065 1067 1107
f 1067 1068 1107
f 1066 1073 1072
f 1066 1075 1073
f 1058 1096 1075
f 1073 1075 1074
f 1075 1090 1076
f 1055 1107 1096
f 1075 1092 1090
f 1068 1069 1107
f 1069 1070 1107
f 1070 1071 1107
f 1077 1078 1089
f 1078 1079 1089
f 1079 1080 1089
f 1081 1082 1083
f 1080 1081 1089
f 1081 1083 1085
f 1083 1084 1085
f 1081 1085 1089
f 1085 1086 1087
f 1085 1087 1089
f 1087 1088 1089
f 1090 1092 1091
f 1075 1096 1092
f 1071 1077 1107
f 1092 1094 1093
f 1092 1096 1094
f 1094 1096 1095
f 1077 1089 1107
f 1089 1097 1098
f 1089 1098 1100
f 1098 1099 1100
f 1089 1100 1105
f 1089 1105 1107
f 1096 1107 1101
f 1100 1102 1103
f 1100 1103 1105
f 1103 1104 1105
f 1105 1106 1107
f 1101 1107 1656
f 618 1112 1109
f 1108 1109 1110
f 1109 1112 1110
f 1110 1112 1128
f 1110 1128 1129
f 1110 1129 1130
f 1110 1134 1111
f 638 1117 1116
f 638 1139 1117
f 638 1172 1139
f 1117 1139 1124
f 1118 1124 1139
f 1119 1139 1122
f 1118 1139 1119
f 1125 1126 1172
f 1126 1141 1172
f 1126 1127 1141
f 1110 1130 1139
f 1130 1131 1139
f 1111 1134 1133
f 1110 1139 1134
f 1134 1143 1135
f 1120 1139 1121
f 1132 1136 1139
f 1131 1132 1139
f 1121 1139 1136
f 1120 1123 1139
f 1122 1139 1123
f 1137 1143 1139
f 1138 1139 1142
f 1139 1172 1141
f 1139 1141 1142
f 1140 1142 1141
f 1134 1139 1143
f 1108 1110 1144
f 1108 1144 1145
f 1144 1146 1150
f 1144 1158 1145
f 1146 1147 1148
f 1146 1148 1150
f 1148 1149 1150
f 1150 1151 1152
f 1150 1152 1154
f 1152 1153 1154
f 1150 1154 1161
f 1154 1155 1156
f 1154 1156 1161
f 1150 1161 1165
f 1144 1150 1189
f 1157 1158 1159
f 1150 1165 1166
f 1150 1166 1167
f 1150 1167 1168
f 1156 1160 1161
f 1161 1162 1163
f 1161 1163 1164
f 1161 1164 1165
f 1150 1168 1181
f 1150 1181 1182
f 1150 1182 1183
f 619 1299 1112
f 1108 1296 1109
f 1110 1111 1297
f 1111 1133 1298
f 1113 1114 1300
f 1114 1115 1301
f 1115 1116 1302
f 1116 1117 1303
f 1117 1124 1304
f 1118 1119 1305
f 1119 1122 1306
f 1121 1136 1308
f 1120 1121 1307
f 1122 1123 1309
f 1120 1310 1123
f 1118 1311 1124
f 1125 1313 1126
f 1126 1314 1127
f 1112 1315 1128
f 1129 1317 1130
f 1128 1316 1129
f 1130 1318 1131
f 1131 1319 1132
f 1133 1134 1320
f 1134 1135 1321
f 1135 1143 1322
f 1132 1323 1136
f 1137 1139 1324
f 1138 1142 1325
f 1138 1326 1139
f 1140 1141 1327
f 1140 1329 1142
f 1127 1328 1141
f 1137 1330 1143
f 1108 1145 1295
f 1110 1331 1144
f 1145 1158 1332
f 1144 1333 1146
f 1146 1334 1147
f 1147 1335 1148
f 1148 1336 1149
f 1149 1337 1150
f 1150 1338 1151
f 1151 1339 1152
f 1152 1340 1153
f 1153 1341 1154
f 1154 1342 1155
f 1155 1343 1156
f 1156 1347 1160
f 1157 1345 1158
f 1157 1159 1344
f 1160 1348 1161
f 1161 1349 1162
f 1162 1350 1163
f 1163 1351 1164
f 1164 1352 1165
f 1165 1353 1166
f 1166 1354 1167
f 1167 1355 1168
f 648 1169 1170
f 648 1170 1172
f 1170 1171 1172
f 648 1356 1169
f 1169 1357 1170
f 1170 1358 1171
f 1171 1359 1172
f 1125 1172 1312
f 1158 1174 1159
f 1159 1174 1173
f 1174 1176 1175
f 1158 1178 1174
f 1174 1178 1176
f 1144 1197 1158
f 1144 1189 1195
f 1176 1178 1177
f 1178 1180 1179
f 1158 1193 1178
f 1150 1183 1184
f 1150 1184 1185
f 1150 1185 1186
f 1150 1186 1189
f 1144 1195 1196
f 1144 1196 1197
f 1178 1188 1180
f 1180 1188 1187
f 1178 1193 1188
f 1158 1197 1198
f 1158 1198 1199
f 1158 1199 1200
f 1188 1191 1190
f 1188 1193 1191
f 1191 1193 1192
f 1193 1201 1194
f 1158 1200 1203
f 1158 1203 1204
f 1193 1206 1201
f 1201 1206 1202
f 1158 1238 1193
f 1158 1204 1238
f 1193 1216 1206
f 1206 1209 1207
f 1206 1216 1209
f 1209 1216 1210
f 1193 1238 1216
f 1204 1205 1238
f 1205 1208 1238
f 1208 1211 1238
f 1205 1227 1208
f 1209 1210 1228
f 1210 1216 1230
f 1216 1218 1217
f 1216 1220 1218
f 1211 1212 1238
f 1218 1220 1219
f 1216 1238 1220
f 1212 1213 1238
f 1213 1214 1238
f 1214 1215 1238
f 1215 1221 1238
f 1220 1224 1223
f 1221 1222 1238
f 1220 1238 1224
f 1224 1238 1225
f 1159 1173 1346
f 1173 1174 1360
f 1174 1175 1361
f 1175 1176 1362
f 1176 1177 1363
f 1177 1178 1364
f 1178 1179 1365
f 1179 1180 1366
f 1168 1368 1181
f 1181 1369 1182
f 1182 1370 1183
f 1183 1371 1184
f 1184 1372 1185
f 1185 1373 1186
f 1180 1187 1367
f 1187 1188 1374
f 1188 1190 1375
f 1186 1376 1189
f 1190 1191 1377
f 1191 1192 1378
f 1192 1193 1379
f 1193 1194 1380
f 1194 1201 1381
f 1189 1382 1195
f 1195 1383 1196
f 1196 1384 1197
f 1197 1385 1198
f 1205 1226 1227
f 1208 1227 1231
f 1210 1229 1228
f 1210 1230 1229
f 1198 1386 1199
f 1199 1387 1200
f 1201 1202 1388
f 1200 1390 1203
f 1203 1391 1204
f 1204 1392 1205
f 1202 1206 1389
f 1206 1207 1393
f 1207 1209 1394
f 1208 1400 1211
f 1211 1401 1212
f 1212 1402 1213
f 1213 1403 1214
f 1214 1404 1215
f 1205 1392 1226
f 1209 1228 1397
f 1208 1231 1400
f 1216 1217 1405
f 1217 1218 1406
f 1218 1219 1407
f 1219 1220 1408
f 1215 1410 1221
f 1221 1411 1222
f 1220 1223 1409
f 1223 1224 1412
f 1224 1225 1413
f 1225 1238 1414
f 1216 1405 1230
f 1222 1232 1238
f 1232 1233 1238
f 1233 1234 1238
f 1234 1235 1238
f 1235 1236 1238
f 1238 1240 1239
f 1238 1243 1240
f 1236 1237 1238
f 1237 1241 1238
f 1240 1243 1242
f 1238 1258 1243
f 1243 1245 1244
f 1243 1258 1245
f 1238 1241 1279
f 1238 1266 1258
f 1241 1246 1287
f 1246 1247 1287
f 1247 1248 1287
f 1248 1249 1287
f 1249 1250 1287
f 1250 1251 1287
f 1251 1252 1287
f 1245 1258 1257
f 1238 1279 1266
f 1258 1260 1259
f 1258 1262 1260
f 1260 1262 1261
f 1258 1266 1262
f 1262 1264 1263
f 1262 1266 1264
f 1241 1287 1279
f 1264 1266 1265
f 1266 1279 1267
f 1234 1290 1235
f 1239 1240 1292
f 1256 1268 1269
f 1269 1270 1271
f 1269 1271 1273
f 1252 1253 1287
f 1271 1272 1273
f 1269 1273 1277
f 1273 1274 1275
f 1273 1275 1277
f 1275 1276 1277
f 1277 1278 1280
f 1253 1254 1287
f 1254 1255 1287
f 1255 1256 1287
f 1256 1269 1287
f 1269 1277 1287
f 1277 1280 1282
f 1280 1281 1282
f 1277 1282 1287
f 1282 1283 1284
f 1282 1284 1287
f 1284 1285 1287
f 1279 1287 1286
f 1286 1287 1555
f 1286 1555 1288
f 1234 1289 1290
f 1235 1290 1291
f 1239 1292 1293
f 1240 1294 1292
f 1222 1415 1232
f 1232 1416 1233
f 1233 1417 1234
f 1235 1420 1236
f 1236 1421 1237
f 1237 1426 1241
f 1238 1239 1422
f 1240 1242 1425
f 1242 1243 1427
f 1243 1244 1428
f 1244 1245 1429
f 1245 1257 1430
f 1241 1431 1246
f 1246 1432 1247
f 1247 1433 1248
f 1248 1434 1249
f 1249 1435 1250
f 1250 1436 1251
f 1251 1437 1252
f 1252 1438 1253
f 1253 1439 1254
f 1254 1440 1255
f 1255 1441 1256
f 1257 1258 1442
f 1258 1259 1443
f 1259 1260 1444
f 1260 1261 1445
f 1261 1262 1446
f 1262 1263 1447
f 1263 1264 1448
f 1264 1265 1449
f 1265 1266 1450
f 1266 1267 1451
f 1267 1279 1452
f 1234 1417 1289
f 1235 1291 1420
f 1239 1293 1422
f 1240 1425 1294
f 1256 1453 1268
f 1268 1454 1269
f 1269 1455 1270
f 1270 1456 1271
f 1271 1457 1272
f 1272 1458 1273
f 1273 1459 1274
f 1274 1460 1275
f 1275 1461 1276
f 1276 1462 1277
f 1277 1463 1278
f 1278 1465 1280
f 1279 1286 1464
f 1280 1466 1281
f 1281 1467 1282
f 1282 1468 1283
f 1283 1469 1284
f 1284 1470 1285
f 1285 1472 1287
f 1286 1288 1471
f 789 1109 1296
f 1108 1295 1296
f 1111 1298 1297
f 1112 1299 1315
f 1133 1320 1298
f 1114 1301 1300
f 1115 1302 1301
f 1116 1303 1302
f 1117 1304 1303
f 1124 1311 1304
f 1118 1305 1311
f 1119 1306 1305
f 1122 1309 1306
f 1136 1323 1308
f 1120 1307 1310
f 1121 1308 1307
f 1123 1310 1309
f 1125 1312 1313
f 1126 1313 1314
f 1127 1314 1328
f 1128 1315 1316
f 1129 1316 1317
f 1130 1317 1318
f 1132 1319 1323
f 1131 1318 1319
f 1134 1321 1320
f 1135 1322 1321
f 1143 1330 1322
f 1139 1326 1324
f 1138 1325 1326
f 1141 1328 1327
f 1140 1327 1329
f 1142 1329 1325
f 1137 1324 1330
f 1110 1297 1331
f 1145 1332 1295
f 1144 1331 1333
f 1158 1345 1332
f 1146 1333 1334
f 1147 1334 1335
f 1148 1335 1336
f 1149 1336 1337
f 1150 1337 1338
f 1151 1338 1339
f 1152 1339 1340
f 1153 1340 1341
f 1154 1341 1342
f 1155 1342 1343
f 1156 1343 1347
f 1157 1344 1345
f 1159 1346 1344
f 1160 1347 1348
f 1161 1348 1349
f 1162 1349 1350
f 1163 1350 1351
f 1164 1351 1352
f 1165 1352 1353
f 1166 1353 1354
f 1167 1354 1355
f 789 1296 1299
f 1295 1297 1296
f 1296 1297 1299
f 1297 1315 1299
f 1297 1316 1315
f 1297 1317 1316
f 1297 1298 1321
f 809 1303 1304
f 809 1304 1326
f 809 1326 1359
f 1304 1311 1326
f 1305 1326 1311
f 1306 1309 1326
f 1305 1306 1326
f 1312 1359 1313
f 1313 1359 1328
f 1313 1328 1314
f 1297 1326 1317
f 1317 1326 1318
f 1298 1320 1321
f 1297 1321 1326
f 1321 1322 1330
f 1307 1308 1326
f 1319 1326 1323
f 1318 1326 1319
f 1308 1323 1326
f 1307 1326 1310
f 1309 1310 1326
f 1324 1326 1330
f 1325 1329 1326
f 1326 1328 1359
f 1326 1329 1328
f 1327 1328 1329
f 1321 1330 1326
f 1295 1331 1297
f 1295 1332 1331
f 1331 1337 1333
f 1331 1332 1345
f 1333 1335 1334
f 1333 1337 1335
f 1335 1337 1336
f 1337 1339 1338
f 1337 1341 1339
f 1339 1341 1340
f 1337 1348 1341
f 1341 1343 1342
f 1341 1348 1343
f 1337 1352 1348
f 1331 1376 1337
f 1344 1346 1345
f 1337 1353 1352
f 1337 1354 1353
f 1337 1355 1354
f 1343 1348 1347
f 1348 1350 1349
f 1348 1351 1350
f 1348 1352 1351
f 1337 1368 1355
f 1337 1369 1368
f 1337 1370 1369
f 648 819 1356
f 1169 1356 1357
f 1170 1357 1358
f 1171 1358 1359
f 1172 1359 1312
f 819 1357 1356
f 819 1359 1357
f 1357 1359 1358
f 1173 1360 1346
f 1174 1361 1360
f 1175 1362 1361
f 1176 1363 1362
f 1177 1364 1363
f 1178 1365 1364
f 1179 1366 1365
f 1180 1367 1366
f 1168 1355 1368
f 1181 1368 1369
f 1182 1369 1370
f 1183 1370 1371
f 1184 1371 1372
f 1185 1372 1373
f 1186 1373 1376
f 1187 1374 1367
f 1188 1375 1374
f 1189 1376 1382
f 1190 1377 1375
f 1191 1378 1377
f 1192 1379 1378
f 1193 1380 1379
f 1194 1381 1380
f 1201 1388 1381
f 1195 1382 1383
f 1196 1383 1384
f 1197 1384 1385
f 1198 1385 1386
f 1199 1386 1387
f 1202 1389 1388
f 1200 1387 1390
f 1203 1390 1391
f 1204 1391 1392
f 1206 1393 1389
f 1207 1394 1393
f 1209 1396 1394
f 1209 1397 1396
f 1211 1400 1401
f 1212 1401 1402
f 1213 1402 1403
f 1214 1403 1404
f 1217 1406 1405
f 1218 1407 1406
f 1219 1408 1407
f 1220 1409 1408
f 1215 1404 1410
f 1221 1410 1411
f 1223 1412 1409
f 1224 1413 1412
f 1225 1414 1413
f 1345 1346 1361
f 1346 1360 1361
f 1361 1362 1363
f 1345 1361 1365
f 1361 1363 1365
f 1331 1345 1384
f 1331 1382 1376
f 1363 1364 1365
f 1365 1366 1367
f 1345 1365 1380
f 1337 1371 1370
f 1337 1372 1371
f 1337 1373 1372
f 1337 1376 1373
f 1331 1383 1382
f 1331 1384 1383
f 1365 1367 1375
f 1367 1374 1375
f 1365 1375 1380
f 1345 1385 1384
f 1345 1386 1385
f 1345 1387 1386
f 1375 1377 1378
f 1375 1378 1380
f 1345 1380 1397
f 1378 1379 1380
f 1380 1381 1388
f 1392 1395 1226
f 1405 1398 1230
f 1400 1231 1399
f 1345 1390 1387
f 1345 1391 1390
f 1345 1397 1391
f 1380 1388 1393
f 1388 1389 1393
f 1380 1393 1397
f 1393 1394 1396
f 1393 1396 1397
f 1391 1397 1392
f 1392 1397 1395
f 1400 1399 1398
f 1405 1406 1407
f 1405 1407 1409
f 1405 1422 1398
f 1400 1398 1422
f 1400 1422 1401
f 1407 1408 1409
f 1405 1409 1422
f 1401 1422 1402
f 1402 1422 1403
f 1403 1422 1404
f 1404 1422 1410
f 1409 1412 1413
f 1410 1422 1411
f 1409 1413 1422
f 1413 1414 1422
f 1222 1411 1415
f 1232 1415 1416
f 1233 1416 1417
f 1236 1420 1421
f 1237 1421 1426
f 1238 1422 1414
f 1242 1427 1425
f 1243 1428 1427
f 1244 1429 1428
f 1245 1430 1429
f 1241 1426 1431
f 1246 1431 1432
f 1247 1432 1433
f 1248 1433 1434
f 1249 1434 1435
f 1250 1435 1436
f 1251 1436 1437
f 1252 1437 1438
f 1253 1438 1439
f 1254 1439 1440
f 1255 1440 1441
f 1256 1441 1453
f 1257 1442 1430
f 1258 1443 1442
f 1259 1444 1443
f 1260 1445 1444
f 1261 1446 1445
f 1262 1447 1446
f 1263 1448 1447
f 1264 1449 1448
f 1265 1450 1449
f 1266 1451 1450
f 1267 1452 1451
f 1268 1453 1454
f 1269 1454 1455
f 1270 1455 1456
f 1271 1456 1457
f 1272 1457 1458
f 1273 1458 1459
f 1274 1459 1460
f 1275 1460 1461
f 1276 1461 1462
f 1277 1462 1463
f 1278 1463 1465
f 1279 1464 1452
f 1280 1465 1466
f 1281 1466 1467
f 1282 1467 1468
f 1283 1468 1469
f 1284 1469 1470
f 1285 1470 1472
f 1286 1471 1464
f 1287 1472 1705
f 1288 1473 1471
f 1417 1418 1289
f 1420 1291 1419
f 1422 1293 1423
f 1425 1424 1294
f 1411 1422 1415
f 1415 1422 1416
f 1416 1422 1417
f 1417 1422 1418
f 1422 1423 1418
f 1425 1428 1424
f 1420 1419 1424
f 1420 1424 1421
f 1421 1424 1426
f 1425 1427 1428
f 1428 1443 1424
f 1428 1429 1430
f 1428 1430 1443
f 1426 1424 1464
f 1426 1472 1431
f 1431 1472 1432
f 1432 1472 1433
f 1433 1472 1434
f 1434 1472 1435
f 1435 1472 1436
f 1436 1472 1437
f 1430 1442 1443
f 1443 1451 1424
f 1443 1444 1445
f 1451 1464 1424
f 1443 1445 1447
f 1445 1446 1447
f 1443 1447 1451
f 1447 1448 1449
f 1447 1449 1451
f 1426 1464 1472
f 1449 1450 1451
f 1451 1452 1464
f 1441 1454 1453
f 1454 1456 1455
f 1454 1458 1456
f 1437 1472 1438
f 1456 1458 1457
f 1454 1462 1458
f 1458 1460 1459
f 1458 1462 1460
f 1460 1462 1461
f 1462 1465 1463
f 1438 1472 1439
f 1439 1472 1440
f 1440 1472 1441
f 1441 1472 1454
f 1454 1472 1462
f 1462 1467 1465
f 1465 1467 1466
f 1462 1472 1467
f 1467 1469 1468
f 1467 1472 1469
f 1469 1472 1470
f 1464 1471 1472
f 1471 1705 1472
f 1471 1473 1705
f 965 1506 1498
f 1474 1476 1475
f 1474 1478 1476
f 1476 1478 1477
f 1478 1480 1479
f 1478 1481 1480
f 1478 1482 1481
f 1478 1483 1482
f 1487 1490 1496
f 1488 1489 1490
f 1489 1492 1490
f 1489 1491 1492
f 1492 1493 1494
f 1490 1492 1498
f 1492 1494 1498
f 1494 1495 1498
f 1474 1496 1490
f 1474 1497 1496
f 1474 1490 1478
f 1478 1490 1498
f 1478 1498 1483
f 1483 1498 1484
f 1484 1498 1485
f 1485 1498 1486
f 1486 1498 1507
f 1500 1501 1502
f 1498 1508 1507
f 1498 1510 1508
f 1500 1502 1505
f 1502 1503 1505
f 1498 1506 1499
f 1499 1506 1504
f 1498 1509 1510
f 1498 1511 1509
f 1498 1512 1511
f 1498 1513 1512
f 1498 1522 1513
f 1498 1521 1522
f 1498 1524 1521
f 1498 1525 1524
f 1498 1499 1525
f 1500 1505 1516
f 1505 1514 1515
f 1505 1515 1516
f 1499 1500 1529
f 1515 1517 1516
f 1516 1518 1519
f 1500 1516 1529
f 1516 1519 1530
f 1519 1520 1530
f 1499 1529 1525
f 1523 1527 1530
f 1525 1529 1526
f 1526 1529 1601
f 1527 1529 1530
f 1527 1528 1529
f 1516 1530 1529
f 959 1656 1506
f 1474 1475 1624
f 1475 1476 1625
f 1476 1477 1626
f 1477 1478 1627
f 1481 1482 1631
f 1478 1479 1628
f 1479 1480 1629
f 1480 1481 1630
f 1482 1483 1632
f 1483 1484 1633
f 1484 1485 1634
f 1485 1486 1635
f 1487 1640 1490
f 1487 1496 1637
f 1488 1639 1489
f 1488 1490 1638
f 1491 1642 1492
f 1489 1641 1491
f 1492 1643 1493
f 1493 1644 1494
f 1494 1645 1495
f 1495 1648 1498
f 1496 1497 1646
f 1474 1647 1497
f 1499 1650 1500
f 1500 1651 1501
f 1501 1652 1502
f 1499 1504 1649
f 1502 1653 1503
f 1503 1655 1505
f 1504 1506 1654
f 1486 1507 1636
f 1507 1508 1657
f 1509 1660 1510
f 1508 1510 1658
f 1509 1511 1659
f 1511 1512 1661
f 1512 1513 1662
f 1505 1664 1514
f 1514 1665 1515
f 1515 1667 1517
f 1516 1517 1666
f 1516 1668 1518
f 1518 1669 1519
f 1519 1670 1520
f 1521 1672 1522
f 1521 1524 1671
f 1513 1522 1663
f 1523 1677 1527
f 1524 1525 1674
f 1525 1526 1675
f 1526 1601 1676
f 1527 1678 1528
f 1528 1679 1529
f 1520 1680 1530
f 1523 1530 1673
f 1531 1549 1532
f 1531 1532 1533
f 1532 1549 1534
f 1535 1538 1537
f 1531 1536 1537
f 1531 1537 1538
f 1538 1539 1540
f 1531 1538 1546
f 1538 1540 1546
f 1540 1541 1546
f 1531 1546 1547
f 1531 1547 1548
f 1531 1548 1542
f 1531 1542 1543
f 1531 1543 1544
f 1544 1545 1555
f 1545 1565 1555
f 1556 1565 1567
f 1549 1551 1550
f 1549 1553 1551
f 1531 1553 1549
f 1551 1553 1552
f 1531 1555 1553
f 1553 1555 1554
f 1288 1555 1563
f 1531 1544 1555
f 1555 1565 1556
f 1556 1558 1557
f 1556 1560 1558
f 1558 1560 1559
f 1556 1580 1560
f 1560 1562 1561
f 1560 1580 1562
f 1555 1556 1563
f 1556 1568 1564
f 1556 1564 1572
f 1556 1567 1566
f 1556 1566 1568
f 1556 1579 1580
f 1556 1571 1573
f 1556 1572 1571
f 1556 1573 1574
f 1556 1574 1579
f 1569 1583 1570
f 1575 1590 1579
f 1574 1575 1579
f 1570 1577 1576
f 1570 1580 1579
f 1570 1579 1577
f 1577 1579 1578
f 1562 1580 1581
f 1580 1583 1582
f 1570 1583 1580
f 1534 1549 1684
f 1532 1683 1533
f 1531 1533 1681
f 1532 1534 1682
f 1535 1537 1685
f 1536 1687 1537
f 1531 1686 1536
f 1538 1689 1539
f 1535 1688 1538
f 1539 1690 1540
f 1540 1691 1541
f 1541 1696 1546
f 1542 1548 1692
f 1542 1693 1543
f 1543 1694 1544
f 1544 1695 1545
f 1546 1697 1547
f 1547 1698 1548
f 1549 1550 1699
f 1551 1552 1701
f 1550 1551 1700
f 1552 1553 1702
f 1553 1554 1703
f 1554 1555 1704
f 1287 1705 1555
f 1288 1563 1473
f 1556 1557 1706
f 1557 1558 1707
f 1558 1559 1708
f 1559 1560 1709
f 1561 1562 1711
f 1560 1561 1710
f 1562 1581 1712
f 1556 1713 1563
f 1564 1722 1572
f 1545 1715 1565
f 1565 1717 1567
f 1566 1567 1716
f 1566 1718 1568
f 1564 1568 1714
f 1569 1570 1719
f 1571 1572 1721
f 1571 1723 1573
f 1573 1724 1574
f 1575 1741 1590
f 1574 1725 1575
f 1576 1577 1726
f 1570 1576 1720
f 1577 1578 1727
f 1578 1579 1728
f 1579 1611 1729
f 1580 1731 1581
f 1580 1582 1730
f 1582 1583 1732
f 1569 1733 1583
f 1529 1586 1588
f 1579 1593 1589
f 1579 1595 1594
f 1579 1594 1586
f 1579 1589 1595
f 1600 1609 1608
f 1529 1579 1586
f 1529 1597 1579
f 1596 1597 1605
f 1596 1598 1597
f 1597 1599 1600
f 1597 1600 1608
f 1587 1588 1612
f 1591 1592 1615
f 1529 1585 1584
f 1529 1584 1601
f 1529 1587 1585
f 1529 1588 1587
f 1529 1602 1603
f 1529 1603 1605
f 1529 1605 1597
f 1603 1604 1605
f 1596 1605 1606
f 1605 1618 1606
f 1579 1592 1591
f 1579 1590 1592
f 1579 1591 1593
f 1579 1608 1607
f 1579 1597 1608
f 1607 1608 1610
f 1579 1607 1611
f 1608 1609 1623
f 1587 1613 1614
f 1587 1612 1613
f 1584 1585 1734
f 1585 1587 1735
f 1586 1739 1588
f 1591 1616 1617
f 1591 1615 1616
f 1589 1747 1595
f 1590 1743 1592
f 1591 1745 1593
f 1589 1593 1740
f 1594 1595 1746
f 1586 1594 1736
f 1596 1750 1598
f 1597 1598 1749
f 1597 1751 1599
f 1599 1752 1600
f 1600 1763 1609
f 1587 1614 1735
f 1588 1739 1612
f 1592 1743 1615
f 1591 1617 1745
f 1606 1619 1620
f 1606 1618 1619
f 1584 1753 1601
f 1603 1756 1604
f 1529 1754 1602
f 1602 1755 1603
f 1604 1757 1605
f 1596 1606 1748
f 1605 1757 1618
f 1606 1620 1748
f 1608 1621 1622
f 1608 1623 1621
f 1607 1765 1611
f 1607 1610 1760
f 1608 1764 1610
f 1608 1622 1764
f 1609 1763 1623
f 1107 1498 1648
f 1474 1624 1647
f 1475 1625 1624
f 1477 1627 1626
f 1476 1626 1625
f 1478 1628 1627
f 1479 1629 1628
f 1480 1630 1629
f 1481 1631 1630
f 1482 1632 1631
f 1483 1633 1632
f 1484 1634 1633
f 1485 1635 1634
f 1486 1636 1635
f 1496 1646 1637
f 1487 1637 1640
f 1488 1638 1639
f 1489 1639 1641
f 1490 1640 1638
f 1491 1641 1642
f 1492 1642 1643
f 1493 1643 1644
f 1494 1644 1645
f 1495 1645 1648
f 1497 1647 1646
f 1499 1649 1650
f 1500 1650 1651
f 1501 1651 1652
f 1504 1654 1649
f 1502 1652 1653
f 1503 1653 1655
f 1505 1655 1664
f 1506 1656 1654
f 1507 1657 1636
f 1508 1658 1657
f 1509 1659 1660
f 1510 1660 1658
f 1511 1661 1659
f 1512 1662 1661
f 1513 1663 1662
f 1514 1664 1665
f 1515 1665 1667
f 1516 1666 1668
f 1517 1667 1666
f 1518 1668 1669
f 1519 1669 1670
f 1521 1671 1672
f 1524 1674 1671
f 1522 1672 1663
f 1523 1673 1677
f 1525 1675 1674
f 1526 1676 1675
f 1527 1677 1678
f 1529 1679 1754
f 1528 1678 1679
f 1520 1670 1680
f 1530 1680 1673
f 1107 1648 1656
f 1624 1625 1626
f 1624 1626 1628
f 1626 1627 1628
f 1628 1629 1630
f 1628 1630 1631
f 1628 1631 1632
f 1628 1632 1633
f 1637 1646 1640
f 1638 1640 1639
f 1639 1640 1642
f 1639 1642 1641
f 1642 1644 1643
f 1640 1648 1642
f 1642 1648 1644
f 1644 1648 1645
f 1624 1640 1646
f 1624 1646 1647
f 1624 1628 1640
f 1628 1648 1640
f 1628 1633 1648
f 1633 1634 1648
f 1634 1635 1648
f 1635 1636 1648
f 1636 1657 1648
f 1650 1652 1651
f 1648 1657 1658
f 1648 1658 1660
f 1650 1655 1652
f 1652 1655 1653
f 1648 1649 1656
f 1649 1654 1656
f 1648 1660 1659
f 1648 1659 1661
f 1648 1661 1662
f 1648 1662 1663
f 1648 1663 1672
f 1648 1672 1671
f 1648 1671 1674
f 1648 1674 1675
f 1648 1675 1649
f 1650 1666 1655
f 1655 1665 1664
f 1655 1666 1665
f 1649 1679 1650
f 1665 1666 1667
f 1666 1669 1668
f 1650 1679 1666
f 1666 1680 1669
f 1669 1680 1670
f 1649 1675 1679
f 1673 1680 1677
f 1675 1676 1679
f 1676 1753 1679
f 1677 1680 1679
f 1677 1679 1678
f 1666 1679 1680
f 1531 1681 1686
f 1549 1699 1684
f 1532 1682 1683
f 1533 1683 1681
f 1534 1684 1682
f 1537 1687 1685
f 1535 1685 1688
f 1536 1686 1687
f 1538 1688 1689
f 1539 1689 1690
f 1540 1690 1691
f 1541 1691 1696
f 1542 1692 1693
f 1543 1693 1694
f 1544 1694 1695
f 1546 1696 1697
f 1547 1697 1698
f 1548 1698 1692
f 1550 1700 1699
f 1552 1702 1701
f 1551 1701 1700
f 1553 1703 1702
f 1554 1704 1703
f 1555 1705 1704
f 1473 1563 1713
f 1557 1707 1706
f 1556 1706 1713
f 1558 1708 1707
f 1559 1709 1708
f 1560 1710 1709
f 1561 1711 1710
f 1562 1712 1711
f 1564 1714 1722
f 1545 1695 1715
f 1565 1715 1717
f 1567 1717 1716
f 1566 1716 1718
f 1568 1718 1714
f 1570 1720 1719
f 1573 1723 1724
f 1572 1722 1721
f 1571 1721 1723
f 1574 1724 1725
f 1575 1725 1741
f 1576 1726 1720
f 1577 1727 1726
f 1578 1728 1727
f 1611 1765 1729
f 1579 1729 1728
f 1580 1730 1731
f 1581 1731 1712
f 1582 1732 1730
f 1583 1733 1732
f 1569 1719 1733
f 1681 1682 1699
f 1681 1683 1682
f 1682 1684 1699
f 1685 1687 1688
f 1681 1687 1686
f 1681 1688 1687
f 1688 1690 1689
f 1681 1696 1688
f 1688 1696 1690
f 1690 1696 1691
f 1681 1697 1696
f 1681 1698 1697
f 1681 1692 1698
f 1681 1693 1692
f 1681 1694 1693
f 1694 1705 1695
f 1695 1705 1715
f 1706 1717 1715
f 1699 1700 1701
f 1699 1701 1703
f 1681 1699 1703
f 1701 1702 1703
f 1681 1703 1705
f 1703 1704 1705
f 1473 1713 1705
f 1681 1705 1694
f 1705 1706 1715
f 1706 1707 1708
f 1706 1708 1710
f 1708 1709 1710
f 1706 1710 1730
f 1710 1711 1712
f 1710 1712 1730
f 1705 1713 1706
f 1706 1714 1718
f 1706 1722 1714
f 1706 1716 1717
f 1706 1718 1716
f 1706 1730 1729
f 1706 1723 1721
f 1706 1721 1722
f 1706 1724 1723
f 1706 1729 1724
f 1719 1720 1733
f 1725 1729 1741
f 1724 1729 1725
f 1720 1726 1727
f 1720 1729 1730
f 1720 1727 1729
f 1727 1728 1729
f 1712 1731 1730
f 1730 1732 1733
f 1720 1730 1733
f 1585 1735 1734
f 1586 1736 1739
f 1589 1740 1747
f 1590 1741 1743
f 1593 1745 1740
f 1594 1746 1736
f 1595 1747 1746
f 1596 1748 1750
f 1598 1750 1749
f 1599 1751 1752
f 1600 1752 1763
f 1597 1749 1751
f 1601 1753 1676
f 1584 1734 1753
f 1603 1755 1756
f 1602 1754 1755
f 1604 1756 1757
f 1607 1760 1765
f 1610 1764 1760
f 1739 1737 1612
f 1735 1614 1738
f 1743 1742 1615
f 1745 1617 1744
f 1735 1738 1758
f 1736 1759 1739
f 1739 1759 1737
f 1740 1745 1762
f 1740 1762 1747
f 1745 1744 1762
f 1752 1762 1763
f 1736 1746 1762
f 1736 1762 1759
f 1748 1759 1749
f 1748 1749 1750
f 1746 1747 1762
f 1749 1759 1762
f 1749 1752 1751
f 1749 1762 1752
f 1757 1758 1618
f 1748 1620 1759
f 1679 1734 1735
f 1679 1753 1734
f 1679 1735 1758
f 1679 1758 1757
f 1679 1755 1754
f 1679 1757 1755
f 1755 1757 1756
f 1764 1622 1761
f 1763 1762 1623
f 1729 1742 1743
f 1729 1743 1741
f 1760 1764 1742
f 1729 1760 1742
f 1764 1761 1742
f 1729 1765 1760
f 524 525 528
f 524 532 526
f 526 531 527
f 532 530 526
f 528 532 524
f 526 529 531
f 530 529 526
f 592 591 596
f 593 594 597
f 591 593 597
f 598 591 597
f 598 595 591
f 591 595 596
f 531 669 527
f 694 528 525
f 525 668 693
f 693 694 525
f 531 688 669
f 531 695 688
f 719 592 596
f 736 597 594
f 736 594 720
f 719 596 731
f 903 904 902
f 903 905 904
f 903 906 905
f 908 911 907
f 908 909 911
f 911 910 907
f 1025 902 904
f 1028 905 906
f 1045 907 910
f 909 1050 911
f 1025 904 1027
f 906 1030 1028
f 1050 909 1046
f 1049 1045 910
f 1227 1226 1228
f 1227 1228 1231
f 1229 1231 1228
f 1229 1230 1231
f 1290 1289 1292
f 1292 1289 1293
f 1292 1294 1290
f 1290 1294 1291
f 1230 1399 1231
f 1397 1228 1226
f 1397 1226 1395
f 1399 1230 1398
f 1423 1293 1289
f 1291 1294 1419
f 1418 1423 1289
f 1419 1294 1424
f 1613 1620 1614
f 1613 1612 1620
f 1619 1614 1620
f 1616 1615 1622
f 1616 1621 1617
f 1621 1623 1617
f 1619 1618 1614
f 1616 1622 1621
f 1618 1738 1614
f 1612 1759 1620
f 1623 1744 1617
f 1615 1761 1622
f 1759 1612 1737
f 1742 1761 1615
f 1744 1623 1762
f 1738 1618 1758
f 1945 1946 1947
f 1785 1786 1943
f 1783 1784 1785
f 1780 1781 1782
f 1778 1779 1780
f 1774 1775 1776
f 1952 1773 1774
f 1773 1952 1953
f 1931 1772 1773
f 1770 1771 1772
f 1766 1767 1768
f 1929 1930 1766
f 1926 1927 1928
f 1923 1924 1925
f 1919 1920 1921
f 1915 1916 1917
f 1911 1912 1913
f 1907 1908 1909
f 1902 1903 1904
f 1898 1899 1900
f 1893 1894 1895
f 1889 1890 1891
f 1885 1886 1887
f 1881 1882 1883
f 1877 1878 1879
f 1874 1875 1876
f 1871 1872 1873
f 1867 1868 1869
f 1863 1864 1865
f 1859 1860 1861
f 1855 1856 1857
f 1850 1851 1852
f 1847 1848 1849
f 1843 1844 1845
f 1838 1839 1840
f 1835 1836 1837
f 1833 1834 1835
f 1830 1831 1832
f 1828 1829 1830
f 1824 1825 1826
f 1822 1823 1824
f 1817 1818 1819
f 1814 1815 1816
f 1811 1812 1813
f 1806 1807 1808
f 1804 1805 1806
f 1800 1801 1802
f 1798 1799 1800
f 1796 1797 1798
f 1794 1795 1796
f 1960 1792 1793
f 1942 1961 1962
f 1938 1939 1940
f 1790 1791 1935
f 1788 1789 1790
f 1956 1787 1788
f 1964 1957 1958
f 1950 1965 1966
f 1945 1947 1948
f 1783 1785 1943
f 1778 1780 1782
f 1951 1952 1774
f 1934 1931 1773
f 1770 1772 1931
f 1929 1766 1768
f 1925 1926 1928
f 1922 1923 1925
f 1918 1919 1921
f 1914 1915 1917
f 1910 1911 1913
f 1906 1907 1909
f 1901 1902 1904
f 1897 1898 1900
f 1892 1893 1895
f 1888 1889 1891
f 1884 1885 1887
f 1880 1881 1883
f 1876 1877 1879
f 1873 1874 1876
f 1870 1871 1873
f 1866 1867 1869
f 1862 1863 1865
f 1858 1859 1861
f 1854 1855 1857
f 1849 1850 1852
f 1846 1847 1849
f 1842 1843 1845
f 1837 1838 1840
f 1833 1835 1837
f 1828 1830 1832
f 1822 1824 1826
f 1816 1817 1819
f 1813 1814 1816
f 1810 1811 1813
f 1804 1806 1808
f 1798 1800 1802
f 1794 1796 1798
f 1959 1960 1793
f 1941 1942 1962
f 1937 1938 1940
f 1956 1788 1790
f 1963 1964 1958
f 1949 1950 1966
f 1951 1774 1776
f 1934 1773 1953
f 1770 1931 1932
f 1928 1929 1768
f 1922 1925 1928
f 1873 1876 1879
f 1846 1849 1852
f 1833 1837 1840
f 1827 1828 1832
f 1821 1822 1826
f 1813 1816 1819
f 1803 1804 1808
f 1794 1798 1802
f 1955 1956 1790
f 1951 1776 1777
f 1933 1934 1953
f 1769 1770 1932
f 1922 1928 1768
f 1873 1879 1880
f 1846 1852 1853
f 1833 1840 1841
f 1813 1819 1820
f 1794 1802 1803
f 1955 1790 1935
f 1954 1951 1777
f 1922 1768 1769
f 1873 1880 1883
f 1832 1833 1841
f 1810 1813 1820
f 1794 1803 1808
f 1958 1955 1935
f 1922 1769 1932
f 1873 1883 1884
f 1827 1832 1841
f 1809 1810 1820
f 1794 1808 1809
f 1963 1958 1935
f 1922 1932 1933
f 1873 1884 1887
f 1826 1827 1841
f 1794 1809 1820
f 1966 1963 1935
f 1922 1933 1953
f 1873 1887 1888
f 1821 1826 1841
f 1794 1820 1821
f 1949 1966 1935
f 1922 1953 1954
f 1873 1888 1891
f 1821 1841 1842
f 1793 1794 1821
f 1948 1949 1935
f 1922 1954 1777
f 1873 1891 1892
f 1821 1842 1845
f 1959 1793 1821
f 1945 1948 1935
f 1922 1777 1778
f 1873 1892 1895
f 1821 1845 1846
f 1962 1959 1821
f 1944 1945 1935
f 1922 1778 1782
f 1873 1895 1896
f 1941 1962 1821
f 1922 1782 1783
f 1870 1873 1896
f 1940 1941 1821
f 1921 1922 1783
f 1869 1870 1896
f 1937 1940 1821
f 1918 1921 1783
f 1866 1869 1896
f 1936 1937 1821
f 1917 1918 1783
f 1865 1866 1896
f 1936 1821 1846
f 1914 1917 1783
f 1862 1865 1896
f 1935 1936 1846
f 1913 1914 1783
f 1861 1862 1896
f 1944 1935 1846
f 1910 1913 1783
f 1858 1861 1896
f 1943 1944 1846
f 1909 1910 1783
f 1857 1858 1896
f 1943 1846 1853
f 1906 1909 1783
f 1854 1857 1896
f 1905 1906 1783
f 1853 1854 1896
f 1905 1783 1943
f 1943 1853 1896
f 1904 1905 1943
f 1943 1896 1897
f 1901 1904 1943
f 1943 1897 1900
f 1900 1901 1943
f 2148 2147 2146
f 2144 1987 1986
f 1986 1985 1984
f 1983 1982 1981
f 1981 1980 1979
f 1977 1976 1975
f 1975 1974 2153
f 2154 2153 1974
f 1974 1973 2132
f 1973 1972 1971
f 1969 1968 1967
f 1967 2131 2130
f 2129 2128 2127
f 2126 2125 2124
f 2122 2121 2120
f 2118 2117 2116
f 2114 2113 2112
f 2110 2109 2108
f 2105 2104 2103
f 2101 2100 2099
f 2096 2095 2094
f 2092 2091 2090
f 2088 2087 2086
f 2084 2083 2082
f 2080 2079 2078
f 2077 2076 2075
f 2074 2073 2072
f 2070 2069 2068
f 2066 2065 2064
f 2062 2061 2060
f 2058 2057 2056
f 2053 2052 2051
f 2050 2049 2048
f 2046 2045 2044
f 2041 2040 2039
f 2038 2037 2036
f 2036 2035 2034
f 2033 2032 2031
f 2031 2030 2029
f 2027 2026 2025
f 2025 2024 2023
f 2020 2019 2018
f 2017 2016 2015
f 2014 2013 2012
f 2009 2008 2007
f 2007 2006 2005
f 2003 2002 2001
f 2001 2000 1999
f 1999 1998 1997
f 1997 1996 1995
f 1994 1993 2161
f 2163 2162 2143
f 2141 2140 2139
f 2136 1992 1991
f 1991 1990 1989
f 1989 1988 2157
f 2159 2158 2165
f 2167 2166 2151
f 2149 2148 2146
f 2144 1986 1984
f 1983 1981 1979
f 1975 2153 2152
f 1974 2132 2135
f 2132 1973 1971
f 1969 1967 2130
f 2129 2127 2126
f 2126 2124 2123
f 2122 2120 2119
f 2118 2116 2115
f 2114 2112 2111
f 2110 2108 2107
f 2105 2103 2102
f 2101 2099 2098
f 2096 2094 2093
f 2092 2090 2089
f 2088 2086 2085
f 2084 2082 2081
f 2080 2078 2077
f 2077 2075 2074
f 2074 2072 2071
f 2070 2068 2067
f 2066 2064 2063
f 2062 2060 2059
f 2058 2056 2055
f 2053 2051 2050
f 2050 2048 2047
f 2046 2044 2043
f 2041 2039 2038
f 2038 2036 2034
f 2033 2031 2029
f 2027 2025 2023
f 2020 2018 2017
f 2017 2015 2014
f 2014 2012 2011
f 2009 2007 2005
f 2003 2001 1999
f 1999 1997 1995
f 1994 2161 2160
f 2163 2143 2142
f 2141 2139 2138
f 1991 1989 2157
f 2159 2165 2164
f 2167 2151 2150
f 1977 1975 2152
f 2154 1974 2135
f 2133 2132 1971
f 1969 2130 2129
f 2129 2126 2123
f 2080 2077 2074
f 2053 2050 2047
f 2041 2038 2034
f 2033 2029 2028
f 2027 2023 2022
f 2020 2017 2014
f 2009 2005 2004
f 2003 1999 1995
f 1991 2157 2156
f 1978 1977 2152
f 2154 2135 2134
f 2133 1971 1970
f 1969 2129 2123
f 2081 2080 2074
f 2054 2053 2047
f 2042 2041 2034
f 2021 2020 2014
f 2004 2003 1995
f 2136 1991 2156
f 1978 2152 2155
f 1970 1969 2123
f 2084 2081 2074
f 2042 2034 2033
f 2021 2014 2011
f 2009 2004 1995
f 2136 2156 2159
f 2133 1970 2123
f 2085 2084 2074
f 2042 2033 2028
f 2021 2011 2010
f 2010 2009 1995
f 2136 2159 2164
f 2134 2133 2123
f 2088 2085 2074
f 2042 2028 2027
f 2021 2010 1995
f 2136 2164 2167
f 2154 2134 2123
f 2089 2088 2074
f 2042 2027 2022
f 2022 2021 1995
f 2136 2167 2150
f 2155 2154 2123
f 2092 2089 2074
f 2043 2042 2022
f 2022 1995 1994
f 2136 2150 2149
f 1978 2155 2123
f 2093 2092 2074
f 2046 2043 2022
f 2022 1994 2160
f 2136 2149 2146
f 1979 1978 2123
f 2096 2093 2074
f 2047 2046 2022
f 2022 2160 2163
f 2136 2146 2145
f 1983 1979 2123
f 2097 2096 2074
f 2022 2163 2142
f 1984 1983 2123
f 2097 2074 2071
f 2022 2142 2141
f 1984 2123 2122
f 2097 2071 2070
f 2022 2141 2138
f 1984 2122 2119
f 2097 2070 2067
f 2022 2138 2137
f 1984 2119 2118
f 2097 2067 2066
f 2047 2022 2137
f 1984 2118 2115
f 2097 2066 2063
f 2047 2137 2136
f 1984 2115 2114
f 2097 2063 2062
f 2047 2136 2145
f 1984 2114 2111
f 2097 2062 2059
f 2047 2145 2144
f 1984 2111 2110
f 2097 2059 2058
f 2054 2047 2144
f 1984 2110 2107
f 2097 2058 2055
f 1984 2107 2106
f 2097 2055 2054
f 2144 1984 2106
f 2097 2054 2144
f 2144 2106 2105
f 2098 2097 2144
f 2144 2105 2102
f 2101 2098 2144
f 2144 2102 2101
f 1967 1968 1766
f 1766 1968 1767
f 1968 1969 1767
f 1767 1969 1768
f 1969 1970 1768
f 1768 1970 1769
f 1970 1971 1769
f 1769 1971 1770
f 1971 1972 1770
f 1770 1972 1771
f 1972 1973 1771
f 1771 1973 1772
f 1973 1974 1772
f 1772 1974 1773
f 1974 1975 1773
f 1773 1975 1774
f 1975 1976 1774
f 1774 1976 1775
f 1976 1977 1775
f 1775 1977 1776
f 1977 1978 1776
f 1776 1978 1777
f 1978 1979 1777
f 1777 1979 1778
f 1979 1980 1778
f 1778 1980 1779
f 1980 1981 1779
f 1779 1981 1780
f 1981 1982 1780
f 1780 1982 1781
f 1982 1983 1781
f 1781 1983 1782
f 1983 1984 1782
f 1782 1984 1783
f 1984 1985 1783
f 1783 1985 1784
f 1985 1986 1784
f 1784 1986 1785
f 1986 1987 1785
f 1785 1987 1786
f 1988 1989 1787
f 1787 1989 1788
f 1989 1990 1788
f 1788 1990 1789
f 1990 1991 1789
f 1789 1991 1790
f 1991 1992 1790
f 1790 1992 1791
f 1993 1994 1792
f 1792 1994 1793
f 1994 1995 1793
f 1793 1995 1794
f 1995 1996 1794
f 1794 1996 1795
f 1996 1997 1795
f 1795 1997 1796
f 1997 1998 1796
f 1796 1998 1797
f 1998 1999 1797
f 1797 1999 1798
f 1999 2000 1798
f 1798 2000 1799
f 2000 2001 1799
f 1799 2001 1800
f 2001 2002 1800
f 1800 2002 1801
f 2002 2003 1801
f 1801 2003 1802
f 2003 2004 1802
f 1802 2004 1803
f 2004 2005 1803
f 1803 2005 1804
f 2005 2006 1804
f 1804 2006 1805
f 2006 2007 1805
f 1805 2007 1806
f 2007 2008 1806
f 1806 2008 1807
f 2008 2009 1807
f 1807 2009 1808
f 2009 2010 1808
f 1808 2010 1809
f 2010 2011 1809
f 1809 2011 1810
f 2011 2012 1810
f 1810 2012 1811
f 2012 2013 1811
f 1811 2013 1812
f 2013 2014 1812
f 1812 2014 1813
f 2014 2015 1813
f 1813 2015 1814
f 2015 2016 1814
f 1814 2016 1815
f 2016 2017 1815
f 1815 2017 1816
f 2017 2018 1816
f 1816 2018 1817
f 2018 2019 1817
f 1817 2019 1818
f 2019 2020 1818
f 1818 2020 1819
f 2020 2021 1819
f 1819 2021 1820
f 2021 2022 1820
f 1820 2022 1821
f 2022 2023 1821
f 1821 2023 1822
f 2023 2024 1822
f 1822 2024 1823
f 2024 2025 1823
f 1823 2025 1824
f 2025 2026 1824
f 1824 2026 1825
f 2026 2027 1825
f 1825 2027 1826
f 2027 2028 1826
f 1826 2028 1827
f 2028 2029 1827
f 1827 2029 1828
f 2029 2030 1828
f 1828 2030 1829
f 2030 2031 1829
f 1829 2031 1830
f 2031 2032 1830
f 1830 2032 1831
f 2032 2033 1831
f 1831 2033 1832
f 2033 2034 1832
f 1832 2034 1833
f 2034 2035 1833
f 1833 2035 1834
f 2035 2036 1834
f 1834 2036 1835
f 2036 2037 1835
f 1835 2037 1836
f 2037 2038 1836
f 1836 2038 1837
f 2038 2039 1837
f 1837 2039 1838
f 2039 2040 1838
f 1838 2040 1839
f 2040 2041 1839
f 1839 2041 1840
f 2041 2042 1840
f 1840 2042 1841
f 2042 2043 1841
f 1841 2043 1842
f 2043 2044 1842
f 1842 2044 1843
f 2044 2045 1843
f 1843 2045 1844
f 2045 2046 1844
f 1844 2046 1845
f 2046 2047 1845
f 1845 2047 1846
f 2047 2048 1846
f 1846 2048 1847
f 2048 2049 1847
f 1847 2049 1848
f 2049 2050 1848
f 1848 2050 1849
f 2050 2051 1849
f 1849 2051 1850
f 2051 2052 1850
f 1850 2052 1851
f 2052 2053 1851
f 1851 2053 1852
f 2053 2054 1852
f 1852 2054 1853
f 2054 2055 1853
f 1853 2055 1854
f 2055 2056 1854
f 1854 2056 1855
f 2056 2057 1855
f 1855 2057 1856
f 2057 2058 1856
f 1856 2058 1857
f 2058 2059 1857
f 1857 2059 1858
f 2059 2060 1858
f 1858 2060 1859
f 2060 2061 1859
f 1859 2061 1860
f 2061 2062 1860
f 1860 2062 1861
f 2062 2063 1861
f 1861 2063 1862
f 2063 2064 1862
f 1862 2064 1863
f 2064 2065 1863
f 1863 2065 1864
f 2065 2066 1864
f 1864 2066 1865
f 2066 2067 1865
f 1865 2067 1866
f 2067 2068 1866
f 1866 2068 1867
f 2068 2069 1867
f 1867 2069 1868
f 2069 2070 1868
f 1868 2070 1869
f 2070 2071 1869
f 1869 2071 1870
f 2071 2072 1870
f 1870 2072 1871
f 2072 2073 1871
f 1871 2073 1872
f 2073 2074 1872
f 1872 2074 1873
f 2074 2075 1873
f 1873 2075 1874
f 2075 2076 1874
f 1874 2076 1875
f 2076 2077 1875
f 1875 2077 1876
f 2077 2078 1876
f 1876 2078 1877
f 2078 2079 1877
f 1877 2079 1878
f 2079 2080 1878
f 1878 2080 1879
f 2080 2081 1879
f 1879 2081 1880
f 2081 2082 1880
f 1880 2082 1881
f 2082 2083 1881
f 1881 2083 1882
f 2083 2084 1882
f 1882 2084 1883
f 2084 2085 1883
f 1883 2085 1884
f 2085 2086 1884
f 1884 2086 1885
f 2086 2087 1885
f 1885 2087 1886
f 2087 2088 1886
f 1886 2088 1887
f 2088 2089 1887
f 1887 2089 1888
f 2089 2090 1888
f 1888 2090 1889
f 2090 2091 1889
f 1889 2091 1890
f 2091 2092 1890
f 1890 2092 1891
f 2092 2093 1891
f 1891 2093 1892
f 2093 2094 1892
f 1892 2094 1893
f 2094 2095 1893
f 1893 2095 1894
f 2095 2096 1894
f 1894 2096 1895
f 2096 2097 1895
f 1895 2097 1896
f 2097 2098 1896
f 1896 2098 1897
f 2098 2099 1897
f 1897 2099 1898
f 2099 2100 1898
f 1898 2100 1899
f 2100 2101 1899
f 1899 2101 1900
f 2101 2102 1900
f 1900 2102 1901
f 2102 2103 1901
f 1901 2103 1902
f 2103 2104 1902
f 1902 2104 1903
f 2104 2105 1903
f 1903 2105 1904
f 2105 2106 1904
f 1904 2106 1905
f 2106 2107 1905
f 1905 2107 1906
f 2107 2108 1906
f 1906 2108 1907
f 2108 2109 1907
f 1907 2109 1908
f 2109 2110 1908
f 1908 2110 1909
f 2110 2111 1909
f 1909 2111 1910
f 2111 2112 1910
f 1910 2112 1911
f 2112 2113 1911
f 1911 2113 1912
f 2113 2114 1912
f 1912 2114 1913
f 2114 2115 1913
f 1913 2115 1914
f 2115 2116 1914
f 1914 2116 1915
f 2116 2117 1915
f 1915 2117 1916
f 2117 2118 1916
f 1916 2118 1917
f 2118 2119 1917
f 1917 2119 1918
f 2119 2120 1918
f 1918 2120 1919
f 2120 2121 1919
f 1919 2121 1920
f 2121 2122 1920
f 1920 2122 1921
f 2122 2123 1921
f 1921 2123 1922
f 2123 2124 1922
f 1922 2124 1923
f 2124 2125 1923
f 1923 2125 1924
f 2125 2126 1924
f 1924 2126 1925
f 2126 2127 1925
f 1925 2127 1926
f 2127 2128 1926
f 1926 2128 1927
f 2128 2129 1927
f 1927 2129 1928
f 2129 2130 1928
f 1928 2130 1929
f 2131 1967 1930
f 1930 1967 1766
f 2130 2131 1929
f 1929 2131 1930
f 2132 2133 1931
f 1931 2133 1932
f 2133 2134 1932
f 1932 2134 1933
f 2135 2132 1934
f 1934 2132 1931
f 2134 2135 1933
f 1933 2135 1934
f 1992 2136 1791
f 1791 2136 1935
f 2136 2137 1935
f 1935 2137 1936
f 2137 2138 1936
f 1936 2138 1937
f 2138 2139 1937
f 1937 2139 1938
f 2139 2140 1938
f 1938 2140 1939
f 2140 2141 1939
f 1939 2141 1940
f 2141 2142 1940
f 1940 2142 1941
f 2142 2143 1941
f 1941 2143 1942
f 1987 2144 1786
f 1786 2144 1943
f 2144 2145 1943
f 1943 2145 1944
f 2145 2146 1944
f 1944 2146 1945
f 2146 2147 1945
f 1945 2147 1946
f 2147 2148 1946
f 1946 2148 1947
f 2148 2149 1947
f 1947 2149 1948
f 2149 2150 1948
f 1948 2150 1949
f 2150 2151 1949
f 1949 2151 1950
f 2152 2153 1951
f 1951 2153 1952
f 2153 2154 1952
f 1952 2154 1953
f 2155 2152 1954
f 1954 2152 1951
f 2154 2155 1953
f 1953 2155 1954
f 2157 1988 1956
f 1956 1988 1787
f 2156 2157 1955
f 1955 2157 1956
f 2159 2156 1958
f 1958 2156 1955
f 2158 2159 1957
f 1957 2159 1958
f 2161 1993 1960
f 1960 1993 1792
f 2160 2161 1959
f 1959 2161 1960
f 2143 2162 1942
f 1942 2162 1961
f 2163 2160 1962
f 1962 2160 1959
f 2162 2163 1961
f 1961 2163 1962
f 2165 2158 1964
f 1964 2158 1957
f 2164 2165 1963
f 1963 2165 1964
f 2151 2166 1950
f 1950 2166 1965
f 2167 2164 1966
f 1966 2164 1963
f 2166 2167 1965
f 1965 2167 1966
f 2170 2171 2168
f 2168 2169 2170
f 2172 2175 2174
f 2174 2173 2172
f 2172 2173 2168
f 2168 2173 2169
f 2173 2174 2169
f 2169 2174 2170
f 2175 2172 2171
f 2171 2172 2168
f 2174 2175 2170
f 2170 2175 2171
f 2222 2223 2224
f 2219 2220 2221
f 2215 2216 2217
f 2211 2212 2213
f 2207 2208 2209
f 2203 2204 2205
f 2200 2201 2202
f 2197 2198 2199
f 2195 2196 2197
f 2191 2192 2193
f 2187 2188 2189
f 2185 2186 2187
f 2182 2183 2184
f 2178 2179 2180
f 2176 2177 2178
f 2221 2222 2224
f 2218 2219 2221
f 2214 2215 2217
f 2210 2211 2213
f 2206 2207 2209
f 2202 2203 2205
f 2199 2200 2202
f 2195 2197 2199
f 2190 2191 2193
f 2185 2187 2189
f 2181 2182 2184
f 2176 2178 2180
f 2218 2221 2224
f 2199 2202 2205
f 2194 2195 2199
f 2224 2176 2180
f 2217 2218 2224
f 2199 2205 2206
f 2217 2224 2180
f 2199 2206 2209
f 2217 2180 2181
f 2199 2209 2210
f 2217 2181 2184
f 2199 2210 2213
f 2217 2184 2185
f 2199 2213 2214
f 2217 2185 2189
f 2199 2214 2217
f 2217 2189 2190
f 2194 2199 2217
f 2217 2190 2193
f 2193 2194 2217
f 2273 2272 2271
f 2270 2269 2268
f 2266 2265 2264
f 2262 2261 2260
f 2258 2257 2256
f 2254 2253 2252
f 2251 2250 2249
f 2248 2247 2246
f 2246 2245 2244
f 2242 2241 2240
f 2238 2237 2236
f 2236 2235 2234
f 2233 2232 2231
f 2229 2228 2227
f 2227 2226 2225
f 2273 2271 2270
f 2270 2268 2267
f 2266 2264 2263
f 2262 2260 2259
f 2258 2256 2255
f 2254 2252 2251
f 2251 2249 2248
f 2248 2246 2244
f 2242 2240 2239
f 2238 2236 2234
f 2233 2231 2230
f 2229 2227 2225
f 2273 2270 2267
f 2254 2251 2248
f 2248 2244 2243
f 2229 2225 2273
f 2273 2267 2266
f 2255 2254 2248
f 2229 2273 2266
f 2258 2255 2248
f 2230 2229 2266
f 2259 2258 2248
f 2233 2230 2266
f 2262 2259 2248
f 2234 2233 2266
f 2263 2262 2248
f 2238 2234 2266
f 2266 2263 2248
f 2239 2238 2266
f 2266 2248 2243
f 2242 2239 2266
f 2266 2243 2242
f 2225 2226 2176
f 2176 2226 2177
f 2226 2227 2177
f 2177 2227 2178
f 2227 2228 2178
f 2178 2228 2179
f 2228 2229 2179
f 2179 2229 2180
f 2229 2230 2180
f 2180 2230 2181
f 2230 2231 2181
f 2181 2231 2182
f 2231 2232 2182
f 2182 2232 2183
f 2232 2233 2183
f 2183 2233 2184
f 2233 2234 2184
f 2184 2234 2185
f 2234 2235 2185
f 2185 2235 2186
f 2235 2236 2186
f 2186 2236 2187
f 2236 2237 2187
f 2187 2237 2188
f 2237 2238 2188
f 2188 2238 2189
f 2238 2239 2189
f 2189 2239 2190
f 2239 2240 2190
f 2190 2240 2191
f 2240 2241 2191
f 2191 2241 2192
f 2241 2242 2192
f 2192 2242 2193
f 2242 2243 2193
f 2193 2243 2194
f 2243 2244 2194
f 2194 2244 2195
f 2244 2245 2195
f 2195 2245 2196
f 2245 2246 2196
f 2196 2246 2197
f 2246 2247 2197
f 2197 2247 2198
f 2247 2248 2198
f 2198 2248 2199
f 2248 2249 2199
f 2199 2249 2200
f 2249 2250 2200
f 2200 2250 2201
f 2250 2251 2201
f 2201 2251 2202
f 2251 2252 2202
f 2202 2252 2203
f 2252 2253 2203
f 2203 2253 2204
f 2253 2254 2204
f 2204 2254 2205
f 2254 2255 2205
f 2205 2255 2206
f 2255 2256 2206
f 2206 2256 2207
f 2256 2257 2207
f 2207 2257 2208
f 2257 2258 2208
f 2208 2258 2209
f 2258 2259 2209
f 2209 2259 2210
f 2259 2260 2210
f 2210 2260 2211
f 2260 2261 2211
f 2211 2261 2212
f 2261 2262 2212
f 2212 2262 2213
f 2262 2263 2213
f 2213 2263 2214
f 2263 2264 2214
f 2214 2264 2215
f 2264 2265 2215
f 2215 2265 2216
f 2265 2266 2216
f 2216 2266 2217
f 2266 2267 2217
f 2217 2267 2218
f 2267 2268 2218
f 2218 2268 2219
f 2268 2269 2219
f 2219 2269 2220
f 2269 2270 2220
f 2220 2270 2221
f 2270 2271 2221
f 2221 2271 2222
f 2271 2272 2222
f 2222 2272 2223
f 2273 2225 2224
f 2224 2225 2176
f 2272 2273 2223
f 2223 2273 2224
f 2276 2277 2274
f 2274 2275 2276
f 2278 2281 2280
f 2280 2279 2278
f 2278 2279 2274
f 2274 2279 2275
f 2279 2280 2275
f 2275 2280 2276
f 2281 2278 2277
f 2277 2278 2274
f 2280 2281 2276
f 2276 2281 2277
f 2284 2285 2282
f 2282 2283 2284
f 2286 2289 2288
f 2288 2287 2286
f 2286 2287 2282
f 2282 2287 2283
f 2287 2288 2283
f 2283 2288 2284
f 2289 2286 2285
f 2285 2286 2282
f 2288 2289 2284
f 2284 2289 2285
f 2293 2294 2290
f 2291 2292 2293
f 2293 2290 2291
f 2295 2299 2298
f 2298 2297 2296
f 2296 2295 2298
f 2295 2296 2290
f 2290 2296 2291
f 2296 2297 2291
f 2291 2297 2292
f 2297 2298 2292
f 2292 2298 2293
f 2299 2295 2294
f 2294 2295 2290
f 2298 2299 2293
f 2293 2299 2294
f 2313 2314 2300
f 2311 2312 2313
f 2308 2309 2310
f 2305 2306 2307
f 2303 2304 2305
f 2301 2302 2303
f 2313 2300 2301
f 2310 2311 2313
f 2307 2308 2310
f 2303 2305 2307
f 2313 2301 2303
f 2307 2310 2313
f 2313 2303 2307
f 2315 2329 2328
f 2328 2327 2326
f 2325 2324 2323
f 2322 2321 2320
f 2320 2319 2318
f 2318 2317 2316
f 2316 2315 2328
f 2328 2326 2325
f 2325 2323 2322
f 2322 2320 2318
f 2318 2316 2328
f 2328 2325 2322
f 2322 2318 2328
f 2315 2316 2300
f 2300 2316 2301
f 2316 2317 2301
f 2301 2317 2302
f 2317 2318 2302
f 2302 2318 2303
f 2318 2319 2303
f 2303 2319 2304
f 2319 2320 2304
f 2304 2320 2305
f 2320 2321 2305
f 2305 2321 2306
f 2321 2322 2306
f 2306 2322 2307
f 2322 2323 2307
f 2307 2323 2308
f 2323 2324 2308
f 2308 2324 2309
f 2324 2325 2309
f 2309 2325 2310
f 2325 2326 2310
f 2310 2326 2311
f 2326 2327 2311
f 2311 2327 2312
f 2327 2328 2312
f 2312 2328 2313
f 2329 2315 2314
f 2314 2315 2300
f 2328 2329 2313
f 2313 2329 2314
f 2338 2339 2330
f 2334 2335 2336
f 2338 2330 2331
f 2333 2334 2336
f 2338 2331 2332
f 2333 2336 2337
f 2337 2338 2332
f 2332 2333 2337
f 2340 2349 2348
f 2346 2345 2344
f 2341 2340 2348
f 2346 2344 2343
f 2342 2341 2348
f 2347 2346 2343
f 2342 2348 2347
f 2347 2343 2342
f 2340 2341 2330
f 2330 2341 2331
f 2341 2342 2331
f 2331 2342 2332
f 2342 2343 2332
f 2332 2343 2333
f 2343 2344 2333
f 2333 2344 2334
f 2344 2345 2334
f 2334 2345 2335
f 2345 2346 2335
f 2335 2346 2336
f 2346 2347 2336
f 2336 2347 2337
f 2347 2348 2337
f 2337 2348 2338
f 2349 2340 2339
f 2339 2340 2330
f 2348 2349 2338
f 2338 2349 2339
f 2358 2359 2350
f 2354 2355 2356
f 2358 2350 2351
f 2353 2354 2356
f 2358 2351 2352
f 2353 2356 2357
f 2357 2358 2352
f 2352 2353 2357
f 2360 2369 2368
f 2366 2365 2364
f 2361 2360 2368
f 2366 2364 2363
f 2362 2361 2368
f 2367 2366 2363
f 2362 2368 2367
f 2367 2363 2362
f 2360 2361 2350
f 2350 2361 2351
f 2361 2362 2351
f 2351 2362 2352
f 2362 2363 2352
f 2352 2363 2353
f 2363 2364 2353
f 2353 2364 2354
f 2364 2365 2354
f 2354 2365 2355
f 2365 2366 2355
f 2355 2366 2356
f 2366 2367 2356
f 2356 2367 2357
f 2367 2368 2357
f 2357 2368 2358
f 2369 2360 2359
f 2359 2360 2350
f 2368 2369 2358
f 2358 2369 2359
f 2378 2379 2370
f 2374 2375 2376
f 2378 2370 2371
f 2373 2374 2376
f 2378 2371 2372
f 2373 2376 2377
f 2377 2378 2372
f 2372 2373 2377
f 2380 2389 2388
f 2386 2385 2384
f 2381 2380 2388
f 2386 2384 2383
f 2382 2381 2388
f 2387 2386 2383
f 2382 2388 2387
f 2387 2383 2382
f 2380 2381 2370
f 2370 2381 2371
f 2381 2382 2371
f 2371 2382 2372
f 2382 2383 2372
f 2372 2383 2373
f 2383 2384 2373
f 2373 2384 2374
f 2384 2385 2374
f 2374 2385 2375
f 2385 2386 2375
f 2375 2386 2376
f 2386 2387 2376
f 2376 2387 2377
f 2387 2388 2377
f 2377 2388 2378
f 2389 2380 2379
f 2379 2380 2370
f 2388 2389 2378
f 2378 2389 2379
f 2398 2399 2390
f 2394 2395 2396
f 2398 2390 2391
f 2393 2394 2396
f 2398 2391 2392
f 2393 2396 2397
f 2397 2398 2392
f 2392 2393 2397
f 2400 2409 2408
f 2406 2405 2404
f 2401 2400 2408
f 2406 2404 2403
f 2402 2401 2408
f 2407 2406 2403
f 2402 2408 2407
f 2407 2403 2402
f 2400 2401 2390
f 2390 2401 2391
f 2401 2402 2391
f 2391 2402 2392
f 2402 2403 2392
f 2392 2403 2393
f 2403 2404 2393
f 2393 2404 2394
f 2404 2405 2394
f 2394 2405 2395
f 2405 2406 2395
f 2395 2406 2396
f 2406 2407 2396
f 2396 2407 2397
f 2407 2408 2397
f 2397 2408 2398
f 2409 2400 2399
f 2399 2400 2390
f 2408 2409 2398
f 2398 2409 2399
f 2412 2413 2410
f 2410 2411 2412
f 2414 2417 2416
f 2416 2415 2414
f 2414 2415 2410
f 2410 2415 2411
f 2415 2416 2411
f 2411 2416 2412
f 2417 2414 2413
f 2413 2414 2410
f 2416 2417 2412
f 2412 2417 2413
f 2420 2421 2418
f 2418 2419 2420
f 2422 2425 2424
f 2424 2423 2422
f 2422 2423 2418
f 2418 2423 2419
f 2423 2424 2419
f 2419 2424 2420
f 2425 2422 2421
f 2421 2422 2418
f 2424 2425 2420
f 2420 2425 2421
f 2428 2429 2426
f 2426 2427 2428
f 2430 2433 2432
f 2432 2431 2430
f 2430 2431 2426
f 2426 2431 2427
f 2431 2432 2427
f 2427 2432 2428
f 2433 2430 2429
f 2429 2430 2426
f 2432 2433 2428
f 2428 2433 2429
f 2436 2437 2434
f 2434 2435 2436
f 2438 2441 2440
f 2440 2439 2438
f 2438 2439 2434
f 2434 2439 2435
f 2439 2440 2435
f 2435 2440 2436
f 2441 2438 2437
f 2437 2438 2434
f 2440 2441 2436
f 2436 2441 2437
f 2444 2445 2442
f 2442 2443 2444
f 2446 2449 2448
f 2448 2447 2446
f 2446 2447 2442
f 2442 2447 2443
f 2447 2448 2443
f 2443 2448 2444
f 2449 2446 2445
f 2445 2446 2442
f 2448 2449 2444
f 2444 2449 2445
f 2452 2453 2450
f 2450 2451 2452
f 2454 2457 2456
f 2456 2455 2454
f 2454 2455 2450
f 2450 2455 2451
f 2455 2456 2451
f 2451 2456 2452
f 2457 2454 2453
f 2453 2454 2450
f 2456 2457 2452
f 2452 2457 2453
f 2460 2461 2458
f 2458 2459 2460
f 2462 2465 2464
f 2464 2463 2462
f 2462 2463 2458
f 2458 2463 2459
f 2463 2464 2459
f 2459 2464 2460
f 2465 2462 2461
f 2461 2462 2458
f 2464 2465 2460
f 2460 2465 2461
f 2468 2469 2466
f 2466 2467 2468
f 2470 2473 2472
f 2472 2471 2470
f 2470 2471 2466
f 2466 2471 2467
f 2471 2472 2467
f 2467 2472 2468
f 2473 2470 2469
f 2469 2470 2466
f 2472 2473 2468
f 2468 2473 2469
f 2476 2477 2474
f 2474 2475 2476
f 2478 2481 2480
f 2480 2479 2478
f 2478 2479 2474
f 2474 2479 2475
f 2479 2480 2475
f 2475 2480 2476
f 2481 2478 2477
f 2477 2478 2474
f 2480 2481 2476
f 2476 2481 2477
f 2484 2485 2482
f 2482 2483 2484
f 2486 2489 2488
f 2488 2487 2486
f 2486 2487 2482
f 2482 2487 2483
f 2487 2488 2483
f 2483 2488 2484
f 2489 2486 2485
f 2485 2486 2482
f 2488 2489 2484
f 2484 2489 2485
f 2492 2493 2490
f 2490 2491 2492
f 2494 2497 2496
f 2496 2495 2494
f 2494 2495 2490
f 2490 2495 2491
f 2495 2496 2491
f 2491 2496 2492
f 2497 2494 2493
f 2493 2494 2490
f 2496 2497 2492
f 2492 2497 2493
f 2500 2501 2498
f 2498 2499 2500
f 2502 2505 2504
f 2504 2503 2502
f 2502 2503 2498
f 2498 2503 2499
f 2503 2504 2499
f 2499 2504 2500
f 2505 2502 2501
f 2501 2502 2498
f 2504 2505 2500
f 2500 2505 2501
f 2508 2509 2506
f 2506 2507 2508
f 2510 2513 2512
f 2512 2511 2510
f 2510 2511 2506
f 2506 2511 2507
f 2511 2512 2507
f 2507 2512 2508
f 2513 2510 2509
f 2509 2510 2506
f 2512 2513 2508
f 2508 2513 2509
f 2516 2517 2514
f 2514 2515 2516
f 2518 2521 2520
f 2520 2519 2518
f 2518 2519 2514
f 2514 2519 2515
f 2519 2520 2515
f 2515 2520 2516
f 2521 2518 2517
f 2517 2518 2514
f 2520 2521 2516
f 2516 2521 2517
f 2524 2525 2522
f 2522 2523 2524
f 2526 2529 2528
f 2528 2527 2526
f 2526 2527 2522
f 2522 2527 2523
f 2527 2528 2523
f 2523 2528 2524
f 2529 2526 2525
f 2525 2526 2522
f 2528 2529 2524
f 2524 2529 2525
f 2532 2533 2530
f 2530 2531 2532
f 2534 2537 2536
f 2536 2535 2534
f 2534 2535 2530
f 2530 2535 2531
f 2535 2536 2531
f 2531 2536 2532
f 2537 2534 2533
f 2533 2534 2530
f 2536 2537 2532
f 2532 2537 2533
f 2539 2538 2607
f 2541 2540 2539
f 2543 2542 2541
f 2606 2605 2604
f 2544 2543 2541
f 2606 2604 2603
f 2545 2544 2541
f 2606 2603 2602
f 2546 2545 2541
f 2606 2602 2601
f 2547 2546 2541
f 2606 2601 2600
f 2547 2541 2539
f 2606 2600 2599
f 2548 2547 2539
f 2606 2599 2598
f 2549 2548 2539
f 2606 2598 2597
f 2550 2549 2539
f 2606 2597 2596
f 2551 2550 2539
f 2606 2596 2595
f 2552 2551 2539
f 2606 2595 2594
f 2553 2552 2539
f 2607 2606 2594
f 2554 2553 2539
f 2607 2594 2593
f 2555 2554 2539
f 2607 2593 2592
f 2556 2555 2539
f 2607 2592 2591
f 2557 2556 2539
f 2607 2591 2590
f 2558 2557 2539
f 2607 2590 2589
f 2559 2558 2539
f 2539 2607 2589
f 2560 2559 2539
f 2539 2589 2588
f 2561 2560 2539
f 2539 2588 2587
f 2562 2561 2539
f 2539 2587 2586
f 2563 2562 2539
f 2539 2586 2585
f 2564 2563 2539
f 2539 2585 2584
f 2565 2564 2539
f 2539 2584 2583
f 2566 2565 2539
f 2539 2583 2582
f 2567 2566 2539
f 2539 2582 2581
f 2568 2567 2539
f 2539 2581 2580
f 2569 2568 2539
f 2539 2580 2579
f 2570 2569 2539
f 2539 2579 2578
f 2571 2570 2539
f 2539 2578 2577
f 2572 2571 2539
f 2539 2577 2576
f 2573 2572 2539
f 2539 2576 2575
f 2574 2573 2539
f 2539 2575 2574
f 2677 2608 2609
f 2609 2610 2611
f 2611 2612 2613
f 2674 2675 2676
f 2611 2613 2614
f 2673 2674 2676
f 2611 2614 2615
f 2672 2673 2676
f 2611 2615 2616
f 2671 2672 2676
f 2611 2616 2617
f 2670 2671 2676
f 2609 2611 2617
f 2669 2670 2676
f 2609 2617 2618
f 2668 2669 2676
f 2609 2618 2619
f 2667 2668 2676
f 2609 2619 2620
f 2666 2667 2676
f 2609 2620 2621
f 2665 2666 2676
f 2609 2621 2622
f 2664 2665 2676
f 2609 2622 2623
f 2664 2676 2677
f 2609 2623 2624
f 2663 2664 2677
f 2609 2624 2625
f 2662 2663 2677
f 2609 2625 2626
f 2661 2662 2677
f 2609 2626 2627
f 2660 2661 2677
f 2609 2627 2628
f 2659 2660 2677
f 2609 2628 2629
f 2659 2677 2609
f 2609 2629 2630
f 2658 2659 2609
f 2609 2630 2631
f 2657 2658 2609
f 2609 2631 2632
f 2656 2657 2609
f 2609 2632 2633
f 2655 2656 2609
f 2609 2633 2634
f 2654 2655 2609
f 2609 2634 2635
f 2653 2654 2609
f 2609 2635 2636
f 2652 2653 2609
f 2609 2636 2637
f 2651 2652 2609
f 2609 2637 2638
f 2650 2651 2609
f 2609 2638 2639
f 2649 2650 2609
f 2609 2639 2640
f 2648 2649 2609
f 2609 2640 2641
f 2647 2648 2609
f 2609 2641 2642
f 2646 2647 2609
f 2609 2642 2643
f 2645 2646 2609
f 2609 2643 2644
f 2644 2645 2609
f 2609 2608 2539
f 2539 2608 2538
f 2610 2609 2540
f 2540 2609 2539
f 2611 2610 2541
f 2541 2610 2540
f 2612 2611 2542
f 2542 2611 2541
f 2613 2612 2543
f 2543 2612 2542
f 2614 2613 2544
f 2544 2613 2543
f 2615 2614 2545
f 2545 2614 2544
f 2616 2615 2546
f 2546 2615 2545
f 2617 2616 2547
f 2547 2616 2546
f 2618 2617 2548
f 2548 2617 2547
f 2619 2618 2549
f 2549 2618 2548
f 2620 2619 2550
f 2550 2619 2549
f 2621 2620 2551
f 2551 2620 2550
f 2622 2621 2552
f 2552 2621 2551
f 2623 2622 2553
f 2553 2622 2552
f 2624 2623 2554
f 2554 2623 2553
f 2625 2624 2555
f 2555 2624 2554
f 2626 2625 2556
f 2556 2625 2555
f 2627 2626 2557
f 2557 2626 2556
f 2628 2627 2558
f 2558 2627 2557
f 2629 2628 2559
f 2559 2628 2558
f 2630 2629 2560
f 2560 2629 2559
f 2631 2630 2561
f 2561 2630 2560
f 2632 2631 2562
f 2562 2631 2561
f 2633 2632 2563
f 2563 2632 2562
f 2634 2633 2564
f 2564 2633 2563
f 2635 2634 2565
f 2565 2634 2564
f 2636 2635 2566
f 2566 2635 2565
f 2637 2636 2567
f 2567 2636 2566
f 2638 2637 2568
f 2568 2637 2567
f 2639 2638 2569
f 2569 2638 2568
f 2640 2639 2570
f 2570 2639 2569
f 2641 2640 2571
f 2571 2640 2570
f 2642 2641 2572
f 2572 2641 2571
f 2643 2642 2573
f 2573 2642 2572
f 2644 2643 2574
f 2574 2643 2573
f 2645 2644 2575
f 2575 2644 2574
f 2646 2645 2576
f 2576 2645 2575
f 2647 2646 2577
f 2577 2646 2576
f 2648 2647 2578
f 2578 2647 2577
f 2649 2648 2579
f 2579 2648 2578
f 2650 2649 2580
f 2580 2649 2579
f 2651 2650 2581
f 2581 2650 2580
f 2652 2651 2582
f 2582 2651 2581
f 2653 2652 2583
f 2583 2652 2582
f 2654 2653 2584
f 2584 2653 2583
f 2655 2654 2585
f 2585 2654 2584
f 2656 2655 2586
f 2586 2655 2585
f 2657 2656 2587
f 2587 2656 2586
f 2658 2657 2588
f 2588 2657 2587
f 2659 2658 2589
f 2589 2658 2588
f 2660 2659 2590
f 2590 2659 2589
f 2661 2660 2591
f 2591 2660 2590
f 2662 2661 2592
f 2592 2661 2591
f 2663 2662 2593
f 2593 2662 2592
f 2664 2663 2594
f 2594 2663 2593
f 2665 2664 2595
f 2595 2664 2594
f 2666 2665 2596
f 2596 2665 2595
f 2667 2666 2597
f 2597 2666 2596
f 2668 2667 2598
f 2598 2667 2597
f 2669 2668 2599
f 2599 2668 2598
f 2670 2669 2600
f 2600 2669 2599
f 2671 2670 2601
f 2601 2670 2600
f 2672 2671 2602
f 2602 2671 2601
f 2673 2672 2603
f 2603 2672 2602
f 2674 2673 2604
f 2604 2673 2603
f 2675 2674 2605
f 2605 2674 2604
f 2676 2675 2606
f 2606 2675 2605
f 2608 2677 2538
f 2538 2677 2607
f 2677 2676 2607
f 2607 2676 2606
f 2679 2678 2747
f 2681 2680 2679
f 2683 2682 2681
f 2746 2745 2744
f 2684 2683 2681
f 2746 2744 2743
f 2685 2684 2681
f 2746 2743 2742
f 2686 2685 2681
f 2746 2742 2741
f 2687 2686 2681
f 2746 2741 2740
f 2687 2681 2679
f 2746 2740 2739
f 2688 2687 2679
f 2746 2739 2738
f 2689 2688 2679
f 2746 2738 2737
f 2690 2689 2679
f 2746 2737 2736
f 2691 2690 2679
f 2746 2736 2735
f 2692 2691 2679
f 2746 2735 2734
f 2693 2692 2679
f 2747 2746 2734
f 2694 2693 2679
f 2747 2734 2733
f 2695 2694 2679
f 2747 2733 2732
f 2696 2695 2679
f 2747 2732 2731
f 2697 2696 2679
f 2747 2731 2730
f 2698 2697 2679
f 2747 2730 2729
f 2699 2698 2679
f 2679 2747 2729
f 2700 2699 2679
f 2679 2729 2728
f 2701 2700 2679
f 2679 2728 2727
f 2702 2701 2679
f 2679 2727 2726
f 2703 2702 2679
f 2679 2726 2725
f 2704 2703 2679
f 2679 2725 2724
f 2705 2704 2679
f 2679 2724 2723
f 2706 2705 2679
f 2679 2723 2722
f 2707 2706 2679
f 2679 2722 2721
f 2708 2707 2679
f 2679 2721 2720
f 2709 2708 2679
f 2679 2720 2719
f 2710 2709 2679
f 2679 2719 2718
f 2711 2710 2679
f 2679 2718 2717
f 2712 2711 2679
f 2679 2717 2716
f 2713 2712 2679
f 2679 2716 2715
f 2714 2713 2679
f 2679 2715 2714
f 2817 2748 2749
f 2749 2750 2751
f 2751 2752 2753
f 2814 2815 2816
f 2751 2753 2754
f 2813 2814 2816
f 2751 2754 2755
f 2812 2813 2816
f 2751 2755 2756
f 2811 2812 2816
f 2751 2756 2757
f 2810 2811 2816
f 2749 2751 2757
f 2809 2810 2816
f 2749 2757 2758
f 2808 2809 2816
f 2749 2758 2759
f 2807 2808 2816
f 2749 2759 2760
f 2806 2807 2816
f 2749 2760 2761
f 2805 2806 2816
f 2749 2761 2762
f 2804 2805 2816
f 2749 2762 2763
f 2804 2816 2817
f 2749 2763 2764
f 2803 2804 2817
f 2749 2764 2765
f 2802 2803 2817
f 2749 2765 2766
f 2801 2802 2817
f 2749 2766 2767
f 2800 2801 2817
f 2749 2767 2768
f 2799 2800 2817
f 2749 2768 2769
f 2799 2817 2749
f 2749 2769 2770
f 2798 2799 2749
f 2749 2770 2771
f 2797 2798 2749
f 2749 2771 2772
f 2796 2797 2749
f 2749 2772 2773
f 2795 2796 2749
f 2749 2773 2774
f 2794 2795 2749
f 2749 2774 2775
f 2793 2794 2749
f 2749 2775 2776
f 2792 2793 2749
f 2749 2776 2777
f 2791 2792 2749
f 2749 2777 2778
f 2790 2791 2749
f 2749 2778 2779
f 2789 2790 2749
f 2749 2779 2780
f 2788 2789 2749
f 2749 2780 2781
f 2787 2788 2749
f 2749 2781 2782
f 2786 2787 2749
f 2749 2782 2783
f 2785 2786 2749
f 2749 2783 2784
f 2784 2785 2749
f 2749 2748 2679
f 2679 2748 2678
f 2750 2749 2680
f 2680 2749 2679
f 2751 2750 2681
f 2681 2750 2680
f 2752 2751 2682
f 2682 2751 2681
f 2753 2752 2683
f 2683 2752 2682
f 2754 2753 2684
f 2684 2753 2683
f 2755 2754 2685
f 2685 2754 2684
f 2756 2755 2686
f 2686 2755 2685
f 2757 2756 2687
f 2687 2756 2686
f 2758 2757 2688
f 2688 2757 2687
f 2759 2758 2689
f 2689 2758 2688
f 2760 2759 2690
f 2690 2759 2689
f 2761 2760 2691
f 2691 2760 2690
f 2762 2761 2692
f 2692 2761 2691
f 2763 2762 2693
f 2693 2762 2692
f 2764 2763 2694
f 2694 2763 2693
f 2765 2764 2695
f 2695 2764 2694
f 2766 2765 2696
f 2696 2765 2695
f 2767 2766 2697
f 2697 2766 2696
f 2768 2767 2698
f 2698 2767 2697
f 2769 2768 2699
f 2699 2768 2698
f 2770 2769 2700
f 2700 2769 2699
f 2771 2770 2701
f 2701 2770 2700
f 2772 2771 2702
f 2702 2771 2701
f 2773 2772 2703
f 2703 2772 2702
f 2774 2773 2704
f 2704 2773 2703
f 2775 2774 2705
f 2705 2774 2704
f 2776 2775 2706
f 2706 2775 2705
f 2777 2776 2707
f 2707 2776 2706
f 2778 2777 2708
f 2708 2777 2707
f 2779 2778 2709
f 2709 2778 2708
f 2780 2779 2710
f 2710 2779 2709
f 2781 2780 2711
f 2711 2780 2710
f 2782 2781 2712
f 2712 2781 2711
f 2783 2782 2713
f 2713 2782 2712
f 2784 2783 2714
f 2714 2783 2713
f 2785 2784 2715
f 2715 2784 2714
f 2786 2785 2716
f 2716 2785 2715
f 2787 2786 2717
f 2717 2786 2716
f 2788 2787 2718
f 2718 2787 2717
f 2789 2788 2719
f 2719 2788 2718
f 2790 2789 2720
f 2720 2789 2719
f 2791 2790 2721
f 2721 2790 2720
f 2792 2791 2722
f 2722 2791 2721
f 2793 2792 2723
f 2723 2792 2722
f 2794 2793 2724
f 2724 2793 2723
f 2795 2794 2725
f 2725 2794 2724
f 2796 2795 2726
f 2726 2795 2725
f 2797 2796 2727
f 2727 2796 2726
f 2798 2797 2728
f 2728 2797 2727
f 2799 2798 2729
f 2729 2798 2728
f 2800 2799 2730
f 2730 2799 2729
f 2801 2800 2731
f 2731 2800 2730
f 2802 2801 2732
f 2732 2801 2731
f 2803 2802 2733
f 2733 2802 2732
f 2804 2803 2734
f 2734 2803 2733
f 2805 2804 2735
f 2735 2804 2734
f 2806 2805 2736
f 2736 2805 2735
f 2807 2806 2737
f 2737 2806 2736
f 2808 2807 2738
f 2738 2807 2737
f 2809 2808 2739
f 2739 2808 2738
f 2810 2809 2740
f 2740 2809 2739
f 2811 2810 2741
f 2741 2810 2740
f 2812 2811 2742
f 2742 2811 2741
f 2813 2812 2743
f 2743 2812 2742
f 2814 2813 2744
f 2744 2813 2743
f 2815 2814 2745
f 2745 2814 2744
f 2816 2815 2746
f 2746 2815 2745
f 2748 2817 2678
f 2678 2817 2747
f 2817 2816 2747
f 2747 2816 2746
f 2818 2821 2820
f 2820 2819 2818
f 2824 2825 2822
f 2822 2823 2824
f 2818 2823 2822
f 2819 2823 2818
f 2819 2824 2823
f 2820 2824 2819
f 2821 2822 2825
f 2818 2822 2821
f 2820 2825 2824
f 2821 2825 2820
f 2826 2829 2828
f 2828 2827 2826
f 2832 2833 2830
f 2830 2831 2832
f 2826 2831 2830
f 2827 2831 2826
f 2827 2832 2831
f 2828 2832 2827
f 2829 2830 2833
f 2826 2830 2829
f 2828 2833 2832
f 2829 2833 2828
f 2837 2834 2835
f 2835 2836 2837
f 2839 2838 2841
f 2841 2840 2839
f 2835 2838 2839
f 2834 2838 2835
f 2836 2839 2840
f 2835 2839 2836
f 2834 2841 2838
f 2837 2841 2834
f 2837 2840 2841
f 2836 2840 2837
f 2845 2842 2843
f 2843 2844 2845
f 2847 2846 2849
f 2849 2848 2847
f 2843 2846 2847
f 2842 2846 2843
f 2844 2847 2848
f 2843 2847 2844
f 2842 2849 2846
f 2845 2849 2842
f 2845 2848 2849
f 2844 2848 2845
f 2851 2850 2852
f 2855 2853 2854
f 2854 2853 2851
f 2851 2853 2850
f 2853 2855 2850
f 2850 2855 2852
f 2855 2854 2852
f 2852 2854 2851
f 2857 2856 2858
f 2861 2859 2860
f 2860 2859 2857
f 2857 2859 2856
f 2859 2861 2856
f 2856 2861 2858
f 2861 2860 2858
f 2858 2860 2857
f 2926 2927 2862
f 2924 2925 2926
f 2909 2910 2911
f 2893 2894 2895
f 2891 2892 2893
f 2889 2890 2891
f 2887 2888 2889
f 2885 2886 2887
f 2883 2884 2885
f 2881 2882 2883
f 2879 2880 2881
f 2876 2877 2878
f 2873 2874 2875
f 2871 2872 2873
f 2869 2870 2871
f 2867 2868 2869
f 2865 2866 2867
f 2863 2864 2865
f 2926 2862 2863
f 2923 2924 2926
f 2908 2909 2911
f 2893 2895 2896
f 2889 2891 2893
f 2885 2887 2889
f 2881 2883 2885
f 2878 2879 2881
f 2875 2876 2878
f 2871 2873 2875
f 2867 2869 2871
f 2863 2865 2867
f 2923 2926 2863
f 2893 2896 2897
f 2885 2889 2893
f 2878 2881 2885
f 2871 2875 2878
f 2863 2867 2871
f 2922 2923 2863
f 2893 2897 2898
f 2878 2885 2893
f 2863 2871 2878
f 2921 2922 2863
f 2893 2898 2899
f 2920 2921 2863
f 2893 2899 2900
f 2919 2920 2863
f 2893 2900 2901
f 2918 2919 2863
f 2893 2901 2902
f 2917 2918 2863
f 2878 2893 2902
f 2917 2863 2878
f 2878 2902 2903
f 2916 2917 2878
f 2878 2903 2904
f 2915 2916 2878
f 2878 2904 2905
f 2914 2915 2878
f 2878 2905 2906
f 2913 2914 2878
f 2878 2906 2907
f 2912 2913 2878
f 2878 2907 2908
f 2911 2912 2878
f 2878 2908 2911
f 2928 2993 2992
f 2992 2991 2990
f 2977 2976 2975
f 2961 2960 2959
f 2959 2958 2957
f 2957 2956 2955
f 2955 2954 2953
f 2953 2952 2951
f 2951 2950 2949
f 2949 2948 2947
f 2947 2946 2945
f 2944 2943 2942
f 2941 2940 2939
f 2939 2938 2937
f 2937 2936 2935
f 2935 2934 2933
f 2933 2932 2931
f 2931 2930 2929
f 2929 2928 2992
f 2992 2990 2989
f 2977 2975 2974
f 2962 2961 2959
f 2959 2957 2955
f 2955 2953 2951
f 2951 2949 2947
f 2947 2945 2944
f 2944 2942 2941
f 2941 2939 2937
f 2937 2935 2933
f 2933 2931 2929
f 2929 2992 2989
f 2963 2962 2959
f 2959 2955 2951
f 2951 2947 2944
f 2944 2941 2937
f 2937 2933 2929
f 2929 2989 2988
f 2964 2963 2959
f 2959 2951 2944
f 2944 2937 2929
f 2929 2988 2987
f 2965 2964 2959
f 2929 2987 2986
f 2966 2965 2959
f 2929 2986 2985
f 2967 2966 2959
f 2929 2985 2984
f 2968 2967 2959
f 2929 2984 2983
f 2968 2959 2944
f 2944 2929 2983
f 2969 2968 2944
f 2944 2983 2982
f 2970 2969 2944
f 2944 2982 2981
f 2971 2970 2944
f 2944 2981 2980
f 2972 2971 2944
f 2944 2980 2979
f 2973 2972 2944
f 2944 2979 2978
f 2974 2973 2944
f 2944 2978 2977
f 2977 2974 2944
f 2928 2929 2862
f 2862 2929 2863
f 2929 2930 2863
f 2863 2930 2864
f 2930 2931 2864
f 2864 2931 2865
f 2931 2932 2865
f 2865 2932 2866
f 2932 2933 2866
f 2866 2933 2867
f 2933 2934 2867
f 2867 2934 2868
f 2934 2935 2868
f 2868 2935 2869
f 2935 2936 2869
f 2869 2936 2870
f 2936 2937 2870
f 2870 2937 2871
f 2937 2938 2871
f 2871 2938 2872
f 2938 2939 2872
f 2872 2939 2873
f 2939 2940 2873
f 2873 2940 2874
f 2940 2941 2874
f 2874 2941 2875
f 2941 2942 2875
f 2875 2942 2876
f 2942 2943 2876
f 2876 2943 2877
f 2943 2944 2877
f 2877 2944 2878
f 2944 2945 2878
f 2878 2945 2879
f 2945 2946 2879
f 2879 2946 2880
f 2946 2947 2880
f 2880 2947 2881
f 2947 2948 2881
f 2881 2948 2882
f 2948 2949 2882
f 2882 2949 2883
f 2949 2950 2883
f 2883 2950 2884
f 2950 2951 2884
f 2884 2951 2885
f 2951 2952 2885
f 2885 2952 2886
f 2952 2953 2886
f 2886 2953 2887
f 2953 2954 2887
f 2887 2954 2888
f 2954 2955 2888
f 2888 2955 2889
f 2955 2956 2889
f 2889 2956 2890
f 2956 2957 2890
f 2890 2957 2891
f 2957 2958 2891
f 2891 2958 2892
f 2958 2959 2892
f 2892 2959 2893
f 2959 2960 2893
f 2893 2960 2894
f 2960 2961 2894
f 2894 2961 2895
f 2961 2962 2895
f 2895 2962 2896
f 2962 2963 2896
f 2896 2963 2897
f 2963 2964 2897
f 2897 2964 2898
f 2964 2965 2898
f 2898 2965 2899
f 2965 2966 2899
f 2899 2966 2900
f 2966 2967 2900
f 2900 2967 2901
f 2967 2968 2901
f 2901 2968 2902
f 2968 2969 2902
f 2902 2969 2903
f 2969 2970 2903
f 2903 2970 2904
f 2970 2971 2904
f 2904 2971 2905
f 2971 2972 2905
f 2905 2972 2906
f 2972 2973 2906
f 2906 2973 2907
f 2973 2974 2907
f 2907 2974 2908
f 2974 2975 2908
f 2908 2975 2909
f 2975 2976 2909
f 2909 2976 2910
f 2976 2977 2910
f 2910 2977 2911
f 2977 2978 2911
f 2911 2978 2912
f 2978 2979 2912
f 2912 2979 2913
f 2979 2980 2913
f 2913 2980 2914
f 2980 2981 2914
f 2914 2981 2915
f 2981 2982 2915
f 2915 2982 2916
f 2982 2983 2916
f 2916 2983 2917
f 2983 2984 2917
f 2917 2984 2918
f 2984 2985 2918
f 2918 2985 2919
f 2985 2986 2919
f 2919 2986 2920
f 2986 2987 2920
f 2920 2987 2921
f 2987 2988 2921
f 2921 2988 2922
f 2988 2989 2922
f 2922 2989 2923
f 2989 2990 2923
f 2923 2990 2924
f 2990 2991 2924
f 2924 2991 2925
f 2991 2992 2925
f 2925 2992 2926
f 2993 2928 2927
f 2927 2928 2862
f 2992 2993 2926
f 2926 2993 2927
f 2995 2997 2994
f 2998 2995 2994
f 2994 2997 2996
f 2996 2998 2994
f 2995 3001 2997
f 2999 2995 2998
f 2999 3001 2995
f 2997 3001 2996
f 3000 2998 2996
f 2996 3001 3000
f 3000 2999 2998
f 3001 2999 3000
f 3003 3005 3002
f 3006 3003 3002
f 3002 3005 3004
f 3004 3006 3002
f 3003 3009 3005
f 3007 3003 3006
f 3007 3009 3003
f 3005 3009 3004
f 3008 3006 3004
f 3004 3009 3008
f 3008 3007 3006
f 3009 3007 3008
f 3011 3013 3010
f 3014 3011 3010
f 3010 3013 3012
f 3012 3014 3010
f 3011 3017 3013
f 3015 3011 3014
f 3015 3017 3011
f 3013 3017 3012
f 3016 3014 3012
f 3012 3017 3016
f 3016 3015 3014
f 3017 3015 3016
f 3019 3021 3018
f 3022 3019 3018
f 3018 3021 3020
f 3020 3022 3018
f 3019 3025 3021
f 3023 3019 3022
f 3023 3025 3019
f 3021 3025 3020
f 3024 3022 3020
f 3020 3025 3024
f 3024 3023 3022
f 3025 3023 3024
f 3027 3029 3026
f 3030 3027 3026
f 3026 3029 3028
f 3028 3030 3026
f 3027 3033 3029
f 3031 3027 3030
f 3031 3033 3027
f 3029 3033 3028
f 3032 3030 3028
f 3028 3033 3032
f 3032 3031 3030
f 3033 3031 3032
f 3035 3037 3034
f 3038 3035 3034
f 3034 3037 3036
f 3036 3038 3034
f 3035 3041 3037
f 3039 3035 3038
f 3039 3041 3035
f 3037 3041 3036
f 3040 3038 3036
f 3036 3041 3040
f 3040 3039 3038
f 3041 3039 3040
f 3043 3045 3042
f 3046 3043 3042
f 3042 3045 3044
f 3044 3046 3042
f 3043 3049 3045
f 3047 3043 3046
f 3047 3049 3043
f 3045 3049 3044
f 3048 3046 3044
f 3044 3049 3048
f 3048 3047 3046
f 3049 3047 3048
f 3051 3053 3050
f 3054 3051 3050
f 3050 3053 3052
f 3052 3054 3050
f 3051 3057 3053
f 3055 3051 3054
f 3055 3057 3051
f 3053 3057 3052
f 3056 3054 3052
f 3052 3057 3056
f 3056 3055 3054
f 3057 3055 3056
f 3059 3061 3058
f 3062 3059 3058
f 3058 3061 3060
f 3060 3062 3058
f 3059 3065 3061
f 3063 3059 3062
f 3063 3065 3059
f 3061 3065 3060
f 3064 3062 3060
f 3060 3065 3064
f 3064 3063 3062
f 3065 3063 3064
f 3067 3069 3066
f 3070 3067 3066
f 3066 3069 3068
f 3068 3070 3066
f 3067 3073 3069
f 3071 3067 3070
f 3071 3073 3067
f 3069 3073 3068
f 3072 3070 3068
f 3068 3073 3072
f 3072 3071 3070
f 3073 3071 3072
f 3075 3077 3074
f 3078 3075 3074
f 3074 3077 3076
f 3076 3078 3074
f 3075 3081 3077
f 3079 3075 3078
f 3079 3081 3075
f 3077 3081 3076
f 3080 3078 3076
f 3076 3081 3080
f 3080 3079 3078
f 3081 3079 3080
f 3083 3085 3082
f 3086 3083 3082
f 3082 3085 3084
f 3084 3086 3082
f 3083 3089 3085
f 3087 3083 3086
f 3087 3089 3083
f 3085 3089 3084
f 3088 3086 3084
f 3084 3089 3088
f 3088 3087 3086
f 3089 3087 3088
f 3090 3106 3107
f 3090 3107 3091
f 3106 3123 3107
f 3106 3122 3123
f 3122 3090 3091
f 3122 3091 3123
f 3091 3107 3108
f 3091 3108 3092
f 3107 3124 3108
f 3107 3123 3124
f 3123 3091 3092
f 3123 3092 3124
f 3092 3108 3109
f 3092 3109 3093
f 3108 3125 3109
f 3108 3124 3125
f 3124 3092 3093
f 3124 3093 3125
f 3093 3109 3110
f 3093 3110 3094
f 3109 3126 3110
f 3109 3125 3126
f 3125 3093 3094
f 3125 3094 3126
f 3094 3110 3111
f 3094 3111 3095
f 3110 3127 3111
f 3110 3126 3127
f 3126 3094 3095
f 3126 3095 3127
f 3095 3111 3112
f 3095 3112 3096
f 3111 3128 3112
f 3111 3127 3128
f 3127 3095 3096
f 3127 3096 3128
f 3096 3112 3113
f 3096 3113 3097
f 3112 3129 3113
f 3112 3128 3129
f 3128 3096 3097
f 3128 3097 3129
f 3097 3113 3114
f 3097 3114 3098
f 3113 3130 3114
f 3113 3129 3130
f 3129 3097 3098
f 3129 3098 3130
f 3098 3114 3115
f 3098 3115 3099
f 3114 3131 3115
f 3114 3130 3131
f 3130 3098 3099
f 3130 3099 3131
f 3099 3115 3116
f 3099 3116 3100
f 3115 3132 3116
f 3115 3131 3132
f 3131 3099 3100
f 3131 3100 3132
f 3100 3116 3117
f 3100 3117 3101
f 3116 3133 3117
f 3116 3132 3133
f 3132 3100 3101
f 3132 3101 3133
f 3101 3117 3118
f 3101 3118 3102
f 3117 3134 3118
f 3117 3133 3134
f 3133 3101 3102
f 3133 3102 3134
f 3102 3118 3119
f 3102 3119 3103
f 3118 3135 3119
f 3118 3134 3135
f 3134 3102 3103
f 3134 3103 3135
f 3103 3119 3120
f 3103 3120 3104
f 3119 3136 3120
f 3119 3135 3136
f 3135 3103 3104
f 3135 3104 3136
f 3104 3120 3121
f 3104 3121 3105
f 3120 3137 3121
f 3120 3136 3137
f 3136 3104 3105
f 3136 3105 3137
f 3090 3122 3106
f 3105 3121 3137
f 3138 3154 3155
f 3138 3155 3139
f 3154 3171 3155
f 3154 3170 3171
f 3170 3138 3139
f 3170 3139 3171
f 3139 3155 3156
f 3139 3156 3140
f 3155 3172 3156
f 3155 3171 3172
f 3171 3139 3140
f 3171 3140 3172
f 3140 3156 3157
f 3140 3157 3141
f 3156 3173 3157
f 3156 3172 3173
f 3172 3140 3141
f 3172 3141 3173
f 3141 3157 3158
f 3141 3158 3142
f 3157 3174 3158
f 3157 3173 3174
f 3173 3141 3142
f 3173 3142 3174
f 3142 3158 3159
f 3142 3159 3143
f 3158 3175 3159
f 3158 3174 3175
f 3174 3142 3143
f 3174 3143 3175
f 3143 3159 3160
f 3143 3160 3144
f 3159 3176 3160
f 3159 3175 3176
f 3175 3143 3144
f 3175 3144 3176
f 3144 3160 3161
f 3144 3161 3145
f 3160 3177 3161
f 3160 3176 3177
f 3176 3144 3145
f 3176 3145 3177
f 3145 3161 3162
f 3145 3162 3146
f 3161 3178 3162
f 3161 3177 3178
f 3177 3145 3146
f 3177 3146 3178
f 3146 3162 3163
f 3146 3163 3147
f 3162 3179 3163
f 3162 3178 3179
f 3178 3146 3147
f 3178 3147 3179
f 3147 3163 3164
f 3147 3164 3148
f 3163 3180 3164
f 3163 3179 3180
f 3179 3147 3148
f 3179 3148 3180
f 3148 3164 3165
f 3148 3165 3149
f 3164 3181 3165
f 3164 3180 3181
f 3180 3148 3149
f 3180 3149 3181
f 3149 3165 3166
f 3149 3166 3150
f 3165 3182 3166
f 3165 3181 3182
f 3181 3149 3150
f 3181 3150 3182
f 3150 3166 3167
f 3150 3167 3151
f 3166 3183 3167
f 3166 3182 3183
f 3182 3150 3151
f 3182 3151 3183
f 3151 3167 3168
f 3151 3168 3152
f 3167 3184 3168
f 3167 3183 3184
f 3183 3151 3152
f 3183 3152 3184
f 3152 3168 3169
f 3152 3169 3153
f 3168 3185 3169
f 3168 3184 3185
f 3184 3152 3153
f 3184 3153 3185
f 3138 3170 3154
f 3153 3169 3185
f 3186 3202 3203
f 3186 3203 3187
f 3202 3219 3203
f 3202 3218 3219
f 3218 3186 3187
f 3218 3187 3219
f 3187 3203 3204
f 3187 3204 3188
f 3203 3220 3204
f 3203 3219 3220
f 3219 3187 3188
f 3219 3188 3220
f 3188 3204 3205
f 3188 3205 3189
f 3204 3221 3205
f 3204 3220 3221
f 3220 3188 3189
f 3220 3189 3221
f 3189 3205 3206
f 3189 3206 3190
f 3205 3222 3206
f 3205 3221 3222
f 3221 3189 3190
f 3221 3190 3222
f 3190 3206 3207
f 3190 3207 3191
f 3206 3223 3207
f 3206 3222 3223
f 3222 3190 3191
f 3222 3191 3223
f 3191 3207 3208
f 3191 3208 3192
f 3207 3224 3208
f 3207 3223 3224
f 3223 3191 3192
f 3223 3192 3224
f 3192 3208 3209
f 3192 3209 3193
f 3208 3225 3209
f 3208 3224 3225
f 3224 3192 3193
f 3224 3193 3225
f 3193 3209 3210
f 3193 3210 3194
f 3209 3226 3210
f 3209 3225 3226
f 3225 3193 3194
f 3225 3194 3226
f 3194 3210 3211
f 3194 3211 3195
f 3210 3227 3211
f 3210 3226 3227
f 3226 3194 3195
f 3226 3195 3227
f 3195 3211 3212
f 3195 3212 3196
f 3211 3228 3212
f 3211 3227 3228
f 3227 3195 3196
f 3227 3196 3228
f 3196 3212 3213
f 3196 3213 3197
f 3212 3229 3213
f 3212 3228 3229
f 3228 3196 3197
f 3228 3197 3229
f 3197 3213 3214
f 3197 3214 3198
f 3213 3230 3214
f 3213 3229 3230
f 3229 3197 3198
f 3229 3198 3230
f 3198 3214 3215
f 3198 3215 3199
f 3214 3231 3215
f 3214 3230 3231
f 3230 3198 3199
f 3230 3199 3231
f 3199 3215 3216
f 3199 3216 3200
f 3215 3232 3216
f 3215 3231 3232
f 3231 3199 3200
f 3231 3200 3232
f 3200 3216 3217
f 3200 3217 3201
f 3216 3233 3217
f 3216 3232 3233
f 3232 3200 3201
f 3232 3201 3233
f 3186 3218 3202
f 3201 3217 3233
f 3234 3250 3251
f 3234 3251 3235
f 3250 3267 3251
f 3250 3266 3267
f 3266 3234 3235
f 3266 3235 3267
f 3235 3251 3252
f 3235 3252 3236
f 3251 3268 3252
f 3251 3267 3268
f 3267 3235 3236
f 3267 3236 3268
f 3236 3252 3253
f 3236 3253 3237
f 3252 3269 3253
f 3252 3268 3269
f 3268 3236 3237
f 3268 3237 3269
f 3237 3253 3254
f 3237 3254 3238
f 3253 3270 3254
f 3253 3269 3270
f 3269 3237 3238
f 3269 3238 3270
f 3238 3254 3255
f 3238 3255 3239
f 3254 3271 3255
f 3254 3270 3271
f 3270 3238 3239
f 3270 3239 3271
f 3239 3255 3256
f 3239 3256 3240
f 3255 3272 3256
f 3255 3271 3272
f 3271 3239 3240
f 3271 3240 3272
f 3240 3256 3257
f 3240 3257 3241
f 3256 3273 3257
f 3256 3272 3273
f 3272 3240 3241
f 3272 3241 3273
f 3241 3257 3258
f 3241 3258 3242
f 3257 3274 3258
f 3257 3273 3274
f 3273 3241 3242
f 3273 3242 3274
f 3242 3258 3259
f 3242 3259 3243
f 3258 3275 3259
f 3258 3274 3275
f 3274 3242 3243
f 3274 3243 3275
f 3243 3259 3260
f 3243 3260 3244
f 3259 3276 3260
f 3259 3275 3276
f 3275 3243 3244
f 3275 3244 3276
f 3244 3260 3261
f 3244 3261 3245
f 3260 3277 3261
f 3260 3276 3277
f 3276 3244 3245
f 3276 3245 3277
f 3245 3261 3262
f 3245 3262 3246
f 3261 3278 3262
f 3261 3277 3278
f 3277 3245 3246
f 3277 3246 3278
f 3246 3262 3263
f 3246 3263 3247
f 3262 3279 3263
f 3262 3278 3279
f 3278 3246 3247
f 3278 3247 3279
f 3247 3263 3264
f 3247 3264 3248
f 3263 3280 3264
f 3263 3279 3280
f 3279 3247 3248
f 3279 3248 3280
f 3248 3264 3265
f 3248 3265 3249
f 3264 3281 3265
f 3264 3280 3281
f 3280 3248 3249
f 3280 3249 3281
f 3234 3266 3250
f 3249 3265 3281

